student_id,week,days_present,days_absent,tardy_count,unexcused_absences,lms_logins,content_time_minutes,assignment_submissions,late_submissions,discussion_posts,quiz_score,cumulative_score_avg,score_trend_slope,score_variance,questions_asked,office_hours_attended,tutoring_sessions,help_seeking_delay_days,survey_sentiment,teacher_note_flag,confidence_rating,archetype,latent_engagement,is_disengaged
STU_0001,1,4,1,0,0,18,193.6,2,0,3,83.5,83.5,0.0,0.0,2,1,0,0.3,,0,,consistently_engaged,0.865,False
STU_0001,2,5,0,1,0,25,173.7,1,0,1,81.6,82.5,-1.88,0.88,0,1,0,0.1,1.0,0,4.0,consistently_engaged,0.836,False
STU_0001,3,5,0,0,0,26,193.7,2,1,4,79.2,81.4,-2.15,3.1,2,0,0,0.2,,0,,consistently_engaged,0.837,False
STU_0001,4,5,0,2,0,18,178.6,2,0,0,77.4,80.4,-2.11,2.98,3,0,0,1.9,0.57,0,5.0,consistently_engaged,0.79,False
STU_0001,5,5,0,1,0,21,166.8,2,0,1,74.6,79.2,-2.28,3.51,2,0,0,0.4,,0,,consistently_engaged,0.802,False
STU_0001,6,5,0,0,0,19,192.6,3,0,2,80.9,79.5,1.78,6.69,1,1,1,0.0,0.49,0,2.0,consistently_engaged,0.836,False
STU_0001,7,5,0,0,0,18,114.9,2,0,3,79.4,79.5,2.38,7.23,0,1,0,0.1,,0,,consistently_engaged,0.847,False
STU_0001,8,3,2,0,0,18,160.5,2,0,3,92.5,81.1,5.77,34.09,1,1,0,0.3,1.0,0,4.0,consistently_engaged,0.817,False
STU_0001,9,5,0,0,0,14,170.4,2,0,1,78.5,80.8,-0.42,40.7,4,1,0,0.4,,0,,consistently_engaged,0.804,False
STU_0001,10,3,2,1,1,13,124.4,2,2,1,84.5,81.2,-3.96,32.58,0,0,0,1.7,0.36,0,3.0,consistently_engaged,0.796,False
STU_0001,11,5,0,0,0,20,171.3,2,0,0,75.9,80.7,-1.31,13.07,2,1,0,2.0,,0,,consistently_engaged,0.819,False
STU_0001,12,4,1,0,0,14,182.0,1,0,4,85.7,81.1,0.56,19.02,3,1,0,0.3,0.61,0,5.0,consistently_engaged,0.797,False
STU_0001,13,4,1,0,1,20,159.7,2,0,2,86.2,81.5,5.17,22.51,5,1,1,3.1,,0,,consistently_engaged,0.802,False
STU_0001,14,5,0,0,0,17,147.9,2,0,1,78.9,81.3,-3.4,11.24,2,1,0,0.1,0.49,0,5.0,consistently_engaged,0.82,False
STU_0001,15,4,1,1,0,21,154.6,2,0,0,90.7,81.9,2.21,23.68,1,0,0,0.8,,0,,consistently_engaged,0.877,False
STU_0001,16,5,0,0,0,19,215.5,2,0,1,87.7,82.3,4.41,25.09,0,1,0,0.2,1.0,0,3.0,consistently_engaged,0.902,False
STU_0002,1,5,0,0,0,17,166.1,2,0,1,87.7,87.7,0.0,0.0,3,1,0,1.2,,0,,consistently_engaged,0.787,False
STU_0002,2,3,2,0,0,16,165.6,1,0,1,79.5,83.6,-8.22,16.88,2,1,0,2.9,0.86,0,5.0,consistently_engaged,0.804,False
STU_0002,3,4,1,2,0,15,193.6,2,1,3,80.8,82.7,-3.45,12.98,3,2,0,0.0,,0,,consistently_engaged,0.823,False
STU_0002,4,3,2,1,1,15,140.1,2,0,4,96.5,86.1,8.51,59.75,1,1,0,2.8,0.36,0,4.0,consistently_engaged,0.816,False
STU_0002,5,5,0,0,0,21,152.0,1,1,5,86.5,86.2,2.87,42.06,0,1,0,0.6,,0,,consistently_engaged,0.836,False
STU_0002,6,5,0,0,0,14,195.5,2,1,2,89.8,86.8,-3.36,17.19,1,2,0,2.5,0.75,0,4.0,consistently_engaged,0.836,False
STU_0002,7,5,0,0,0,18,220.0,2,1,3,81.5,86.0,-2.55,11.77,2,1,0,0.9,,0,,consistently_engaged,0.851,False
STU_0002,8,5,0,1,0,23,186.3,2,1,0,95.5,87.2,2.87,33.4,0,0,1,4.4,0.81,0,4.0,consistently_engaged,0.861,False
STU_0002,9,5,0,0,0,21,173.6,3,1,4,88.2,87.3,3.4,33.04,2,0,0,1.0,,0,,consistently_engaged,0.857,False
STU_0002,10,5,0,0,0,15,172.9,2,1,1,93.9,88.0,-0.8,9.77,3,0,0,0.4,0.11,0,5.0,consistently_engaged,0.867,False
STU_0002,11,5,0,1,0,20,191.8,3,0,3,88.5,88.0,0.11,6.92,3,0,0,0.1,,0,,consistently_engaged,0.858,False
STU_0002,12,5,0,1,0,19,137.3,2,0,1,87.5,88.0,-3.22,8.03,1,0,0,0.3,0.74,0,3.0,consistently_engaged,0.824,False
STU_0002,13,4,1,1,0,17,180.0,2,0,1,79.6,87.3,-4.45,15.88,2,1,0,0.1,,0,,consistently_engaged,0.805,False
STU_0002,14,5,0,0,0,18,200.0,2,0,1,69.7,86.1,-8.89,52.86,1,0,0,2.7,1.0,0,5.0,consistently_engaged,0.824,False
STU_0002,15,5,0,0,0,17,132.0,2,0,2,81.8,85.8,1.13,27.61,3,0,0,0.2,,0,,consistently_engaged,0.799,False
STU_0002,16,3,2,0,1,15,161.1,1,0,4,81.3,85.5,5.8,31.26,4,1,0,0.6,0.7,0,2.0,consistently_engaged,0.777,False
STU_0003,1,5,0,0,0,26,123.0,1,0,1,81.4,81.4,0.0,0.0,4,0,1,2.1,,1,,consistently_engaged,0.833,False
STU_0003,2,5,0,0,0,19,206.5,2,0,2,88.8,85.1,7.4,13.69,3,0,1,0.6,0.52,0,4.0,consistently_engaged,0.856,False
STU_0003,3,4,1,0,0,16,176.8,2,1,0,83.3,84.5,0.99,9.77,1,1,0,1.1,,0,,consistently_engaged,0.789,False
STU_0003,4,4,1,0,0,19,138.1,1,0,4,91.3,86.2,1.26,10.96,1,1,0,1.4,0.42,0,4.0,consistently_engaged,0.809,False
STU_0003,5,5,0,0,0,12,206.2,2,1,3,97.8,88.5,7.2,34.72,2,1,0,0.6,,0,,consistently_engaged,0.868,False
STU_0003,6,4,1,1,0,25,184.6,2,0,2,82.0,87.4,-4.64,41.81,3,1,0,0.3,0.16,0,4.0,consistently_engaged,0.884,False
STU_0003,7,5,0,0,0,21,124.4,2,0,3,82.9,86.8,-7.42,52.18,3,1,0,2.3,,0,,consistently_engaged,0.878,False
STU_0003,8,5,0,0,0,16,172.2,2,0,2,80.2,86.0,-0.87,1.21,3,0,0,0.5,0.83,0,5.0,consistently_engaged,0.872,False
STU_0003,9,5,0,0,0,17,187.7,2,0,0,94.4,86.9,5.76,37.84,4,0,1,0.0,,0,,consistently_engaged,0.909,False
STU_0003,10,5,0,0,0,13,214.6,3,0,1,95.6,87.8,7.66,48.51,2,1,0,0.3,0.2,0,5.0,consistently_engaged,0.878,False
STU_0003,11,5,0,0,0,24,186.9,2,0,3,77.8,86.9,-8.33,66.27,3,0,0,2.3,,0,,consistently_engaged,0.875,False
STU_0003,12,5,0,0,0,12,140.5,2,0,2,79.8,86.3,-7.86,63.2,2,1,0,0.8,0.95,0,5.0,consistently_engaged,0.891,False
STU_0003,13,4,1,0,0,20,132.8,1,0,3,88.9,86.5,5.55,23.21,3,1,1,1.2,,0,,consistently_engaged,0.88,False
STU_0003,14,5,0,0,0,17,184.4,2,0,6,77.9,85.9,-0.96,22.71,2,1,1,0.2,0.74,0,5.0,consistently_engaged,0.868,False
STU_0003,15,4,1,0,1,21,167.4,2,0,1,78.8,85.4,-5.01,24.51,1,1,0,1.3,,0,,consistently_engaged,0.871,False
STU_0003,16,5,0,0,0,21,134.5,3,0,1,88.6,85.6,5.34,23.35,5,1,0,2.1,1.0,0,3.0,consistently_engaged,0.885,False
STU_0004,1,5,0,0,0,15,104.9,2,0,2,74.0,74.0,0.0,0.0,4,0,1,0.4,,0,,consistently_engaged,0.771,False
STU_0004,2,5,0,0,0,22,143.9,2,0,0,80.2,77.1,6.25,9.77,5,1,0,0.2,0.35,0,5.0,consistently_engaged,0.81,False
STU_0004,3,5,0,0,0,21,155.8,3,1,3,85.6,79.9,5.81,22.55,2,1,0,0.1,,0,,consistently_engaged,0.882,False
STU_0004,4,4,1,0,0,18,198.6,2,0,3,89.0,82.2,4.36,12.92,7,1,0,2.1,0.71,0,5.0,consistently_engaged,0.865,False
STU_0004,5,4,1,1,0,19,169.8,2,0,3,85.9,82.9,0.14,2.31,4,2,0,3.0,,0,,consistently_engaged,0.844,False
STU_0004,6,4,1,0,0,16,194.0,1,2,1,76.2,81.8,-6.4,29.78,1,0,0,0.8,0.94,0,5.0,consistently_engaged,0.838,False
STU_0004,7,5,0,1,0,10,185.3,2,1,3,90.6,83.1,2.35,36.12,1,2,0,3.2,,0,,consistently_engaged,0.796,False
STU_0004,8,3,2,0,2,20,158.5,2,1,2,79.3,82.6,1.55,38.48,0,2,0,2.7,0.23,0,4.0,consistently_engaged,0.761,False
STU_0004,9,5,0,0,0,21,109.4,2,0,1,83.1,82.6,-3.76,22.17,0,0,0,1.6,,0,,consistently_engaged,0.745,False
STU_0004,10,4,1,0,0,18,147.2,3,0,3,79.0,82.3,-0.13,3.48,0,0,0,0.1,0.4,0,4.0,consistently_engaged,0.774,False
STU_0004,11,4,1,0,1,15,137.3,1,0,1,77.2,81.8,-2.95,6.09,1,1,0,3.6,,0,,consistently_engaged,0.748,False
STU_0004,12,4,1,0,1,19,180.6,2,0,2,80.3,81.7,0.65,1.64,0,0,0,3.8,0.13,0,4.0,consistently_engaged,0.735,False
STU_0004,13,4,1,1,0,22,120.2,2,0,0,82.8,81.8,2.81,5.29,1,1,0,2.5,,0,,consistently_engaged,0.74,False
STU_0004,14,2,3,0,2,11,104.4,2,0,3,89.5,82.3,4.62,15.26,2,1,0,2.7,0.62,0,3.0,consistently_engaged,0.709,False
STU_0004,15,2,3,0,2,13,100.7,3,0,2,76.7,82.0,-3.07,27.67,0,0,1,0.6,,0,,consistently_engaged,0.7,False
STU_0004,16,5,0,2,0,14,150.4,2,1,1,71.7,81.3,-8.92,56.48,1,0,0,2.4,0.29,0,5.0,consistently_engaged,0.74,False
STU_0005,1,4,1,0,0,18,173.5,2,1,1,88.0,88.0,0.0,0.0,1,0,1,3.4,,0,,consistently_engaged,0.903,False
STU_0005,2,4,1,0,1,21,103.8,2,0,1,96.5,92.2,8.44,17.8,3,1,0,2.0,0.44,0,5.0,consistently_engaged,0.914,False
STU_0005,3,4,1,0,0,21,178.9,2,0,3,81.4,88.6,-3.3,37.83,1,1,1,0.0,,1,,consistently_engaged,0.883,False
STU_0005,4,5,0,0,0,23,190.2,3,0,5,89.9,89.0,-3.28,37.85,1,0,0,0.5,0.81,0,4.0,consistently_engaged,0.93,False
STU_0005,5,5,0,0,0,20,168.1,2,0,3,90.6,89.3,4.6,17.45,2,1,0,0.9,,0,,consistently_engaged,0.973,False
STU_0005,6,5,0,0,0,18,194.4,3,0,2,82.8,88.2,-3.55,12.49,1,1,0,0.4,0.91,0,5.0,consistently_engaged,0.966,False
STU_0005,7,5,0,0,0,16,200.6,2,0,1,100.0,89.9,4.68,49.43,1,1,1,0.9,,0,,consistently_engaged,0.98,False
STU_0005,8,4,1,0,0,15,229.1,2,0,1,89.0,89.8,3.08,50.62,3,1,0,0.9,1.0,0,5.0,consistently_engaged,0.971,False
STU_0005,9,5,0,0,0,22,221.5,2,0,4,86.8,89.4,-6.62,33.53,4,0,1,0.9,,0,,consistently_engaged,0.943,False
STU_0005,10,5,0,0,0,17,161.4,2,0,0,89.2,89.4,0.14,1.23,4,1,0,0.4,0.9,0,5.0,consistently_engaged,0.98,False
STU_0005,11,5,0,0,0,16,202.5,2,0,3,90.6,89.5,1.92,2.52,3,1,0,1.0,,0,,consistently_engaged,0.98,False
STU_0005,12,5,0,0,0,21,202.9,1,0,1,79.9,88.7,-4.69,22.8,3,2,0,4.8,1.0,0,5.0,consistently_engaged,0.931,False
STU_0005,13,5,0,0,0,20,195.6,2,0,1,85.2,88.5,-2.67,19.21,3,2,1,0.7,,0,,consistently_engaged,0.941,False
STU_0005,14,5,0,0,0,16,178.5,2,0,0,96.6,89.0,8.37,48.71,2,1,0,1.0,0.9,0,5.0,consistently_engaged,0.976,False
STU_0005,15,5,0,0,0,16,177.4,3,0,3,88.7,89.0,1.71,22.63,1,0,0,5.7,,0,,consistently_engaged,0.931,False
STU_0005,16,5,0,0,0,11,198.3,1,0,1,82.3,88.6,-7.13,34.08,3,1,0,0.0,0.23,0,5.0,consistently_engaged,0.906,False
STU_0006,1,5,0,0,0,17,129.2,2,0,1,81.3,81.3,0.0,0.0,1,0,0,1.0,,0,,consistently_engaged,0.775,False
STU_0006,2,4,1,1,1,9,133.7,2,0,2,86.4,83.9,5.07,6.44,5,1,0,1.3,0.71,0,4.0,consistently_engaged,0.753,False
STU_0006,3,5,0,1,0,16,116.5,2,1,1,74.2,80.7,-3.56,25.0,0,1,0,0.5,,0,,consistently_engaged,0.751,False
STU_0006,4,4,1,0,0,14,162.7,2,0,1,76.6,79.6,-4.91,27.85,4,1,0,2.5,0.2,0,4.0,consistently_engaged,0.786,False
STU_0006,5,5,0,0,0,10,139.1,2,1,5,78.5,79.4,2.12,3.01,5,0,0,7.1,,0,,consistently_engaged,0.758,False
STU_0006,6,4,1,0,0,14,166.2,2,0,2,85.8,80.5,4.6,15.77,4,0,0,0.4,0.44,0,3.0,consistently_engaged,0.774,False
STU_0006,7,4,1,0,0,12,185.6,2,0,1,78.5,80.2,0.01,11.89,3,0,0,0.5,,0,,consistently_engaged,0.786,False
STU_0006,8,4,1,0,0,16,206.6,1,0,2,80.9,80.3,-2.42,9.21,3,1,0,0.9,1.0,0,5.0,consistently_engaged,0.841,False
STU_0006,9,5,0,0,0,16,196.2,2,0,2,83.0,80.6,2.25,3.37,2,0,0,1.3,,1,,consistently_engaged,0.865,False
STU_0006,10,5,0,0,0,19,163.5,2,0,2,81.4,80.7,0.24,0.76,2,0,1,0.3,0.07,0,5.0,consistently_engaged,0.87,False
STU_0006,11,4,1,1,0,13,161.9,2,0,0,94.6,81.9,5.82,34.69,3,1,0,1.0,,0,,consistently_engaged,0.855,False
STU_0006,12,3,2,0,0,21,146.0,2,1,2,82.3,82.0,0.43,36.35,1,1,0,0.1,-0.14,0,5.0,consistently_engaged,0.877,False
STU_0006,13,5,0,1,0,18,132.3,2,1,2,84.8,82.2,-4.89,28.27,3,0,0,0.3,,0,,consistently_engaged,0.883,False
STU_0006,14,5,0,0,0,21,164.7,2,0,0,89.2,82.7,3.45,8.1,2,2,1,1.1,-0.06,0,4.0,consistently_engaged,0.888,False
STU_0006,15,5,0,1,0,18,152.2,2,0,2,82.1,82.6,-1.38,8.55,4,2,1,0.0,,0,,consistently_engaged,0.865,False
STU_0006,16,5,0,0,0,18,198.4,2,0,2,91.5,83.2,1.14,15.94,3,1,0,2.5,0.3,0,5.0,consistently_engaged,0.89,False
STU_0007,1,4,1,1,0,16,154.1,3,0,1,82.0,82.0,0.0,0.0,6,1,0,2.1,,0,,consistently_engaged,0.856,False
STU_0007,2,5,0,0,0,23,173.6,3,0,3,97.6,89.8,15.61,60.91,3,0,0,1.8,0.84,0,4.0,consistently_engaged,0.862,False
STU_0007,3,4,1,0,0,16,142.4,2,0,3,88.2,89.3,3.12,41.15,1,1,0,1.2,,0,,consistently_engaged,0.846,False
STU_0007,4,5,0,1,0,16,184.8,2,0,2,88.8,89.2,-4.37,18.29,4,2,0,0.9,0.76,0,4.0,consistently_engaged,0.846,False
STU_0007,5,4,1,0,0,15,158.4,2,1,5,89.3,89.2,0.57,0.22,2,1,0,0.1,,0,,consistently_engaged,0.817,False
STU_0007,6,5,0,0,0,12,177.9,2,0,0,88.9,89.1,0.01,0.05,2,0,1,0.0,1.0,0,4.0,consistently_engaged,0.803,False
STU_0007,7,4,1,0,0,20,176.9,3,0,2,94.2,89.9,2.45,5.9,4,1,0,0.3,,0,,consistently_engaged,0.84,False
STU_0007,8,5,0,0,0,18,166.4,2,0,2,80.3,88.7,-4.26,32.77,1,0,0,4.2,0.22,0,4.0,consistently_engaged,0.83,False
STU_0007,9,4,1,0,0,16,153.2,1,0,0,79.3,87.6,-7.48,46.48,3,2,0,0.1,,0,,consistently_engaged,0.769,False
STU_0007,10,5,0,0,0,16,177.0,2,1,1,69.2,85.8,-5.57,25.18,3,1,1,3.0,-0.02,0,4.0,consistently_engaged,0.75,False
STU_0007,11,5,0,0,0,13,140.2,2,1,0,82.3,85.5,1.5,31.3,3,0,0,4.5,,0,,consistently_engaged,0.737,False
STU_0007,12,3,2,0,0,12,150.7,1,0,1,76.0,84.7,3.38,28.54,0,1,0,2.4,0.51,0,5.0,consistently_engaged,0.738,False
STU_0007,13,5,0,1,0,19,134.2,2,1,3,69.3,83.5,-6.47,27.92,3,0,0,0.3,,0,,consistently_engaged,0.756,False
STU_0007,14,5,0,0,0,21,192.2,2,0,1,88.5,83.9,6.29,63.37,1,2,0,1.7,1.0,0,4.0,consistently_engaged,0.796,False
STU_0007,15,4,1,2,0,13,143.2,1,1,2,80.3,83.6,5.47,61.8,4,2,0,0.8,,0,,consistently_engaged,0.764,False
STU_0007,16,4,1,0,0,21,160.3,2,0,1,73.9,83.0,-7.29,35.68,3,0,0,1.5,0.23,1,2.0,consistently_engaged,0.775,False
STU_0008,1,5,0,0,0,20,154.0,2,0,4,85.2,85.2,0.0,0.0,1,1,0,1.7,,0,,consistently_engaged,0.848,False
STU_0008,2,3,2,0,2,14,120.8,2,0,3,93.2,89.2,7.99,15.96,6,2,0,0.1,0.63,0,5.0,consistently_engaged,0.844,False
STU_0008,3,5,0,0,0,20,164.0,2,0,1,83.1,87.2,-1.07,19.0,1,1,0,0.3,,0,,consistently_engaged,0.84,False
STU_0008,4,5,0,0,0,19,182.0,1,0,5,91.5,88.3,-0.88,19.53,1,0,0,0.1,0.4,0,4.0,consistently_engaged,0.87,False
STU_0008,5,5,0,0,0,19,185.6,1,0,2,92.8,89.2,4.85,18.43,3,2,0,0.6,,0,,consistently_engaged,0.869,False
STU_0008,6,5,0,0,0,18,93.9,2,0,0,88.4,89.0,-1.56,3.46,3,1,0,0.7,0.88,0,4.0,consistently_engaged,0.871,False
STU_0008,7,5,0,0,0,17,139.8,1,0,0,90.6,89.3,-1.09,3.28,2,1,0,0.4,,0,,consistently_engaged,0.815,False
STU_0008,8,5,0,0,0,16,183.2,3,0,3,78.8,88.0,-4.76,26.09,2,1,0,0.0,0.81,0,4.0,consistently_engaged,0.797,False
STU_0008,9,5,0,0,0,17,147.4,2,1,2,84.0,87.5,-3.32,23.28,2,1,0,2.4,,0,,consistently_engaged,0.802,False
STU_0008,10,5,0,1,0,14,186.0,2,0,3,94.0,88.2,7.59,39.73,2,1,0,0.6,-0.01,0,4.0,consistently_engaged,0.823,False
STU_0008,11,5,0,0,0,14,158.9,2,1,3,84.2,87.8,0.09,21.99,2,0,1,2.1,,0,,consistently_engaged,0.818,False
STU_0008,12,5,0,0,0,15,169.9,2,0,4,86.2,87.7,-3.89,17.99,1,0,0,0.7,0.57,0,5.0,consistently_engaged,0.849,False
STU_0008,13,5,0,0,0,18,159.0,2,0,1,85.0,87.5,0.42,0.73,4,0,1,0.3,,0,,consistently_engaged,0.865,False
STU_0008,14,5,0,0,0,20,149.0,1,1,2,100.0,88.4,6.88,46.16,0,0,1,0.6,-0.04,0,5.0,consistently_engaged,0.874,False
STU_0008,15,5,0,0,0,14,158.0,3,0,5,90.5,88.5,2.78,38.3,2,1,1,0.2,,0,,consistently_engaged,0.867,False
STU_0008,16,3,2,0,0,19,213.8,2,0,1,85.9,88.3,-7.06,34.48,3,0,0,2.6,0.95,0,4.0,consistently_engaged,0.867,False
STU_0009,1,4,1,0,0,18,157.0,2,0,2,83.3,83.3,0.0,0.0,5,1,0,0.8,,0,,consistently_engaged,0.87,False
STU_0009,2,5,0,0,0,14,176.2,1,0,2,90.2,86.7,6.85,11.73,3,0,0,2.2,0.94,0,5.0,consistently_engaged,0.909,False
STU_0009,3,5,0,0,0,16,147.3,3,0,0,73.0,82.1,-5.16,49.78,5,0,1,0.8,,0,,consistently_engaged,0.894,False
STU_0009,4,5,0,0,0,20,109.6,1,1,1,92.9,84.8,1.38,77.72,3,0,0,1.7,0.38,0,4.0,consistently_engaged,0.897,False
STU_0009,5,4,1,1,1,22,124.7,2,0,2,89.2,85.7,8.09,74.77,1,0,0,0.4,,0,,consistently_engaged,0.861,False
STU_0009,6,4,1,0,0,11,178.3,3,0,6,94.2,87.1,0.63,4.53,1,0,1,1.9,0.51,0,5.0,consistently_engaged,0.902,False
STU_0009,7,4,1,0,0,20,165.1,2,0,0,81.6,86.3,-3.8,26.87,4,1,0,2.0,,0,,consistently_engaged,0.928,False
STU_0009,8,4,1,0,0,17,154.6,2,0,3,97.1,87.7,1.45,45.3,1,1,0,0.8,0.95,0,4.0,consistently_engaged,0.913,False
STU_0009,9,5,0,0,0,16,166.5,2,0,2,86.7,87.6,2.56,41.59,4,0,1,0.1,,0,,consistently_engaged,0.877,False
STU_0009,10,5,0,0,0,18,148.5,2,1,3,79.9,86.8,-8.58,49.81,1,1,0,0.3,0.17,0,5.0,consistently_engaged,0.859,False
STU_0009,11,5,0,0,0,16,160.9,2,0,2,93.8,87.4,3.55,32.14,2,1,1,2.9,,0,,consistently_engaged,0.861,False
STU_0009,12,5,0,1,0,17,179.4,2,0,2,79.3,86.7,-0.32,44.94,4,1,1,0.1,0.9,0,4.0,consistently_engaged,0.891,False
STU_0009,13,4,1,1,0,17,131.2,2,0,3,85.0,86.6,-4.4,35.73,3,0,0,0.3,,0,,consistently_engaged,0.883,False
STU_0009,14,5,0,0,0,23,197.3,1,1,4,96.9,87.3,8.81,53.89,2,0,1,0.9,1.0,0,3.0,consistently_engaged,0.89,False
STU_0009,15,4,1,0,1,24,154.6,2,0,4,85.5,87.2,0.24,30.2,1,0,0,0.1,,0,,consistently_engaged,0.896,False
STU_0009,16,4,1,0,1,24,151.7,2,0,1,93.4,87.6,-1.72,22.82,3,0,0,0.3,0.43,0,5.0,consistently_engaged,0.92,False
STU_0010,1,4,1,0,1,17,175.5,2,0,2,92.7,92.7,0.0,0.0,3,1,0,1.8,,0,,consistently_engaged,0.929,False
STU_0010,2,5,0,0,0,23,190.0,2,0,1,84.3,88.5,-8.42,17.71,3,0,0,0.2,0.76,0,5.0,consistently_engaged,0.913,False
STU_0010,3,5,0,0,0,17,170.9,2,0,4,85.7,87.5,-3.52,13.59,3,1,0,2.0,,0,,consistently_engaged,0.903,False
STU_0010,4,5,0,0,0,18,180.1,2,0,2,82.4,86.3,-0.94,1.79,1,1,0,0.6,1.0,0,5.0,consistently_engaged,0.87,False
STU_0010,5,4,1,0,1,23,118.3,2,0,3,86.5,86.3,0.45,3.2,0,0,1,2.3,,0,,consistently_engaged,0.878,False
STU_0010,6,3,2,0,1,11,169.4,2,0,3,85.1,86.1,1.37,2.98,2,0,0,1.3,1.0,0,5.0,consistently_engaged,0.902,False
STU_0010,7,5,0,0,0,15,183.7,1,0,5,99.2,88.0,6.33,40.04,3,0,1,1.4,,0,,consistently_engaged,0.919,False
STU_0010,8,5,0,1,0,23,153.2,2,0,1,93.3,88.6,4.08,33.29,1,0,0,2.4,0.36,0,5.0,consistently_engaged,0.932,False
STU_0010,9,4,1,0,1,23,197.2,2,1,1,82.4,88.0,-8.39,48.28,2,1,0,1.1,,0,,consistently_engaged,0.9,False
STU_0010,10,5,0,0,0,21,151.9,1,0,0,78.4,87.0,-7.46,39.63,3,1,0,2.3,0.69,0,5.0,consistently_engaged,0.919,False
STU_0010,11,5,0,0,0,20,193.2,3,1,0,92.8,87.5,5.17,36.75,1,0,0,1.5,,0,,consistently_engaged,0.902,False
STU_0010,12,5,0,0,0,15,212.4,1,0,5,94.7,88.1,8.15,52.94,4,0,0,2.6,0.73,0,5.0,consistently_engaged,0.931,False
STU_0010,13,5,0,0,0,21,211.1,2,1,4,98.8,88.9,3.01,6.33,2,0,0,0.6,,0,,consistently_engaged,0.946,False
STU_0010,14,5,0,0,0,20,200.2,2,1,2,93.9,89.3,-0.4,4.65,3,1,0,0.1,0.87,0,4.0,consistently_engaged,0.931,False
STU_0010,15,4,1,0,0,20,198.6,2,0,1,87.5,89.2,-5.66,21.45,5,0,0,3.7,,0,,consistently_engaged,0.955,False
STU_0010,16,5,0,0,0,16,137.8,1,0,4,90.2,89.2,-1.82,6.85,2,0,0,0.1,0.64,0,4.0,consistently_engaged,0.944,False
STU_0011,1,5,0,1,0,17,144.1,2,0,1,86.8,86.8,0.0,0.0,1,0,0,0.1,,0,,consistently_engaged,0.846,False
STU_0011,2,5,0,0,0,15,120.2,2,0,4,88.9,87.9,2.08,1.09,1,1,0,0.7,0.99,0,4.0,consistently_engaged,0.927,False
STU_0011,3,5,0,0,0,17,191.2,2,1,4,79.6,85.1,-3.59,15.77,2,0,0,0.2,,0,,consistently_engaged,0.954,False
STU_0011,4,5,0,0,0,19,197.1,1,0,2,100.0,88.9,5.54,69.21,3,0,1,0.3,0.98,0,5.0,consistently_engaged,0.975,False
STU_0011,5,5,0,0,0,17,180.2,2,0,0,88.2,88.7,4.25,69.65,3,1,0,0.7,,0,,consistently_engaged,0.98,False
STU_0011,6,5,0,2,0,22,173.4,2,0,1,100.0,90.6,-0.0,31.18,3,0,0,0.6,1.0,0,5.0,consistently_engaged,0.953,False
STU_0011,7,5,0,0,0,17,191.3,2,0,1,89.7,90.5,0.77,27.66,2,0,0,0.8,,0,,consistently_engaged,0.957,False
STU_0011,8,5,0,0,0,20,219.2,2,0,1,94.4,90.9,-2.82,17.77,4,2,1,2.2,1.0,0,4.0,consistently_engaged,0.98,False
STU_0011,9,4,1,0,1,22,223.6,3,0,1,84.0,90.2,-2.86,18.05,3,1,1,0.1,,0,,consistently_engaged,0.98,False
STU_0011,10,5,0,0,0,19,196.0,2,0,6,87.0,89.9,-3.67,19.01,5,0,0,0.2,1.0,0,4.0,consistently_engaged,0.962,False
STU_0011,11,5,0,0,0,18,127.7,2,0,1,89.7,89.8,2.87,5.52,6,1,1,0.5,,0,,consistently_engaged,0.9,False
STU_0011,12,5,0,1,0,18,145.9,2,0,2,96.1,90.4,4.55,14.56,0,1,0,0.1,1.0,0,5.0,consistently_engaged,0.867,False
STU_0011,13,3,2,0,2,11,141.1,1,0,2,76.2,89.3,-6.74,68.68,4,0,0,2.0,,0,,consistently_engaged,0.829,False
STU_0011,14,5,0,0,0,21,164.3,2,0,3,88.4,89.2,-3.84,67.02,0,2,0,0.8,0.59,0,4.0,consistently_engaged,0.849,False
STU_0011,15,5,0,0,0,22,175.9,1,0,0,88.7,89.2,6.24,33.85,1,0,0,0.6,,0,,consistently_engaged,0.834,False
STU_0011,16,4,1,0,0,16,157.1,2,0,2,78.2,88.5,-5.14,24.08,2,0,0,2.4,0.53,0,3.0,consistently_engaged,0.84,False
STU_0012,1,4,1,1,1,17,137.9,2,0,4,97.6,97.6,0.0,0.0,4,2,0,1.9,,0,,consistently_engaged,0.873,False
STU_0012,2,4,1,0,0,17,197.8,2,0,4,79.6,88.6,-17.95,80.54,1,1,0,1.5,0.9,0,4.0,consistently_engaged,0.813,False
STU_0012,3,5,0,0,0,11,200.0,3,0,1,81.9,86.4,-7.86,63.83,0,1,0,0.2,,0,,consistently_engaged,0.829,False
STU_0012,4,3,2,0,0,16,167.2,2,0,1,82.5,85.4,1.45,1.54,2,1,0,4.0,0.05,0,5.0,consistently_engaged,0.844,False
STU_0012,5,5,0,0,0,17,197.7,2,0,3,84.9,85.3,1.53,1.72,3,0,1,0.1,,0,,consistently_engaged,0.859,False
STU_0012,6,5,0,0,0,15,191.3,2,0,1,84.9,85.2,1.18,1.25,2,0,0,0.7,0.39,0,5.0,consistently_engaged,0.8,False
STU_0012,7,4,1,0,0,16,124.3,2,1,2,81.1,84.6,-1.9,3.21,3,0,1,0.2,,1,,consistently_engaged,0.819,False
STU_0012,8,4,1,0,0,23,132.7,2,0,2,96.4,86.1,5.76,42.37,5,1,0,2.4,0.87,0,4.0,consistently_engaged,0.847,False
STU_0012,9,5,0,0,0,19,210.4,2,0,2,93.0,86.9,5.92,42.96,2,1,0,0.1,,0,,consistently_engaged,0.874,False
STU_0012,10,5,0,0,0,19,194.3,2,0,0,89.1,87.1,-3.67,9.0,0,0,0,1.0,1.0,0,3.0,consistently_engaged,0.905,False
STU_0012,11,4,1,0,1,15,219.8,2,0,0,100.0,88.3,3.52,20.46,3,0,0,0.3,,0,,consistently_engaged,0.933,False
STU_0012,12,4,1,0,1,20,178.6,1,0,2,93.3,88.7,2.12,20.24,1,1,0,1.1,0.18,0,5.0,consistently_engaged,0.947,False
STU_0012,13,5,0,0,0,21,172.3,1,0,1,93.6,89.1,-3.21,9.57,0,1,1,3.2,,0,,consistently_engaged,0.949,False
STU_0012,14,5,0,0,0,18,142.1,1,0,0,86.5,88.9,-3.4,10.72,2,1,1,5.4,1.0,0,5.0,consistently_engaged,0.918,False
STU_0012,15,5,0,0,0,13,180.9,1,0,6,82.8,88.5,-5.41,20.1,1,0,0,1.0,,0,,consistently_engaged,0.89,False
STU_0012,16,3,2,0,1,17,198.7,1,0,0,100.0,89.2,6.75,54.78,2,1,1,0.0,1.0,0,5.0,consistently_engaged,0.879,False
STU_0013,1,4,1,1,0,15,198.3,2,0,2,89.5,89.5,0.0,0.0,0,0,0,1.6,,0,,consistently_engaged,0.838,False
STU_0013,2,5,0,0,0,16,202.8,2,1,0,87.5,88.5,-2.07,1.07,1,0,0,0.2,0.7,0,3.0,consistently_engaged,0.832,False
STU_0013,3,5,0,1,0,22,132.0,2,0,0,86.1,87.7,-1.71,1.97,1,1,0,0.7,,0,,consistently_engaged,0.812,False
STU_0013,4,5,0,0,0,14,177.8,1,0,3,85.2,87.1,-1.15,0.88,0,1,1,0.6,1.0,0,4.0,consistently_engaged,0.818,False
STU_0013,5,5,0,0,0,20,166.9,1,0,3,86.7,87.0,0.3,0.41,0,0,0,1.2,,0,,consistently_engaged,0.806,False
STU_0013,6,4,1,0,1,15,176.5,1,0,2,87.1,87.0,0.95,0.69,1,0,0,2.6,0.69,0,4.0,consistently_engaged,0.784,False
STU_0013,7,4,1,0,1,21,176.1,2,0,3,91.0,87.6,2.15,3.8,1,1,1,0.9,,0,,consistently_engaged,0.824,False
STU_0013,8,5,0,0,0,17,160.9,2,0,0,89.7,87.9,1.3,2.69,3,1,0,0.1,-0.23,0,5.0,consistently_engaged,0.883,False
STU_0013,9,5,0,1,0,19,146.7,2,0,3,90.7,88.2,-0.14,0.33,1,0,0,4.6,,0,,consistently_engaged,0.938,False
STU_0013,10,4,1,0,0,16,181.6,1,0,3,91.5,88.5,0.93,0.57,2,0,0,0.2,1.0,0,5.0,consistently_engaged,0.931,False
STU_0013,11,5,0,1,0,16,150.6,2,1,3,94.4,89.1,1.85,2.53,2,1,0,0.9,,0,,consistently_engaged,0.959,False
STU_0013,12,4,1,0,0,16,192.8,2,0,3,86.3,88.8,-2.63,11.43,1,2,1,2.4,1.0,0,5.0,consistently_engaged,0.951,False
STU_0013,13,5,0,0,0,15,182.4,2,0,2,89.4,88.9,-2.54,11.34,3,1,1,1.3,,0,,consistently_engaged,0.911,False
STU_0013,14,5,0,0,0,24,137.7,2,0,0,78.2,88.1,-4.06,22.38,1,1,1,0.2,0.81,0,4.0,consistently_engaged,0.903,False
STU_0013,15,5,0,0,0,18,175.0,1,0,5,89.8,88.2,0.21,29.05,1,0,0,0.4,,0,,consistently_engaged,0.899,False
STU_0013,16,5,0,0,0,19,145.0,2,0,2,98.3,88.8,10.07,68.1,2,0,1,0.6,1.0,0,5.0,consistently_engaged,0.921,False
STU_0014,1,4,1,0,0,20,159.0,2,0,3,88.7,88.7,0.0,0.0,3,0,1,1.1,,0,,consistently_engaged,0.849,False
STU_0014,2,4,1,0,1,16,146.1,2,0,2,86.1,87.4,-2.6,1.69,2,1,0,0.5,0.41,0,4.0,consistently_engaged,0.88,False
STU_0014,3,4,1,1,1,20,131.7,1,0,0,80.3,85.0,-4.18,12.18,1,1,1,0.4,,0,,consistently_engaged,0.871,False
STU_0014,4,5,0,0,0,20,142.8,2,0,1,95.3,87.6,4.62,38.14,3,2,0,1.1,1.0,0,5.0,consistently_engaged,0.882,False
STU_0014,5,5,0,0,0,17,146.2,3,0,0,94.2,88.9,6.95,46.6,4,1,0,0.2,,0,,consistently_engaged,0.905,False
STU_0014,6,5,0,0,0,20,171.5,2,0,4,95.5,90.0,0.1,0.32,2,2,0,1.0,0.49,0,4.0,consistently_engaged,0.977,False
STU_0014,7,5,0,0,0,17,197.4,2,0,2,94.0,90.6,-0.1,0.42,3,2,0,0.1,,0,,consistently_engaged,0.98,False
STU_0014,8,5,0,0,0,24,190.7,2,0,3,97.0,91.4,0.76,1.5,4,0,0,0.5,0.71,0,5.0,consistently_engaged,0.927,False
STU_0014,9,4,1,0,0,18,124.0,2,0,1,91.7,91.4,-1.16,4.72,0,2,0,0.1,,0,,consistently_engaged,0.928,False
STU_0014,10,4,1,0,0,17,179.9,3,0,0,100.0,92.3,1.48,11.72,6,1,1,1.9,0.96,0,4.0,consistently_engaged,0.92,False
STU_0014,11,5,0,0,0,17,153.3,2,0,2,86.5,91.8,-2.62,31.0,4,0,0,3.1,,0,,consistently_engaged,0.937,False
STU_0014,12,5,0,0,0,15,182.0,1,0,3,83.7,91.1,-8.13,50.54,0,2,0,2.0,0.96,0,5.0,consistently_engaged,0.901,False
STU_0014,13,4,1,0,1,19,177.2,2,0,2,93.0,91.2,3.26,15.08,2,0,0,1.6,,0,,consistently_engaged,0.945,False
STU_0014,14,5,0,0,0,20,163.1,2,2,0,89.1,91.1,2.67,14.4,1,2,0,1.4,1.0,0,4.0,consistently_engaged,0.911,False
STU_0014,15,5,0,1,0,19,176.6,2,0,1,92.5,91.2,-0.24,3.04,2,1,1,0.5,,0,,consistently_engaged,0.872,False
STU_0014,16,5,0,0,0,15,141.8,2,0,2,94.6,91.4,2.76,5.19,0,2,0,1.2,0.62,0,4.0,consistently_engaged,0.853,False
STU_0015,1,5,0,0,0,16,150.3,1,0,3,84.0,84.0,0.0,0.0,3,0,1,0.6,,0,,consistently_engaged,0.786,False
STU_0015,2,4,1,0,1,19,201.9,3,0,1,89.8,86.9,5.72,8.17,4,1,0,2.7,0.28,0,5.0,consistently_engaged,0.838,False
STU_0015,3,5,0,0,0,21,152.3,3,0,4,96.1,90.0,6.01,24.09,3,0,1,0.8,,0,,consistently_engaged,0.851,False
STU_0015,4,5,0,1,0,14,96.9,3,0,2,82.8,88.2,-3.49,29.46,0,0,1,0.3,0.58,0,5.0,consistently_engaged,0.823,False
STU_0015,5,5,0,0,0,20,183.1,3,0,2,91.3,88.8,-2.38,30.23,2,1,0,2.3,,0,,consistently_engaged,0.838,False
STU_0015,6,4,1,1,0,13,155.2,2,0,1,88.1,88.7,2.66,12.4,6,0,0,1.6,0.02,0,4.0,consistently_engaged,0.822,False
STU_0015,7,4,1,0,0,21,120.9,3,0,3,89.8,88.8,-0.74,1.73,3,1,0,2.3,,0,,consistently_engaged,0.802,False
STU_0015,8,5,0,0,0,12,154.2,2,0,4,85.8,88.5,-1.14,2.71,2,1,0,0.7,0.41,0,5.0,consistently_engaged,0.85,False
STU_0015,9,5,0,0,0,15,152.5,2,0,0,80.8,87.6,-4.54,13.77,0,0,1,0.1,,0,,consistently_engaged,0.861,False
STU_0015,10,5,0,1,0,16,166.4,2,0,2,85.3,87.4,-0.24,5.19,0,1,1,3.5,0.44,0,5.0,consistently_engaged,0.867,False
STU_0015,11,5,0,0,0,23,170.6,2,0,1,94.0,88.0,6.63,30.22,2,0,1,0.8,,0,,consistently_engaged,0.896,False
STU_0015,12,5,0,0,0,22,132.1,1,0,2,97.4,88.8,6.01,25.65,5,0,0,2.4,0.95,0,5.0,consistently_engaged,0.893,False
STU_0015,13,5,0,0,0,20,144.8,1,0,1,88.7,88.8,-2.64,12.57,3,0,0,1.7,,0,,consistently_engaged,0.925,False
STU_0015,14,5,0,0,0,22,165.9,1,1,4,97.0,89.4,-0.17,15.86,4,0,0,0.3,0.49,1,5.0,consistently_engaged,0.91,False
STU_0015,15,5,0,0,0,18,185.2,3,0,3,100.0,90.1,5.63,22.69,1,0,0,0.2,,0,,consistently_engaged,0.934,False
STU_0015,16,5,0,0,0,23,201.9,2,0,2,96.5,90.5,-0.25,2.36,0,0,1,0.5,1.0,0,5.0,consistently_engaged,0.918,False
STU_0016,1,4,1,0,0,19,182.2,2,0,2,87.8,87.8,0.0,0.0,3,1,0,0.1,,1,,consistently_engaged,0.89,False
STU_0016,2,5,0,1,0,17,155.8,2,0,1,83.5,85.7,-4.38,4.8,1,2,0,5.2,0.32,0,5.0,consistently_engaged,0.832,False
STU_0016,3,3,2,0,0,17,147.7,2,0,0,94.2,88.5,3.15,19.25,1,1,0,0.6,,0,,consistently_engaged,0.888,False
STU_0016,4,5,0,0,0,19,196.0,3,0,5,87.3,88.2,1.93,19.53,2,0,0,0.5,0.5,0,5.0,consistently_engaged,0.898,False
STU_0016,5,5,0,0,0,10,171.6,2,1,2,92.2,89.0,-0.98,8.23,2,0,0,0.6,,0,,consistently_engaged,0.91,False
STU_0016,6,5,0,0,0,13,239.5,2,0,4,89.8,89.1,1.22,3.94,2,0,0,1.5,1.0,0,5.0,consistently_engaged,0.917,False
STU_0016,7,5,0,0,0,17,185.4,2,1,2,100.0,90.7,3.91,19.06,4,1,0,2.0,,0,,consistently_engaged,0.946,False
STU_0016,8,4,1,1,0,15,184.2,2,0,1,78.1,89.1,-5.82,79.81,0,0,0,0.4,0.18,0,5.0,consistently_engaged,0.918,False
STU_0016,9,5,0,2,0,11,199.0,2,0,1,93.4,89.6,-3.32,83.8,2,1,0,1.9,,0,,consistently_engaged,0.875,False
STU_0016,10,3,2,0,0,17,197.9,2,0,1,77.5,88.4,-0.32,53.81,1,1,0,0.5,0.85,0,4.0,consistently_engaged,0.861,False
STU_0016,11,5,0,0,0,19,202.9,3,1,2,85.7,88.1,-3.84,42.01,1,0,0,1.3,,0,,consistently_engaged,0.841,False
STU_0016,12,5,0,0,0,16,186.2,2,1,3,80.3,87.5,1.39,11.57,3,1,0,0.1,0.67,0,3.0,consistently_engaged,0.87,False
STU_0016,13,5,0,0,0,14,179.2,1,0,2,91.5,87.8,2.89,20.87,4,1,0,1.0,,0,,consistently_engaged,0.869,False
STU_0016,14,5,0,0,0,15,148.1,1,0,3,86.6,87.7,3.17,20.99,4,0,0,0.4,0.6,0,4.0,consistently_engaged,0.816,False
STU_0016,15,4,1,0,0,19,139.0,2,0,2,90.0,87.9,-0.72,4.15,1,1,0,2.3,,1,,consistently_engaged,0.822,False
STU_0016,16,4,1,0,1,20,150.6,2,1,1,84.9,87.7,-0.87,4.58,3,0,0,0.1,0.62,0,4.0,consistently_engaged,0.838,False
STU_0017,1,4,1,0,0,15,159.8,2,0,4,88.5,88.5,0.0,0.0,2,1,1,0.3,,0,,consistently_engaged,0.869,False
STU_0017,2,5,0,0,0,19,183.3,1,1,2,89.0,88.8,0.46,0.05,1,0,0,0.9,1.0,0,5.0,consistently_engaged,0.852,False
STU_0017,3,5,0,0,0,19,198.4,2,0,2,90.1,89.2,0.8,0.45,2,0,1,1.0,,0,,consistently_engaged,0.834,False
STU_0017,4,4,1,0,1,16,184.5,2,0,1,78.7,86.6,-5.16,26.6,2,1,1,0.3,0.77,0,5.0,consistently_engaged,0.847,False
STU_0017,5,4,1,0,1,15,151.3,2,0,2,86.2,86.5,-1.98,22.62,1,0,0,0.3,,0,,consistently_engaged,0.83,False
STU_0017,6,5,0,1,0,19,169.4,2,1,3,81.3,85.6,1.34,9.66,1,0,1,0.2,0.56,0,5.0,consistently_engaged,0.83,False
STU_0017,7,5,0,0,0,15,185.4,2,0,3,82.9,85.2,-1.63,4.06,4,1,0,5.4,,1,,consistently_engaged,0.804,False
STU_0017,8,4,1,0,1,17,148.7,3,0,2,88.8,85.7,3.72,10.28,3,1,0,0.1,0.34,0,5.0,consistently_engaged,0.789,False
STU_0017,9,4,1,0,1,16,148.2,2,0,2,91.9,86.4,4.5,13.94,0,0,1,0.5,,0,,consistently_engaged,0.786,False
STU_0017,10,1,4,0,1,17,150.4,3,0,1,76.4,85.4,-6.19,44.88,0,0,1,0.9,0.27,1,4.0,consistently_engaged,0.741,False
STU_0017,11,4,1,0,0,15,141.9,1,0,4,84.7,85.3,-3.61,40.18,1,1,0,0.9,,0,,consistently_engaged,0.726,False
STU_0017,12,2,3,0,2,20,143.7,2,1,3,78.5,84.8,1.06,12.4,2,1,0,5.4,0.62,0,5.0,consistently_engaged,0.76,False
STU_0017,13,5,0,0,0,19,78.9,1,0,3,82.1,84.5,-1.31,6.4,1,1,1,0.9,,0,,consistently_engaged,0.749,False
STU_0017,14,4,1,0,0,12,155.2,2,0,3,93.0,85.1,7.24,37.98,2,0,0,3.6,0.36,0,4.0,consistently_engaged,0.792,False
STU_0017,15,4,1,0,0,14,150.3,2,0,2,86.8,85.3,2.34,20.04,3,2,0,0.5,,0,,consistently_engaged,0.791,False
STU_0017,16,5,0,2,0,13,174.5,2,1,2,75.3,84.6,-8.85,53.78,4,0,0,0.8,0.31,0,3.0,consistently_engaged,0.789,False
STU_0018,1,5,0,0,0,19,150.9,2,0,3,85.6,85.6,0.0,0.0,5,0,1,2.1,,0,,consistently_engaged,0.831,False
STU_0018,2,4,1,0,1,16,225.6,2,0,1,93.0,89.3,7.44,13.84,1,1,1,1.2,-0.05,0,5.0,consistently_engaged,0.849,False
STU_0018,3,5,0,0,0,16,177.0,2,1,2,80.6,86.4,-2.53,26.34,0,1,0,1.6,,0,,consistently_engaged,0.855,False
STU_0018,4,5,0,0,0,19,216.8,1,0,2,98.5,89.4,2.71,56.32,0,0,1,0.1,0.52,0,5.0,consistently_engaged,0.855,False
STU_0018,5,5,0,0,0,16,189.3,1,0,1,90.7,89.7,5.09,53.88,1,1,1,0.1,,0,,consistently_engaged,0.89,False
STU_0018,6,5,0,0,0,18,93.4,2,0,3,84.6,88.8,-6.96,32.42,3,0,0,0.3,0.74,0,5.0,consistently_engaged,0.908,False
STU_0018,7,5,0,0,0,16,114.4,2,1,1,90.3,89.0,-0.2,7.94,2,1,0,0.6,,0,,consistently_engaged,0.848,False
STU_0018,8,5,0,0,0,12,160.5,3,0,3,89.7,89.1,2.59,6.72,1,0,0,2.9,0.67,0,5.0,consistently_engaged,0.871,False
STU_0018,9,4,1,0,1,18,182.7,1,0,0,77.0,87.8,-6.66,37.8,4,0,0,0.6,,0,,consistently_engaged,0.819,False
STU_0018,10,5,0,0,0,17,162.0,2,0,1,86.3,87.6,-1.72,28.97,2,1,0,1.4,0.68,0,5.0,consistently_engaged,0.796,False
STU_0018,11,5,0,1,0,20,135.8,2,0,3,79.5,86.9,1.26,15.41,1,1,0,2.2,,0,,consistently_engaged,0.825,False
STU_0018,12,5,0,0,0,22,141.1,1,1,3,91.8,87.3,2.77,25.35,1,1,1,2.8,0.35,0,5.0,consistently_engaged,0.904,False
STU_0018,13,5,0,0,0,19,177.9,1,1,2,92.1,87.7,6.3,34.51,1,0,0,1.5,,0,,consistently_engaged,0.889,False
STU_0018,14,5,0,0,0,15,147.4,2,0,1,91.1,87.9,-0.36,0.18,5,0,0,1.9,1.0,0,5.0,consistently_engaged,0.875,False
STU_0018,15,4,1,0,1,15,181.4,2,0,1,84.6,87.7,-3.77,11.17,1,0,0,1.0,,0,,consistently_engaged,0.877,False
STU_0018,16,5,0,1,0,19,177.6,1,0,3,86.7,87.6,-2.21,7.4,3,0,1,0.2,0.84,0,5.0,consistently_engaged,0.861,False
STU_0019,1,5,0,1,0,17,176.2,1,0,4,86.4,86.4,0.0,0.0,2,1,1,0.6,,0,,consistently_engaged,0.835,False
STU_0019,2,5,0,0,0,15,190.3,2,0,1,85.3,85.9,-1.16,0.34,2,1,0,1.0,0.77,0,4.0,consistently_engaged,0.824,False
STU_0019,3,3,2,0,1,18,205.5,2,0,1,83.1,84.9,-1.69,1.98,1,1,0,2.2,,0,,consistently_engaged,0.818,False
STU_0019,4,5,0,0,0,21,173.0,1,0,0,86.5,85.3,0.59,1.99,5,0,0,1.0,0.68,0,5.0,consistently_engaged,0.779,False
STU_0019,5,5,0,0,0,12,180.6,3,1,0,84.1,85.1,0.53,2.02,4,0,0,1.8,,0,,consistently_engaged,0.746,False
STU_0019,6,4,1,0,0,16,132.4,2,0,2,77.0,83.7,-4.72,16.09,3,1,0,3.6,-0.18,0,3.0,consistently_engaged,0.767,False
STU_0019,7,3,2,0,0,15,174.2,2,0,3,79.1,83.1,-2.5,8.84,0,0,0,0.3,,0,,consistently_engaged,0.737,False
STU_0019,8,4,1,0,0,17,152.8,3,0,3,80.6,82.8,1.79,2.16,1,1,0,1.6,0.1,0,4.0,consistently_engaged,0.752,False
STU_0019,9,5,0,0,0,18,144.3,2,0,1,72.8,81.7,-3.15,11.42,3,0,0,0.1,,0,,consistently_engaged,0.758,False
STU_0019,10,4,1,0,1,17,150.0,2,1,0,72.8,80.8,-3.9,13.51,3,0,0,5.5,0.54,0,3.0,consistently_engaged,0.738,False
STU_0019,11,4,1,0,0,14,116.4,1,0,1,75.9,80.3,1.53,2.08,0,0,1,3.2,,0,,consistently_engaged,0.686,False
STU_0019,12,3,2,0,0,16,147.8,2,0,2,71.0,79.6,-0.9,4.01,1,0,1,0.1,0.14,0,3.0,consistently_engaged,0.67,False
STU_0019,13,4,1,1,1,18,114.2,3,0,1,77.4,79.4,0.76,7.37,0,1,0,0.3,,0,,consistently_engaged,0.71,False
STU_0019,14,5,0,0,0,12,171.4,1,2,1,68.0,78.6,-1.52,15.33,2,0,0,1.9,0.51,0,4.0,consistently_engaged,0.665,False
STU_0019,15,5,0,1,0,16,123.4,2,0,0,79.2,78.6,0.9,24.09,1,0,1,3.1,,0,,consistently_engaged,0.681,False
STU_0019,16,5,0,0,0,18,198.4,2,0,2,75.9,78.4,3.97,22.1,4,0,0,3.0,-0.02,0,3.0,consistently_engaged,0.671,False
STU_0020,1,5,0,0,0,18,145.2,2,0,3,84.7,84.7,0.0,0.0,3,2,0,0.1,,0,,consistently_engaged,0.787,False
STU_0020,2,5,0,1,0,19,182.0,3,0,1,82.6,83.7,-2.14,1.14,2,0,0,0.4,0.29,0,4.0,consistently_engaged,0.813,False
STU_0020,3,5,0,1,0,22,133.4,2,0,0,88.0,85.1,1.62,4.89,2,0,0,3.2,,0,,consistently_engaged,0.766,False
STU_0020,4,4,1,0,0,12,144.7,2,0,1,86.6,85.5,1.98,5.19,1,1,0,1.7,0.63,0,5.0,consistently_engaged,0.781,False
STU_0020,5,4,1,0,0,20,132.5,2,0,5,88.2,86.0,0.13,0.54,2,1,0,0.2,,0,,consistently_engaged,0.748,False
STU_0020,6,4,1,0,1,13,194.5,1,0,0,70.2,83.4,-8.18,66.18,3,2,0,0.3,0.72,0,4.0,consistently_engaged,0.73,False
STU_0020,7,5,0,2,0,17,112.8,2,0,0,76.9,82.5,-5.64,55.34,0,0,1,1.4,,1,,consistently_engaged,0.769,False
STU_0020,8,5,0,0,0,13,140.1,1,1,1,84.2,82.7,6.99,32.62,2,2,0,0.8,0.75,0,2.0,consistently_engaged,0.743,False
STU_0020,9,3,2,1,2,17,184.5,2,0,2,82.2,82.6,2.62,9.32,2,1,0,0.2,,0,,consistently_engaged,0.766,False
STU_0020,10,4,1,1,0,11,110.6,2,0,0,70.1,81.4,-7.03,38.57,2,0,1,4.2,0.48,0,5.0,consistently_engaged,0.698,False
STU_0020,11,5,0,0,0,14,163.0,1,0,2,77.5,81.0,-2.33,24.63,2,2,1,0.4,,0,,consistently_engaged,0.724,False
STU_0020,12,4,1,0,0,12,147.7,1,0,2,79.1,80.9,4.47,15.23,1,1,1,0.2,-0.21,0,4.0,consistently_engaged,0.719,False
STU_0020,13,3,2,0,0,12,109.3,3,0,1,86.0,81.3,4.24,13.64,2,0,0,1.2,,0,,consistently_engaged,0.735,False
STU_0020,14,4,1,0,1,14,139.4,2,2,1,81.6,81.3,1.28,8.23,1,0,0,0.6,0.62,0,4.0,consistently_engaged,0.711,False
STU_0020,15,5,0,0,0,16,136.2,3,0,2,72.0,80.7,-7.02,34.43,1,1,0,1.0,,0,,consistently_engaged,0.729,False
STU_0020,16,5,0,0,0,20,102.8,2,0,3,79.2,80.6,-1.2,16.88,0,1,0,0.2,0.6,0,4.0,consistently_engaged,0.764,False
STU_0021,1,5,0,0,0,20,119.6,2,0,5,97.0,97.0,0.0,0.0,1,1,0,0.5,,0,,consistently_engaged,0.893,False
STU_0021,2,5,0,0,0,18,132.1,3,0,2,78.9,88.0,-18.06,81.56,0,2,0,0.3,0.75,0,5.0,consistently_engaged,0.854,False
STU_0021,3,5,0,0,0,19,160.3,2,0,2,83.3,86.4,-6.84,59.19,2,0,0,2.0,,0,,consistently_engaged,0.88,False
STU_0021,4,5,0,0,0,21,172.6,3,0,2,86.3,86.4,3.7,9.22,1,0,0,0.9,0.8,0,5.0,consistently_engaged,0.858,False
STU_0021,5,5,0,0,0,16,199.5,2,0,3,85.7,86.3,1.22,1.71,4,0,1,0.3,,0,,consistently_engaged,0.852,False
STU_0021,6,3,2,1,1,20,176.6,1,0,0,76.2,84.6,-5.07,21.56,1,0,0,0.1,0.7,0,3.0,consistently_engaged,0.808,False
STU_0021,7,4,1,0,1,20,141.7,2,0,1,90.8,85.5,2.52,36.53,1,0,1,1.5,,0,,consistently_engaged,0.811,False
STU_0021,8,5,0,0,0,13,184.6,1,0,2,89.1,85.9,6.43,42.3,1,1,1,1.6,0.7,0,4.0,consistently_engaged,0.859,False
STU_0021,9,4,1,0,0,17,189.7,2,0,1,85.3,85.9,-2.76,5.3,2,1,0,2.2,,0,,consistently_engaged,0.846,False
STU_0021,10,4,1,0,1,18,154.5,2,1,2,94.1,86.7,2.52,13.09,0,2,1,0.3,0.9,0,4.0,consistently_engaged,0.852,False
STU_0021,11,5,0,0,0,23,142.0,2,0,0,87.7,86.8,1.21,13.89,1,1,1,0.5,,0,,consistently_engaged,0.891,False
STU_0021,12,5,0,0,0,16,194.1,2,0,3,91.4,87.2,-1.37,6.91,3,1,0,0.2,1.0,0,5.0,consistently_engaged,0.923,False
STU_0021,13,5,0,1,0,16,175.0,2,0,2,82.3,86.8,-2.7,13.9,2,0,0,0.2,,0,,consistently_engaged,0.96,False
STU_0021,14,5,0,0,0,17,166.7,2,0,2,89.2,86.9,-1.1,14.94,0,1,0,0.8,1.0,0,5.0,consistently_engaged,0.913,False
STU_0021,15,4,1,0,0,18,139.7,2,0,2,88.0,87.0,2.86,9.04,3,1,0,0.0,,0,,consistently_engaged,0.847,False
STU_0021,16,5,0,0,0,16,136.8,2,0,3,92.6,87.4,1.7,3.74,1,1,0,0.8,0.63,0,4.0,consistently_engaged,0.857,False
STU_0022,1,3,2,1,1,18,129.6,3,0,2,83.8,83.8,0.0,0.0,0,0,0,2.8,,0,,consistently_engaged,0.817,False
STU_0022,2,5,0,1,0,15,141.1,1,1,3,77.4,80.6,-6.43,10.34,3,0,0,1.4,0.74,0,3.0,consistently_engaged,0.847,False
STU_0022,3,5,0,0,0,17,166.6,3,0,3,94.5,85.3,5.33,49.7,4,0,0,1.2,,0,,consistently_engaged,0.782,False
STU_0022,4,5,0,0,0,19,99.9,2,0,2,80.6,84.1,1.61,55.0,1,1,0,0.1,-0.29,0,5.0,consistently_engaged,0.797,False
STU_0022,5,5,0,2,0,14,129.4,1,1,2,89.9,85.3,-2.31,33.25,2,0,0,3.2,,0,,consistently_engaged,0.795,False
STU_0022,6,5,0,0,0,22,169.9,2,0,2,76.9,83.9,-1.87,29.8,2,0,0,0.3,0.27,0,5.0,consistently_engaged,0.818,False
STU_0022,7,5,0,0,0,14,119.5,2,0,1,85.9,84.2,-1.97,29.54,2,0,0,1.8,,0,,consistently_engaged,0.753,False
STU_0022,8,5,0,1,0,14,172.6,1,0,1,73.5,82.8,-1.7,27.53,4,0,0,1.1,0.76,0,4.0,consistently_engaged,0.769,False
STU_0022,9,4,1,0,1,11,172.5,1,1,2,75.6,82.0,-5.15,29.47,0,1,0,0.8,,0,,consistently_engaged,0.731,False
STU_0022,10,5,0,1,0,7,149.6,2,0,1,81.7,82.0,4.1,12.04,2,0,1,0.4,0.64,0,5.0,consistently_engaged,0.731,False
STU_0022,11,5,0,0,0,16,157.4,2,0,2,75.0,81.4,-0.31,9.09,2,1,0,1.6,,0,,consistently_engaged,0.757,False
STU_0022,12,5,0,0,0,19,161.9,2,0,2,75.2,80.9,-3.27,9.71,1,0,0,5.6,0.26,0,5.0,consistently_engaged,0.824,False
STU_0022,13,5,0,0,0,18,143.0,2,0,4,97.6,82.1,11.3,112.67,4,1,0,0.5,,0,,consistently_engaged,0.833,False
STU_0022,14,5,0,0,0,15,176.9,2,0,1,87.2,82.5,6.03,84.08,0,1,0,0.6,0.72,0,5.0,consistently_engaged,0.847,False
STU_0022,15,4,1,1,0,16,191.1,2,0,3,79.3,82.3,-9.16,56.29,2,0,0,2.3,,0,,consistently_engaged,0.86,False
STU_0022,16,5,0,0,0,13,193.5,2,0,4,84.9,82.5,-1.17,11.11,4,2,0,0.0,1.0,0,3.0,consistently_engaged,0.85,False
STU_0023,1,5,0,0,0,19,141.5,2,0,2,88.7,88.7,0.0,0.0,4,0,0,1.7,,0,,consistently_engaged,0.836,False
STU_0023,2,5,0,0,0,20,177.1,2,0,4,86.8,87.7,-1.88,0.89,2,1,1,0.4,0.92,0,5.0,consistently_engaged,0.858,False
STU_0023,3,4,1,0,0,18,176.2,2,0,1,77.6,84.4,-5.56,23.61,0,0,0,1.6,,0,,consistently_engaged,0.843,False
STU_0023,4,4,1,0,0,17,132.7,1,1,5,90.4,85.9,1.8,29.23,1,1,1,0.8,0.77,0,4.0,consistently_engaged,0.884,False
STU_0023,5,4,1,0,1,16,177.3,2,0,2,81.0,84.9,1.73,29.4,3,1,0,0.6,,0,,consistently_engaged,0.885,False
STU_0023,6,4,1,0,1,18,176.6,2,0,4,83.7,84.7,-3.37,15.58,3,0,0,0.0,0.68,0,5.0,consistently_engaged,0.893,False
STU_0023,7,5,0,0,0,18,186.9,2,1,2,98.8,86.7,8.88,61.31,1,2,0,0.3,,0,,consistently_engaged,0.874,False
STU_0023,8,5,0,0,0,15,156.8,1,0,2,84.8,86.5,0.58,47.28,1,0,1,2.5,0.43,0,3.0,consistently_engaged,0.846,False
STU_0023,9,5,0,0,0,20,121.7,1,0,1,100.0,88.0,0.6,47.4,4,0,0,1.7,,0,,consistently_engaged,0.873,False
STU_0023,10,4,1,0,0,20,181.8,2,0,2,83.8,87.6,-0.49,54.67,0,0,0,1.1,0.62,0,4.0,consistently_engaged,0.844,False
STU_0023,11,5,0,1,0,24,206.5,2,0,1,83.3,87.2,-8.35,60.02,2,1,0,0.7,,0,,consistently_engaged,0.811,False
STU_0023,12,5,0,0,0,16,191.2,2,1,1,83.8,86.9,-0.04,0.06,1,1,0,7.0,0.96,0,4.0,consistently_engaged,0.793,False
STU_0023,13,5,0,1,0,15,157.0,1,0,1,80.8,86.4,-1.24,1.67,2,0,1,0.5,,0,,consistently_engaged,0.785,False
STU_0023,14,3,2,1,0,18,167.7,2,0,1,96.5,87.1,6.34,45.99,2,1,1,0.3,0.68,0,3.0,consistently_engaged,0.76,False
STU_0023,15,4,1,1,0,14,154.3,3,0,2,75.7,86.4,-2.59,78.19,2,0,0,0.9,,0,,consistently_engaged,0.755,False
STU_0023,16,2,3,0,0,16,172.5,2,1,2,83.9,86.2,-6.29,73.17,1,1,1,1.1,0.15,0,4.0,consistently_engaged,0.748,False
STU_0024,1,5,0,0,0,15,159.5,3,0,2,77.0,77.0,0.0,0.0,4,1,0,2.0,,0,,consistently_engaged,0.844,False
STU_0024,2,4,1,1,0,19,138.7,3,0,3,96.6,86.8,19.66,96.61,2,1,1,0.6,0.24,0,5.0,consistently_engaged,0.807,False
STU_0024,3,5,0,1,0,17,148.1,1,0,0,94.2,89.3,8.6,76.48,1,0,0,4.4,,0,,consistently_engaged,0.806,False
STU_0024,4,5,0,0,0,20,209.5,2,1,1,87.6,88.9,-4.51,14.48,2,1,0,0.8,0.93,0,5.0,consistently_engaged,0.795,False
STU_0024,5,4,1,0,0,13,140.1,2,0,4,81.4,87.4,-6.38,27.16,5,2,0,0.3,,0,,consistently_engaged,0.817,False
STU_0024,6,3,2,0,0,18,177.9,2,0,3,94.0,88.5,3.16,26.18,3,1,0,0.2,-0.01,0,4.0,consistently_engaged,0.856,False
STU_0024,7,5,0,0,0,15,186.9,2,1,1,82.7,87.7,0.63,31.73,3,0,0,1.0,,0,,consistently_engaged,0.866,False
STU_0024,8,5,0,0,0,17,185.0,2,0,2,82.6,87.0,-5.68,28.43,2,0,0,1.2,0.26,0,4.0,consistently_engaged,0.879,False
STU_0024,9,5,0,0,0,22,189.8,1,0,0,82.2,86.5,-0.26,0.05,1,2,0,0.2,,0,,consistently_engaged,0.876,False
STU_0024,10,5,0,1,0,20,142.7,2,0,3,83.8,86.2,0.61,0.49,1,2,0,1.1,0.55,0,4.0,consistently_engaged,0.876,False
STU_0024,11,5,0,0,0,16,114.1,2,0,1,91.9,86.7,4.86,18.04,3,2,0,0.8,,0,,consistently_engaged,0.849,False
STU_0024,12,5,0,0,0,14,177.0,1,0,3,94.3,87.4,5.23,20.04,2,0,0,1.1,0.85,0,3.0,consistently_engaged,0.856,False
STU_0024,13,4,1,0,1,22,192.6,1,0,1,87.0,87.3,-2.44,9.18,1,1,0,1.2,,0,,consistently_engaged,0.818,False
STU_0024,14,5,0,0,0,16,159.2,2,0,0,93.0,87.7,-0.65,10.05,3,1,1,0.8,0.81,0,4.0,consistently_engaged,0.797,False
STU_0024,15,4,1,0,0,18,172.8,2,0,1,87.3,87.7,0.14,7.58,1,0,0,0.9,,0,,consistently_engaged,0.817,False
STU_0024,16,5,0,1,0,21,153.1,1,0,1,88.2,87.7,-2.38,6.21,0,1,0,3.7,0.6,0,5.0,consistently_engaged,0.772,False
STU_0025,1,5,0,0,0,18,193.4,2,0,2,92.7,92.7,0.0,0.0,2,1,0,1.8,,0,,consistently_engaged,0.911,False
STU_0025,2,4,1,0,0,15,150.9,2,0,2,87.8,90.2,-4.88,5.96,4,0,0,0.6,0.28,0,5.0,consistently_engaged,0.907,False
STU_0025,3,5,0,0,0,13,215.1,2,0,3,83.2,87.9,-4.71,14.77,1,2,0,1.6,,0,,consistently_engaged,0.885,False
STU_0025,4,5,0,0,0,18,187.3,3,0,2,74.1,84.4,-6.85,32.52,3,0,0,1.5,0.84,0,5.0,consistently_engaged,0.889,False
STU_0025,5,5,0,0,0,16,165.1,3,0,1,84.9,84.5,0.84,22.79,3,0,0,0.5,,0,,consistently_engaged,0.899,False
STU_0025,6,5,0,0,0,20,150.7,2,0,1,84.6,84.5,5.25,25.36,3,1,0,3.1,0.92,0,5.0,consistently_engaged,0.901,False
STU_0025,7,5,0,0,0,17,133.6,2,0,0,84.4,84.5,-0.25,0.05,1,2,0,0.1,,0,,consistently_engaged,0.896,False
STU_0025,8,4,1,1,0,18,166.4,3,0,1,77.5,83.6,-3.53,10.85,2,1,1,0.2,0.82,0,4.0,consistently_engaged,0.866,False
STU_0025,9,5,0,0,0,20,173.9,2,0,3,86.8,84.0,1.18,15.54,3,1,0,0.0,,0,,consistently_engaged,0.871,False
STU_0025,10,4,1,0,1,22,180.2,2,0,2,90.0,84.6,6.24,28.06,4,1,0,0.5,1.0,0,5.0,consistently_engaged,0.894,False
STU_0025,11,5,0,0,0,22,181.5,2,0,6,77.0,83.9,-4.9,30.59,2,0,1,0.1,,0,,consistently_engaged,0.871,False
STU_0025,12,5,0,0,0,20,148.1,3,0,4,91.9,84.6,0.97,44.0,0,0,1,1.3,0.9,0,5.0,consistently_engaged,0.858,False
STU_0025,13,5,0,0,0,21,189.8,2,0,2,96.2,85.5,9.58,67.54,3,0,1,3.2,,0,,consistently_engaged,0.932,False
STU_0025,14,5,0,0,0,19,146.6,2,0,3,98.0,86.4,3.01,6.37,1,1,0,1.7,1.0,0,5.0,consistently_engaged,0.938,False
STU_0025,15,5,0,0,0,16,163.4,2,0,1,88.0,86.5,-4.05,18.58,1,0,0,0.5,,0,,consistently_engaged,0.975,False
STU_0025,16,5,0,0,0,19,211.8,2,0,4,98.3,87.2,0.17,22.6,2,0,0,0.4,0.74,0,5.0,consistently_engaged,0.98,False
STU_0026,1,4,1,0,0,18,144.7,2,0,2,81.9,81.9,0.0,0.0,0,1,0,4.5,,0,,consistently_engaged,0.807,False
STU_0026,2,4,1,0,0,15,151.9,2,0,1,82.9,82.4,1.0,0.25,4,2,1,0.7,0.86,0,4.0,consistently_engaged,0.885,False
STU_0026,3,5,0,0,0,16,159.9,2,0,1,99.3,88.0,8.72,63.89,2,0,1,0.5,,0,,consistently_engaged,0.916,False
STU_0026,4,5,0,0,0,16,177.5,2,0,1,86.1,87.5,1.59,50.64,1,0,0,0.2,0.58,0,4.0,consistently_engaged,0.918,False
STU_0026,5,5,0,0,0,18,185.0,2,0,1,86.4,87.3,-6.47,38.1,1,1,0,3.0,,0,,consistently_engaged,0.903,False
STU_0026,6,5,0,1,0,21,190.6,2,0,1,99.2,89.3,6.58,37.53,2,0,0,0.6,0.44,0,4.0,consistently_engaged,0.88,False
STU_0026,7,4,1,0,0,15,163.0,2,0,1,94.5,90.0,4.05,28.08,3,1,0,0.4,,0,,consistently_engaged,0.876,False
STU_0026,8,3,2,0,0,17,157.7,2,0,1,90.6,90.1,-4.33,12.51,2,1,1,0.0,1.0,0,5.0,consistently_engaged,0.856,False
STU_0026,9,4,1,0,1,16,172.2,2,0,2,89.7,90.0,-2.37,4.28,2,0,0,0.9,,0,,consistently_engaged,0.858,False
STU_0026,10,4,1,0,0,18,155.8,2,0,2,99.2,91.0,4.3,18.19,1,2,0,0.1,0.32,0,3.0,consistently_engaged,0.898,False
STU_0026,11,5,0,0,0,24,194.4,2,0,0,91.9,91.0,1.07,16.3,3,0,0,0.4,,0,,consistently_engaged,0.854,False
STU_0026,12,4,1,0,1,17,206.5,2,0,4,95.5,91.4,-1.8,8.86,0,1,0,1.8,1.0,0,3.0,consistently_engaged,0.875,False
STU_0026,13,4,1,0,0,16,141.4,1,1,1,89.6,91.3,-1.15,6.08,3,2,0,0.4,,0,,consistently_engaged,0.877,False
STU_0026,14,4,1,0,1,17,186.4,2,0,0,80.2,90.5,-7.67,39.81,2,1,1,0.9,0.6,0,5.0,consistently_engaged,0.906,False
STU_0026,15,5,0,0,0,18,185.3,1,0,2,98.3,91.0,4.39,54.81,2,1,0,0.4,,0,,consistently_engaged,0.895,False
STU_0026,16,5,0,0,0,23,193.0,2,0,1,89.9,90.9,4.86,54.89,2,1,0,3.8,0.81,0,5.0,consistently_engaged,0.931,False
STU_0027,1,5,0,0,0,26,171.8,2,0,0,81.2,81.2,0.0,0.0,3,0,0,0.1,,1,,consistently_engaged,0.896,False
STU_0027,2,5,0,0,0,22,166.4,2,0,1,85.2,83.2,3.95,3.9,1,2,0,0.6,1.0,0,5.0,consistently_engaged,0.92,False
STU_0027,3,4,1,0,1,16,176.3,2,0,3,91.8,86.1,5.28,18.96,2,0,0,0.0,,0,,consistently_engaged,0.905,False
STU_0027,4,4,1,0,0,11,184.5,2,0,3,77.9,84.0,-3.64,32.19,2,0,1,0.3,0.68,0,4.0,consistently_engaged,0.918,False
STU_0027,5,5,0,0,0,18,203.1,1,0,3,89.3,85.1,-1.25,36.54,1,1,0,1.3,,0,,consistently_engaged,0.975,False
STU_0027,6,5,0,0,0,18,136.2,2,1,5,93.3,86.4,7.68,42.36,4,1,0,1.5,1.0,0,5.0,consistently_engaged,0.98,False
STU_0027,7,5,0,0,0,24,188.9,2,0,3,87.1,86.5,-1.11,6.54,1,0,1,0.9,,0,,consistently_engaged,0.98,False
STU_0027,8,5,0,1,0,17,217.9,3,0,2,87.4,86.6,-2.92,8.06,1,0,0,0.2,0.63,0,5.0,consistently_engaged,0.973,False
STU_0027,9,5,0,0,0,20,163.3,2,0,1,96.2,87.7,4.57,17.87,5,1,0,1.6,,0,,consistently_engaged,0.948,False
STU_0027,10,4,1,1,0,18,185.1,2,0,3,99.0,88.8,5.81,24.5,4,1,1,0.6,1.0,0,5.0,consistently_engaged,0.98,False
STU_0027,11,5,0,0,0,16,215.4,2,0,4,89.1,88.9,-3.57,17.63,0,1,0,0.4,,0,,consistently_engaged,0.964,False
STU_0027,12,5,0,0,0,17,187.0,2,0,3,84.4,88.5,-7.31,37.23,1,0,0,1.1,0.59,0,5.0,consistently_engaged,0.929,False
STU_0027,13,5,0,0,0,18,154.8,3,0,0,91.9,88.8,1.42,9.52,3,1,0,0.8,,0,,consistently_engaged,0.901,False
STU_0027,14,4,1,1,1,18,165.5,2,0,2,95.3,89.2,5.43,20.62,1,0,0,1.2,0.48,0,5.0,consistently_engaged,0.92,False
STU_0027,15,4,1,0,1,15,183.7,3,0,1,82.5,88.8,-4.68,29.0,5,0,0,3.8,,0,,consistently_engaged,0.854,False
STU_0027,16,5,0,0,0,18,176.5,1,1,3,89.3,88.8,-2.98,27.06,1,1,1,0.2,0.59,0,5.0,consistently_engaged,0.821,False
STU_0028,1,5,0,0,0,21,204.4,2,0,2,88.2,88.2,0.0,0.0,1,0,0,0.5,,0,,consistently_engaged,0.873,False
STU_0028,2,5,0,0,0,13,167.0,2,0,4,90.9,89.6,2.69,1.8,0,0,0,0.7,0.93,0,3.0,consistently_engaged,0.892,False
STU_0028,3,5,0,0,0,14,140.1,2,0,0,88.0,89.0,-0.12,1.76,1,1,0,0.7,,0,,consistently_engaged,0.88,False
STU_0028,4,5,0,0,0,20,152.7,2,0,3,93.5,90.2,1.31,5.14,1,0,0,0.3,0.54,0,4.0,consistently_engaged,0.881,False
STU_0028,5,5,0,0,0,21,158.0,3,0,3,83.8,88.9,-2.07,15.76,1,1,0,1.8,,0,,consistently_engaged,0.851,False
STU_0028,6,5,0,1,0,17,146.3,1,0,3,85.7,88.4,-3.9,17.59,1,0,0,0.7,0.49,0,4.0,consistently_engaged,0.783,False
STU_0028,7,5,0,0,0,13,201.4,2,1,1,83.8,87.7,-0.01,0.81,2,1,0,0.1,,0,,consistently_engaged,0.801,False
STU_0028,8,5,0,1,0,18,112.4,2,1,0,75.4,86.2,-5.17,20.21,2,2,1,0.1,0.54,0,5.0,consistently_engaged,0.768,False
STU_0028,9,4,1,1,0,10,115.2,2,0,1,80.9,85.6,-1.45,12.23,0,0,0,1.2,,0,,consistently_engaged,0.728,False
STU_0028,10,4,1,1,0,20,199.5,2,1,2,80.8,85.1,2.69,6.61,3,1,0,0.2,-0.08,0,3.0,consistently_engaged,0.758,False
STU_0028,11,4,1,0,0,13,139.6,2,1,0,72.1,83.9,-4.41,16.96,2,0,0,0.8,,0,,consistently_engaged,0.741,False
STU_0028,12,4,1,0,0,16,177.9,2,0,1,83.3,83.9,1.28,23.04,2,0,1,3.6,0.62,0,4.0,consistently_engaged,0.738,False
STU_0028,13,5,0,0,0,12,108.5,2,1,1,72.9,83.0,0.39,26.15,1,1,0,0.4,,0,,consistently_engaged,0.737,False
STU_0028,14,5,0,0,0,15,128.4,2,0,3,77.1,82.6,-3.1,18.36,1,0,0,1.3,0.7,0,4.0,consistently_engaged,0.741,False
STU_0028,15,4,1,0,0,18,172.5,2,0,2,76.0,82.2,1.54,3.18,3,1,0,1.1,,0,,consistently_engaged,0.779,False
STU_0028,16,5,0,0,0,15,137.9,2,1,3,74.6,81.7,-1.25,1.04,2,1,1,0.3,0.87,0,5.0,consistently_engaged,0.811,False
STU_0029,1,4,1,0,1,14,131.7,2,0,1,83.3,83.3,0.0,0.0,4,2,1,0.4,,0,,consistently_engaged,0.752,False
STU_0029,2,5,0,0,0,20,143.2,2,0,1,85.1,84.2,1.84,0.84,0,0,1,2.2,0.01,0,5.0,consistently_engaged,0.732,False
STU_0029,3,5,0,0,0,13,135.3,2,1,1,81.8,83.4,-0.74,1.84,0,2,1,4.5,,0,,consistently_engaged,0.705,False
STU_0029,4,4,1,1,1,17,128.1,2,0,2,79.0,82.3,-3.09,6.36,2,0,0,5.5,0.41,0,5.0,consistently_engaged,0.716,False
STU_0029,5,5,0,0,0,16,105.0,1,0,4,76.7,81.2,-2.54,4.33,4,2,0,0.2,,0,,consistently_engaged,0.73,False
STU_0029,6,5,0,1,0,18,187.3,2,0,3,78.5,80.7,-0.23,0.92,3,1,0,4.3,-0.04,0,4.0,consistently_engaged,0.728,False
STU_0029,7,4,1,1,1,19,124.1,1,0,3,81.0,80.8,2.13,3.05,0,1,1,1.2,,0,,consistently_engaged,0.747,False
STU_0029,8,4,1,0,0,16,180.5,3,1,0,72.2,79.7,-3.15,13.67,2,1,0,0.4,0.38,0,3.0,consistently_engaged,0.754,False
STU_0029,9,5,0,1,0,21,104.3,2,1,3,87.2,80.5,3.09,37.71,0,1,0,2.2,,0,,consistently_engaged,0.765,False
STU_0029,10,4,1,0,1,13,139.1,2,1,1,83.2,80.8,5.5,40.1,0,1,0,5.1,0.43,0,4.0,consistently_engaged,0.739,False
STU_0029,11,5,0,0,0,21,184.1,2,0,5,75.1,80.3,-6.02,25.07,5,0,0,0.6,,0,,consistently_engaged,0.734,False
STU_0029,12,5,0,0,0,17,75.8,2,0,1,86.4,80.8,1.62,22.61,2,1,0,1.3,0.19,0,4.0,consistently_engaged,0.73,False
STU_0029,13,4,1,0,1,17,144.9,2,0,4,88.0,81.4,6.45,33.0,3,0,1,0.7,,0,,consistently_engaged,0.826,False
STU_0029,14,5,0,1,0,17,175.4,2,0,1,81.0,81.3,-2.73,9.14,1,1,1,1.8,1.0,0,5.0,consistently_engaged,0.819,False
STU_0029,15,5,0,0,0,16,152.5,2,0,1,81.1,81.3,-3.47,10.9,4,2,1,2.6,,0,,consistently_engaged,0.837,False
STU_0029,16,5,0,1,0,15,169.9,3,0,2,78.1,81.1,-1.44,1.91,0,1,1,1.7,0.88,0,5.0,consistently_engaged,0.852,False
STU_0030,1,5,0,1,0,24,126.6,1,0,1,76.7,76.7,0.0,0.0,5,1,0,0.6,,1,,consistently_engaged,0.78,False
STU_0030,2,5,0,0,0,14,185.0,2,0,0,93.1,84.9,16.38,67.07,3,0,0,0.3,0.92,0,4.0,consistently_engaged,0.758,False
STU_0030,3,4,1,0,0,11,160.4,3,0,2,85.1,84.9,4.2,44.72,2,0,0,1.7,,0,,consistently_engaged,0.802,False
STU_0030,4,5,0,1,0,14,171.4,2,0,6,82.0,84.2,-5.55,21.87,2,0,0,1.4,1.0,0,5.0,consistently_engaged,0.812,False
STU_0030,5,5,0,0,0,17,166.6,3,0,2,94.3,86.2,4.59,27.3,0,1,0,0.3,,0,,consistently_engaged,0.838,False
STU_0030,6,5,0,0,0,21,168.9,2,0,2,83.1,85.7,0.56,30.87,2,0,1,0.6,1.0,0,5.0,consistently_engaged,0.902,False
STU_0030,7,5,0,0,0,15,157.6,2,0,0,83.7,85.4,-5.3,26.42,4,0,0,0.9,,0,,consistently_engaged,0.829,False
STU_0030,8,5,0,0,0,13,163.3,2,0,4,83.2,85.1,0.08,0.06,1,1,0,4.7,1.0,0,5.0,consistently_engaged,0.798,False
STU_0030,9,5,0,0,0,14,190.6,2,1,2,81.2,84.7,-1.24,1.18,1,0,0,5.2,,0,,consistently_engaged,0.782,False
STU_0030,10,5,0,0,0,16,187.7,2,1,0,90.3,85.2,3.52,15.22,2,0,0,0.8,0.55,0,5.0,consistently_engaged,0.805,False
STU_0030,11,5,0,0,0,20,134.8,2,0,1,81.7,84.9,0.25,17.49,2,2,1,0.6,,0,,consistently_engaged,0.794,False
STU_0030,12,2,3,0,2,17,152.0,3,0,3,84.1,84.9,-3.08,13.11,3,1,0,1.2,0.42,0,3.0,consistently_engaged,0.791,False
STU_0030,13,4,1,0,0,17,140.2,2,0,2,87.6,85.1,2.98,5.99,0,1,0,1.5,,0,,consistently_engaged,0.826,False
STU_0030,14,3,2,0,1,8,203.6,1,1,0,88.1,85.3,1.97,3.11,2,1,1,2.9,0.49,0,5.0,consistently_engaged,0.812,False
STU_0030,15,3,2,0,1,20,152.4,2,0,4,81.8,85.1,-2.94,8.29,3,2,1,3.7,,0,,consistently_engaged,0.765,False
STU_0030,16,5,0,0,0,19,218.4,2,0,1,85.4,85.1,-1.32,6.69,1,2,0,0.4,1.0,0,5.0,consistently_engaged,0.833,False
STU_0031,1,5,0,0,0,20,195.1,1,0,1,100.0,100.0,0.0,0.0,3,1,0,1.8,,0,,consistently_engaged,0.893,False
STU_0031,2,5,0,0,0,17,185.6,2,0,2,90.0,95.0,-10.04,25.2,3,1,0,5.1,0.94,0,4.0,consistently_engaged,0.857,False
STU_0031,3,5,0,0,0,28,190.5,3,1,2,89.5,93.2,-5.24,23.41,3,1,0,0.3,,0,,consistently_engaged,0.897,False
STU_0031,4,5,0,0,0,22,198.7,2,0,1,92.3,92.9,1.16,1.47,1,0,0,0.1,1.0,0,4.0,consistently_engaged,0.938,False
STU_0031,5,5,0,0,0,16,209.5,2,0,3,92.6,92.9,1.53,1.9,2,1,0,0.8,,0,,consistently_engaged,0.945,False
STU_0031,6,5,0,0,0,18,201.3,2,0,1,94.5,93.2,1.13,1.0,1,1,0,0.4,1.0,0,5.0,consistently_engaged,0.909,False
STU_0031,7,5,0,0,0,19,175.6,2,1,1,75.8,90.7,-8.41,70.99,4,1,0,3.6,,0,,consistently_engaged,0.881,False
STU_0031,8,3,2,0,0,17,161.2,3,0,4,89.7,90.5,-2.42,63.3,3,1,0,5.3,0.67,0,5.0,consistently_engaged,0.839,False
STU_0031,9,5,0,0,0,16,165.9,2,0,1,85.6,90.0,4.9,34.11,2,1,0,0.3,,0,,consistently_engaged,0.8,False
STU_0031,10,4,1,0,0,20,170.9,2,1,1,77.5,88.7,-6.08,25.48,3,0,0,0.4,0.04,1,5.0,consistently_engaged,0.826,False
STU_0031,11,4,1,1,0,18,126.9,2,0,1,87.4,88.6,0.91,18.32,3,1,1,0.8,,0,,consistently_engaged,0.834,False
STU_0031,12,5,0,0,0,18,167.5,2,1,3,97.2,89.3,9.82,64.22,1,1,0,1.1,0.07,0,5.0,consistently_engaged,0.831,False
STU_0031,13,3,2,0,0,18,166.3,2,0,2,88.1,89.2,0.34,19.87,1,0,0,2.2,,0,,consistently_engaged,0.801,False
STU_0031,14,4,1,0,1,17,150.0,2,1,2,74.2,88.2,-11.47,88.98,1,1,0,1.2,0.53,0,4.0,consistently_engaged,0.777,False
STU_0031,15,5,0,1,0,14,140.8,1,0,2,84.4,87.9,-1.81,34.34,2,0,0,0.7,,0,,consistently_engaged,0.79,False
STU_0031,16,4,1,0,0,19,143.1,2,0,1,79.6,87.4,2.68,17.41,3,1,0,0.0,0.83,0,5.0,consistently_engaged,0.814,False
STU_0032,1,4,1,0,1,18,185.0,1,0,2,75.4,75.4,0.0,0.0,2,1,0,1.0,,0,,consistently_engaged,0.771,False
STU_0032,2,5,0,0,0,15,166.8,2,1,3,83.0,79.2,7.55,14.25,1,1,0,2.9,0.9,0,4.0,consistently_engaged,0.733,False
STU_0032,3,5,0,0,0,13,139.1,2,0,2,74.1,77.5,-0.67,15.3,1,1,0,2.0,,0,,consistently_engaged,0.724,False
STU_0032,4,3,2,0,0,21,144.0,1,1,2,63.2,73.9,-9.85,64.93,3,0,0,0.5,0.63,0,4.0,consistently_engaged,0.75,False
STU_0032,5,5,0,1,0,19,142.2,1,1,2,85.1,76.2,5.51,79.52,2,1,0,1.3,,0,,consistently_engaged,0.764,False
STU_0032,6,4,1,1,0,15,154.5,1,1,3,75.6,76.1,6.19,79.99,2,2,0,0.9,0.2,0,4.0,consistently_engaged,0.776,False
STU_0032,7,5,0,0,0,15,143.4,2,1,1,81.3,76.8,-1.88,15.17,3,0,0,0.2,,0,,consistently_engaged,0.758,False
STU_0032,8,4,1,0,1,19,146.0,2,1,0,70.5,76.0,-2.58,19.71,2,1,0,0.1,1.0,0,4.0,consistently_engaged,0.841,False
STU_0032,9,5,0,0,0,22,181.6,2,0,3,83.9,76.9,1.29,33.96,2,2,0,0.0,,0,,consistently_engaged,0.862,False
STU_0032,10,5,0,0,0,22,165.1,3,0,3,90.4,78.3,9.96,68.81,0,2,1,0.5,0.9,0,5.0,consistently_engaged,0.907,False
STU_0032,11,5,0,0,0,12,169.4,2,0,1,88.2,79.2,2.14,7.21,4,2,1,0.6,,0,,consistently_engaged,0.911,False
STU_0032,12,4,1,0,0,24,207.8,2,0,5,98.6,80.8,4.1,19.95,2,1,0,0.1,0.87,0,5.0,consistently_engaged,0.932,False
STU_0032,13,5,0,0,0,22,186.9,3,0,4,86.5,81.2,-0.85,28.48,4,1,1,0.0,,0,,consistently_engaged,0.895,False
STU_0032,14,4,1,0,0,20,220.5,3,0,2,94.0,82.1,-2.27,24.81,2,0,0,1.1,1.0,0,3.0,consistently_engaged,0.918,False
STU_0032,15,5,0,0,0,16,181.8,2,0,2,78.2,81.9,-4.15,41.85,2,0,0,1.7,,1,,consistently_engaged,0.93,False
STU_0032,16,5,0,0,0,13,176.3,2,0,2,93.9,82.6,-0.05,55.41,2,1,1,1.3,0.98,0,5.0,consistently_engaged,0.894,False
STU_0033,1,4,1,0,0,21,198.8,2,0,4,83.1,83.1,0.0,0.0,2,1,0,1.4,,0,,consistently_engaged,0.84,False
STU_0033,2,5,0,0,0,16,195.9,2,0,1,92.0,87.6,8.88,19.72,4,1,0,1.1,0.58,0,3.0,consistently_engaged,0.887,False
STU_0033,3,4,1,0,1,14,124.3,2,0,2,80.4,85.2,-1.39,24.72,3,1,0,0.2,,0,,consistently_engaged,0.873,False
STU_0033,4,5,0,1,0,18,181.6,3,0,3,91.7,86.8,-0.18,29.31,4,1,0,1.0,0.84,0,4.0,consistently_engaged,0.896,False
STU_0033,5,5,0,0,0,17,198.2,2,1,6,88.8,87.2,4.22,23.02,1,1,0,1.8,,0,,consistently_engaged,0.904,False
STU_0033,6,5,0,0,0,16,170.4,2,0,4,86.0,87.0,-2.84,5.37,2,1,0,0.7,0.23,0,5.0,consistently_engaged,0.893,False
STU_0033,7,5,0,0,0,17,142.2,2,0,2,89.6,87.4,0.41,2.42,5,0,1,0.3,,0,,consistently_engaged,0.893,False
STU_0033,8,5,0,0,0,20,185.7,2,0,2,91.3,87.9,2.65,4.91,1,0,0,0.9,0.49,0,5.0,consistently_engaged,0.925,False
STU_0033,9,5,0,1,0,18,187.8,3,0,3,100.0,89.2,5.19,20.67,0,0,0,0.1,,0,,consistently_engaged,0.942,False
STU_0033,10,5,0,0,0,16,185.0,1,0,3,92.1,89.5,0.39,15.42,5,0,1,0.9,0.54,0,4.0,consistently_engaged,0.949,False
STU_0033,11,4,1,0,0,17,196.0,2,0,2,85.5,89.1,-7.27,35.36,5,0,1,0.5,,0,,consistently_engaged,0.957,False
STU_0033,12,5,0,0,0,19,186.3,2,0,3,88.1,89.0,-2.0,7.44,4,1,0,2.5,1.0,0,5.0,consistently_engaged,0.941,False
STU_0033,13,5,0,0,0,20,213.9,2,0,1,89.8,89.1,2.18,3.21,2,1,0,1.4,,0,,consistently_engaged,0.927,False
STU_0033,14,5,0,0,0,21,174.3,2,0,2,75.2,88.1,-6.45,42.56,1,0,0,0.5,0.91,0,5.0,consistently_engaged,0.922,False
STU_0033,15,4,1,0,1,22,178.8,2,0,1,81.4,87.7,-4.21,35.9,5,2,1,1.5,,0,,consistently_engaged,0.912,False
STU_0033,16,5,0,0,0,22,173.4,3,0,0,88.0,87.7,6.41,27.42,1,0,1,0.1,0.91,0,3.0,consistently_engaged,0.906,False
STU_0034,1,5,0,0,0,18,157.5,1,0,2,84.0,84.0,0.0,0.0,2,1,0,1.2,,0,,consistently_engaged,0.813,False
STU_0034,2,5,0,0,0,16,134.9,2,0,4,87.2,85.6,3.19,2.55,3,0,0,0.3,0.75,0,5.0,consistently_engaged,0.842,False
STU_0034,3,4,1,0,0,18,163.0,2,0,3,87.1,86.1,1.55,2.2,1,1,0,0.0,,0,,consistently_engaged,0.879,False
STU_0034,4,4,1,0,1,16,217.2,3,0,2,91.1,87.4,1.97,3.53,6,1,0,0.6,0.87,0,3.0,consistently_engaged,0.881,False
STU_0034,5,5,0,0,0,18,197.6,2,0,1,98.5,89.6,5.71,22.37,2,1,0,1.7,,0,,consistently_engaged,0.898,False
STU_0034,6,5,0,0,0,18,152.1,2,0,1,88.0,89.3,-1.54,19.31,3,0,1,1.3,1.0,0,5.0,consistently_engaged,0.896,False
STU_0034,7,4,1,0,0,24,178.3,2,0,2,90.1,89.4,-4.21,20.52,5,0,0,0.5,,0,,consistently_engaged,0.884,False
STU_0034,8,3,2,0,1,16,163.4,3,0,2,86.2,89.0,-0.91,2.51,0,0,0,1.4,0.02,0,4.0,consistently_engaged,0.86,False
STU_0034,9,5,0,0,0,19,161.9,2,1,2,100.0,90.3,4.95,33.63,0,0,0,0.0,,0,,consistently_engaged,0.878,False
STU_0034,10,5,0,0,0,13,188.8,3,0,5,90.3,90.3,2.03,33.38,4,0,0,0.3,0.51,0,4.0,consistently_engaged,0.909,False
STU_0034,11,5,0,0,0,18,150.3,2,0,2,86.3,89.9,-6.85,33.06,3,1,1,2.3,,0,,consistently_engaged,0.861,False
STU_0034,12,5,0,0,0,14,179.6,3,0,2,87.5,89.7,-1.42,2.8,2,0,0,1.2,0.43,0,4.0,consistently_engaged,0.86,False
STU_0034,13,5,0,0,0,21,182.7,1,0,2,81.9,89.1,-2.19,5.68,3,1,0,0.3,,0,,consistently_engaged,0.859,False
STU_0034,14,3,2,1,0,15,147.1,2,1,1,81.4,88.5,-3.03,7.52,5,0,0,0.4,1.0,0,4.0,consistently_engaged,0.804,False
STU_0034,15,5,0,2,0,15,160.9,3,0,2,76.5,87.7,-2.72,5.99,5,1,1,0.0,,1,,consistently_engaged,0.798,False
STU_0034,16,4,1,0,0,13,150.3,2,0,3,76.8,87.1,-2.29,5.02,1,0,0,4.8,0.43,0,4.0,consistently_engaged,0.797,False
STU_0035,1,4,1,0,1,14,207.2,2,1,2,83.0,83.0,0.0,0.0,4,1,1,0.1,,0,,consistently_engaged,0.806,False
STU_0035,2,5,0,0,0,15,180.7,3,0,4,69.5,76.2,-13.52,45.72,3,1,1,2.3,0.78,0,4.0,consistently_engaged,0.791,False
STU_0035,3,2,3,0,1,20,166.9,3,1,3,78.8,77.1,-2.11,31.91,1,1,0,1.7,,0,,consistently_engaged,0.789,False
STU_0035,4,5,0,0,0,16,153.8,3,0,0,78.3,77.4,4.42,18.32,4,0,1,1.3,1.0,0,5.0,consistently_engaged,0.802,False
STU_0035,5,5,0,0,0,19,146.6,1,0,1,86.1,79.2,3.67,12.79,0,0,0,0.3,,0,,consistently_engaged,0.79,False
STU_0035,6,5,0,0,0,19,155.4,3,0,1,96.2,82.0,8.95,53.68,2,1,1,2.0,0.71,0,4.0,consistently_engaged,0.847,False
STU_0035,7,4,1,1,1,14,150.8,2,0,1,91.2,83.3,2.54,16.98,0,0,0,1.0,,0,,consistently_engaged,0.851,False
STU_0035,8,4,1,0,1,12,155.8,1,0,1,93.2,84.5,-1.54,4.26,1,1,1,0.1,0.09,0,5.0,consistently_engaged,0.826,False
STU_0035,9,4,1,0,0,17,199.9,3,0,4,87.5,84.9,-1.84,5.42,0,1,0,0.1,,0,,consistently_engaged,0.822,False
STU_0035,10,4,1,1,1,14,153.4,2,0,1,69.4,83.3,-11.88,102.8,4,1,0,0.3,0.66,0,3.0,consistently_engaged,0.786,False
STU_0035,11,5,0,0,0,18,161.3,2,0,1,92.1,84.1,2.3,96.4,4,1,1,1.9,,0,,consistently_engaged,0.828,False
STU_0035,12,4,1,1,0,16,186.9,2,0,2,84.8,84.2,7.71,89.86,1,1,0,1.0,0.74,0,4.0,consistently_engaged,0.851,False
STU_0035,13,5,0,0,0,14,143.7,1,1,1,87.6,84.4,-2.29,9.1,2,2,1,0.4,,0,,consistently_engaged,0.839,False
STU_0035,14,4,1,0,0,17,166.6,2,0,2,94.8,85.2,5.01,17.87,3,1,1,0.4,0.63,1,4.0,consistently_engaged,0.856,False
STU_0035,15,4,1,0,1,15,144.9,1,0,3,88.8,85.4,0.63,10.09,2,1,0,0.0,,0,,consistently_engaged,0.866,False
STU_0035,16,5,0,0,0,15,172.6,2,0,1,87.7,85.6,-3.54,9.73,1,1,0,0.3,0.48,0,5.0,consistently_engaged,0.898,False
STU_0036,1,5,0,0,0,21,189.3,1,0,1,89.8,89.8,0.0,0.0,3,0,0,1.7,,0,,consistently_engaged,0.8,False
STU_0036,2,4,1,0,1,17,102.7,2,1,2,82.9,86.4,-6.94,12.04,1,1,0,0.0,0.66,0,5.0,consistently_engaged,0.719,False
STU_0036,3,4,1,2,1,12,127.3,2,0,0,91.8,88.2,0.99,14.62,1,0,0,1.2,,0,,consistently_engaged,0.743,False
STU_0036,4,5,0,0,0,15,146.3,1,0,4,76.5,85.3,-3.2,39.43,1,0,1,5.8,0.88,0,4.0,consistently_engaged,0.685,False
STU_0036,5,4,1,0,0,16,180.4,3,0,1,80.0,84.2,-5.91,42.94,2,0,0,0.2,,0,,consistently_engaged,0.736,False
STU_0036,6,5,0,1,0,19,118.2,2,1,1,87.2,84.7,5.37,20.03,3,0,0,1.1,0.47,0,4.0,consistently_engaged,0.712,False
STU_0036,7,4,1,0,0,19,148.0,2,0,2,81.8,84.3,0.89,9.54,1,1,0,2.2,,0,,consistently_engaged,0.718,False
STU_0036,8,5,0,0,0,13,162.7,1,0,2,80.1,83.8,-3.56,9.28,0,2,0,1.6,0.39,0,4.0,consistently_engaged,0.759,False
STU_0036,9,4,1,0,1,12,123.2,2,0,1,73.1,82.6,-4.34,14.15,1,0,0,3.2,,0,,consistently_engaged,0.763,False
STU_0036,10,5,0,1,0,10,151.9,2,0,1,74.9,81.8,-2.62,8.88,1,1,0,0.5,-0.05,0,3.0,consistently_engaged,0.78,False
STU_0036,11,5,0,1,0,18,149.0,2,0,2,86.2,82.2,6.55,33.65,3,1,1,1.6,,0,,consistently_engaged,0.79,False
STU_0036,12,4,1,0,0,20,173.6,2,0,2,76.7,81.8,0.92,24.57,0,0,1,6.0,0.87,0,4.0,consistently_engaged,0.779,False
STU_0036,13,5,0,2,0,18,159.2,2,1,2,77.4,81.4,-4.38,18.57,1,1,0,0.4,,0,,consistently_engaged,0.825,False
STU_0036,14,5,0,0,0,16,171.2,2,0,0,82.1,81.5,2.7,5.76,3,1,1,0.0,0.45,0,5.0,consistently_engaged,0.765,False
STU_0036,15,5,0,0,0,12,134.1,2,0,0,86.7,81.8,4.64,14.35,4,0,0,0.7,,0,,consistently_engaged,0.764,False
STU_0036,16,5,0,1,0,13,125.4,2,0,2,82.6,81.9,0.26,4.2,1,0,0,9.3,0.72,0,5.0,consistently_engaged,0.725,False
STU_0037,1,5,0,0,0,18,169.8,2,1,3,96.4,96.4,0.0,0.0,3,1,0,1.8,,0,,consistently_engaged,0.878,False
STU_0037,2,5,0,0,0,14,181.9,2,0,0,82.7,89.6,-13.77,47.42,3,0,0,0.6,0.6,0,4.0,consistently_engaged,0.879,False
STU_0037,3,4,1,0,1,14,168.1,2,0,5,82.9,87.3,-6.79,41.54,5,1,0,3.4,,0,,consistently_engaged,0.87,False
STU_0037,4,5,0,0,0,17,170.6,2,0,0,92.7,88.7,5.01,21.84,1,0,1,3.0,0.93,0,5.0,consistently_engaged,0.893,False
STU_0037,5,5,0,0,0,23,122.7,2,0,2,87.9,88.5,2.5,16.04,5,0,0,2.4,,0,,consistently_engaged,0.901,False
STU_0037,6,5,0,0,0,23,199.1,3,1,1,95.4,89.7,1.35,9.64,3,0,0,1.3,0.72,0,5.0,consistently_engaged,0.938,False
STU_0037,7,5,0,0,0,22,193.8,3,0,1,93.2,90.2,2.68,9.96,2,0,0,0.3,,0,,consistently_engaged,0.906,False
STU_0037,8,4,1,0,0,16,190.8,2,0,2,90.4,90.2,-2.49,4.17,1,0,0,0.9,1.0,0,5.0,consistently_engaged,0.874,False
STU_0037,9,5,0,0,0,20,144.8,2,0,1,87.9,89.9,-2.66,4.71,2,1,0,0.7,,0,,consistently_engaged,0.86,False
STU_0037,10,4,1,0,0,18,142.5,2,0,1,86.9,89.6,-1.75,2.15,3,0,0,0.8,0.78,0,5.0,consistently_engaged,0.88,False
STU_0037,11,5,0,0,0,19,174.7,2,0,2,93.9,90.0,2.97,9.4,1,1,0,0.9,,0,,consistently_engaged,0.872,False
STU_0037,12,4,1,0,0,13,160.9,3,0,0,80.3,89.2,-3.29,30.54,1,0,0,0.1,0.93,0,5.0,consistently_engaged,0.826,False
STU_0037,13,4,1,0,0,18,138.6,2,0,4,93.6,89.6,-0.11,40.04,1,0,0,0.6,,0,,consistently_engaged,0.841,False
STU_0037,14,3,2,0,1,19,168.1,1,0,2,83.7,89.1,1.7,31.87,1,0,1,4.0,0.8,0,5.0,consistently_engaged,0.815,False
STU_0037,15,5,0,0,0,15,162.4,2,0,3,98.8,89.8,2.6,39.31,2,0,0,0.1,,0,,consistently_engaged,0.814,False
STU_0037,16,3,2,0,1,17,129.4,1,0,3,77.9,89.1,-2.9,77.73,1,0,0,0.5,0.53,0,5.0,consistently_engaged,0.801,False
STU_0038,1,4,1,0,0,15,160.3,2,2,1,78.4,78.4,0.0,0.0,3,0,1,1.1,,0,,consistently_engaged,0.84,False
STU_0038,2,3,2,0,1,14,199.4,2,0,4,85.0,81.7,6.53,10.64,0,2,0,1.2,0.88,0,5.0,consistently_engaged,0.821,False
STU_0038,3,5,0,0,0,19,159.1,2,1,2,81.9,81.8,1.72,7.1,2,1,1,2.4,,0,,consistently_engaged,0.845,False
STU_0038,4,5,0,1,0,19,200.0,2,0,4,96.4,85.4,5.71,38.84,3,0,0,2.4,0.56,0,3.0,consistently_engaged,0.835,False
STU_0038,5,5,0,0,0,14,149.0,2,0,3,90.0,86.3,4.07,35.16,0,0,0,0.5,,0,,consistently_engaged,0.778,False
STU_0038,6,4,1,0,1,13,148.0,2,0,1,75.3,84.5,-10.55,78.14,5,0,1,0.4,1.0,0,4.0,consistently_engaged,0.755,False
STU_0038,7,3,2,1,0,11,164.9,2,0,0,76.0,83.3,-7.01,46.14,4,0,0,4.0,,0,,consistently_engaged,0.76,False
STU_0038,8,4,1,1,0,16,161.8,2,0,2,74.3,82.2,-0.51,0.52,4,1,1,1.7,0.49,0,4.0,consistently_engaged,0.783,False
STU_0038,9,5,0,0,0,15,131.1,1,0,3,80.1,81.9,2.06,6.06,4,1,0,1.3,,1,,consistently_engaged,0.77,False
STU_0038,10,5,0,3,0,17,160.0,2,0,3,79.7,81.7,2.72,7.15,2,1,0,1.2,0.63,0,4.0,consistently_engaged,0.797,False
STU_0038,11,4,1,1,1,17,169.7,2,1,1,88.9,82.4,4.4,18.13,2,0,1,1.7,,0,,consistently_engaged,0.792,False
STU_0038,12,5,0,0,0,13,150.8,2,0,1,79.3,82.1,-0.18,19.76,3,2,1,0.3,0.63,0,3.0,consistently_engaged,0.78,False
STU_0038,13,5,0,0,0,13,155.8,1,0,0,86.3,82.4,-1.33,16.41,0,0,0,1.3,,0,,consistently_engaged,0.842,False
STU_0038,14,4,1,0,1,18,140.1,1,0,5,74.9,81.9,-2.21,21.93,0,0,0,0.4,0.73,0,4.0,consistently_engaged,0.812,False
STU_0038,15,5,0,0,0,17,162.4,2,0,3,74.3,81.4,-6.01,30.49,3,1,0,0.1,,0,,consistently_engaged,0.787,False
STU_0038,16,4,1,0,1,12,145.9,1,0,4,88.7,81.8,6.89,44.29,1,1,0,2.6,0.87,0,4.0,consistently_engaged,0.79,False
STU_0039,1,4,1,0,0,17,153.1,2,0,4,85.0,85.0,0.0,0.0,1,1,0,0.3,,0,,consistently_engaged,0.848,False
STU_0039,2,5,0,1,0,19,175.1,2,0,3,90.3,87.7,5.26,6.91,3,1,0,1.3,0.42,0,3.0,consistently_engaged,0.876,False
STU_0039,3,5,0,0,0,17,164.1,2,0,3,85.1,86.8,0.05,6.02,1,1,0,0.4,,0,,consistently_engaged,0.853,False
STU_0039,4,4,1,0,1,14,182.8,2,1,2,80.5,85.2,-4.9,16.0,1,0,0,3.5,0.74,0,4.0,consistently_engaged,0.859,False
STU_0039,5,5,0,0,0,19,201.3,2,0,4,91.8,86.6,3.33,21.56,1,0,0,2.2,,0,,consistently_engaged,0.898,False
STU_0039,6,4,1,0,0,24,151.4,1,0,1,87.3,86.7,3.4,21.62,4,0,0,1.8,0.11,0,5.0,consistently_engaged,0.861,False
STU_0039,7,5,0,0,0,17,133.1,2,1,2,80.1,85.7,-5.88,23.45,2,0,0,0.2,,0,,consistently_engaged,0.855,False
STU_0039,8,4,1,0,1,15,217.8,2,2,1,87.7,86.0,0.2,12.36,2,1,0,1.2,0.46,0,4.0,consistently_engaged,0.829,False
STU_0039,9,5,0,0,0,15,158.6,1,1,2,91.1,86.5,5.53,21.41,3,0,0,0.2,,0,,consistently_engaged,0.808,False
STU_0039,10,5,0,0,0,17,165.8,3,0,4,76.8,85.6,-5.46,37.41,1,2,0,1.2,0.92,0,5.0,consistently_engaged,0.77,False
STU_0039,11,4,1,1,0,20,136.4,3,0,2,88.5,85.8,-1.3,38.93,2,1,0,0.9,,0,,consistently_engaged,0.771,False
STU_0039,12,5,0,0,0,15,127.6,2,0,3,74.9,84.9,-0.93,36.3,2,0,0,0.1,0.47,0,4.0,consistently_engaged,0.783,False
STU_0039,13,4,1,0,1,18,159.9,3,0,2,84.1,84.9,-2.21,32.15,1,1,0,2.9,,0,,consistently_engaged,0.841,False
STU_0039,14,5,0,0,0,14,177.3,1,0,4,89.9,85.2,7.52,38.29,2,1,0,2.8,0.68,0,4.0,consistently_engaged,0.848,False
STU_0039,15,5,0,0,0,20,165.7,2,0,1,83.2,85.1,-0.48,9.01,1,1,0,0.6,,0,,consistently_engaged,0.821,False
STU_0039,16,4,1,0,0,17,173.5,2,0,2,88.9,85.3,-0.55,8.87,3,0,1,0.1,-0.09,0,4.0,consistently_engaged,0.845,False
STU_0040,1,5,0,0,0,24,187.0,3,0,0,87.8,87.8,0.0,0.0,4,1,1,1.1,,0,,consistently_engaged,0.886,False
STU_0040,2,4,1,0,0,17,159.2,3,1,2,78.6,83.2,-9.17,21.03,0,2,0,0.2,0.43,0,2.0,consistently_engaged,0.875,False
STU_0040,3,4,1,0,0,15,192.4,2,0,2,87.7,84.7,-0.08,18.38,1,0,0,0.4,,0,,consistently_engaged,0.863,False
STU_0040,4,5,0,0,0,24,159.6,1,0,4,84.2,84.6,2.79,13.8,3,1,0,1.1,1.0,0,5.0,consistently_engaged,0.832,False
STU_0040,5,5,0,0,0,23,170.5,2,0,1,84.5,84.6,-1.58,2.43,2,1,0,2.7,,0,,consistently_engaged,0.817,False
STU_0040,6,4,1,0,0,16,157.3,3,0,3,82.2,84.2,-1.02,1.06,5,1,1,0.4,0.62,0,5.0,consistently_engaged,0.836,False
STU_0040,7,4,1,0,1,18,136.5,1,1,3,79.6,83.5,-2.45,3.99,3,0,0,2.0,,0,,consistently_engaged,0.818,False
STU_0040,8,4,1,1,0,15,156.6,2,0,5,78.1,82.8,-2.06,2.9,1,0,1,2.2,0.34,0,5.0,consistently_engaged,0.803,False
STU_0040,9,4,1,0,0,18,188.8,1,0,3,90.4,83.7,5.41,30.27,0,0,0,0.4,,0,,consistently_engaged,0.794,False
STU_0040,10,4,1,0,0,18,148.5,1,2,0,77.6,83.1,-0.24,35.35,2,1,1,2.6,0.68,0,4.0,consistently_engaged,0.743,False
STU_0040,11,4,1,0,1,11,132.2,2,0,0,77.1,82.5,-6.68,38.21,2,0,0,2.1,,0,,consistently_engaged,0.79,False
STU_0040,12,4,1,1,0,17,160.2,2,0,1,87.3,82.9,4.84,22.01,1,1,0,0.5,0.7,0,3.0,consistently_engaged,0.819,False
STU_0040,13,4,1,0,0,12,199.7,2,0,0,74.4,82.3,-1.34,30.81,0,1,0,0.2,,0,,consistently_engaged,0.818,False
STU_0040,14,4,1,0,1,17,163.9,2,0,1,78.4,82.0,-4.46,29.01,3,0,0,5.0,0.54,0,4.0,consistently_engaged,0.831,False
STU_0040,15,5,0,0,0,18,159.7,2,1,3,84.0,82.1,4.8,15.5,3,1,0,1.9,,0,,consistently_engaged,0.757,False
STU_0040,16,4,1,0,0,11,143.6,1,0,3,78.9,81.9,0.27,6.42,4,2,0,0.7,0.67,0,5.0,consistently_engaged,0.673,False
STU_0041,1,3,2,0,2,18,142.3,1,0,6,77.6,77.6,0.0,0.0,1,0,0,2.9,,0,,consistently_engaged,0.77,False
STU_0041,2,5,0,1,0,16,157.1,2,0,3,77.7,77.7,0.12,0.0,1,2,0,0.9,0.45,1,5.0,consistently_engaged,0.761,False
STU_0041,3,4,1,2,1,16,134.2,2,0,3,85.7,80.3,4.02,14.13,4,1,0,3.7,,0,,consistently_engaged,0.768,False
STU_0041,4,5,0,0,0,14,133.3,3,0,0,79.2,80.1,0.72,11.85,0,0,0,0.3,0.41,0,5.0,consistently_engaged,0.8,False
STU_0041,5,3,2,0,1,16,159.2,1,0,3,82.6,80.6,-1.53,7.0,5,0,1,0.0,,1,,consistently_engaged,0.791,False
STU_0041,6,5,0,1,0,14,153.9,2,0,1,94.9,83.0,7.86,45.61,3,0,0,0.7,0.47,0,4.0,consistently_engaged,0.871,False
STU_0041,7,5,0,0,0,22,138.2,2,0,5,85.5,83.3,1.43,27.67,4,1,0,0.9,,0,,consistently_engaged,0.839,False
STU_0041,8,5,0,1,0,21,210.4,1,0,1,82.7,83.2,-6.09,27.23,2,0,0,3.2,0.49,1,3.0,consistently_engaged,0.856,False
STU_0041,9,4,1,0,0,18,173.6,2,0,2,73.5,82.2,-5.95,25.95,1,1,0,0.3,,0,,consistently_engaged,0.8,False
STU_0041,10,5,0,0,0,17,156.0,2,0,3,85.8,82.5,1.53,27.08,1,0,0,0.8,0.32,0,3.0,consistently_engaged,0.814,False
STU_0041,11,5,0,0,0,21,141.6,2,0,3,85.3,82.8,5.89,32.11,3,1,1,2.2,,0,,consistently_engaged,0.85,False
STU_0041,12,4,1,0,0,18,152.5,1,0,3,93.0,83.6,3.63,12.49,0,1,1,2.9,0.47,0,4.0,consistently_engaged,0.846,False
STU_0041,13,5,0,0,0,20,159.8,2,0,3,80.2,83.4,-2.58,28.0,0,1,1,0.1,,0,,consistently_engaged,0.869,False
STU_0041,14,5,0,0,0,15,240.3,3,0,6,94.3,84.2,0.63,40.78,1,0,0,0.3,0.6,1,5.0,consistently_engaged,0.924,False
STU_0041,15,5,0,0,0,22,248.1,1,0,0,91.8,84.7,5.84,38.01,5,1,0,1.6,,0,,consistently_engaged,0.917,False
STU_0041,16,4,1,0,1,17,211.7,3,0,5,88.0,84.9,-3.16,6.77,4,2,0,2.3,0.55,0,5.0,consistently_engaged,0.896,False
STU_0042,1,5,0,0,0,13,187.9,2,1,3,80.4,80.4,0.0,0.0,0,1,1,0.5,,0,,consistently_engaged,0.763,False
STU_0042,2,5,0,0,0,18,166.8,1,0,2,76.4,78.4,-4.02,4.04,1,0,0,0.7,0.25,0,5.0,consistently_engaged,0.788,False
STU_0042,3,5,0,1,0,17,182.9,3,1,1,92.3,83.1,5.94,45.54,1,0,0,0.4,,0,,consistently_engaged,0.772,False
STU_0042,4,2,3,0,1,18,129.7,1,2,1,78.4,81.9,0.99,50.01,1,0,0,0.5,0.29,0,4.0,consistently_engaged,0.778,False
STU_0042,5,5,0,0,0,18,169.8,2,0,5,85.4,82.6,-3.46,32.25,0,2,0,0.5,,0,,consistently_engaged,0.809,False
STU_0042,6,4,1,0,0,18,163.3,2,1,1,98.2,85.2,9.89,67.09,0,0,0,1.9,0.45,0,4.0,consistently_engaged,0.822,False
STU_0042,7,5,0,0,0,19,134.0,2,0,3,89.8,85.9,2.21,28.11,3,0,1,1.2,,0,,consistently_engaged,0.86,False
STU_0042,8,2,3,1,0,17,196.6,2,0,1,79.7,85.1,-9.25,57.21,1,1,0,0.6,0.72,0,5.0,consistently_engaged,0.833,False
STU_0042,9,3,2,0,1,13,157.9,2,0,3,83.9,85.0,-2.96,17.28,2,2,0,0.3,,0,,consistently_engaged,0.831,False
STU_0042,10,5,0,1,0,20,140.8,1,0,0,80.2,84.5,0.27,3.52,1,0,0,2.2,0.44,0,4.0,consistently_engaged,0.823,False
STU_0042,11,5,0,1,0,19,150.1,2,0,2,92.2,85.2,4.14,24.96,1,1,1,0.6,,0,,consistently_engaged,0.8,False
STU_0042,12,4,1,0,0,18,132.4,2,0,5,82.0,84.9,0.89,27.71,2,0,1,0.8,0.73,0,4.0,consistently_engaged,0.82,False
STU_0042,13,5,0,0,0,17,159.2,2,0,1,92.1,85.5,-0.06,22.72,2,1,0,1.1,,0,,consistently_engaged,0.868,False
STU_0042,14,4,1,0,0,16,252.7,2,0,1,86.8,85.6,2.41,16.84,3,2,1,1.5,0.3,0,4.0,consistently_engaged,0.878,False
STU_0042,15,5,0,0,0,19,147.3,2,0,0,90.1,85.9,-0.97,4.65,3,2,0,0.9,,0,,consistently_engaged,0.912,False
STU_0042,16,5,0,0,0,22,167.6,2,0,5,88.7,86.0,0.91,1.81,5,0,1,0.7,0.71,0,5.0,consistently_engaged,0.915,False
STU_0043,1,5,0,0,0,15,178.6,3,0,2,84.1,84.1,0.0,0.0,3,1,1,1.0,,0,,consistently_engaged,0.876,False
STU_0043,2,5,0,1,0,18,198.5,2,0,3,93.1,88.6,9.03,20.37,4,1,0,0.8,1.0,0,5.0,consistently_engaged,0.85,False
STU_0043,3,5,0,0,0,17,154.4,2,0,2,84.4,87.2,0.17,17.45,0,1,0,2.0,,0,,consistently_engaged,0.816,False
STU_0043,4,5,0,0,0,21,155.3,2,0,2,84.2,86.4,-4.46,17.22,3,1,0,2.6,0.29,0,5.0,consistently_engaged,0.85,False
STU_0043,5,5,0,0,0,18,152.0,2,0,2,83.5,85.8,-0.44,0.14,1,0,0,2.5,,0,,consistently_engaged,0.863,False
STU_0043,6,5,0,0,0,18,211.8,1,0,5,79.0,84.7,-2.57,5.23,2,0,1,0.3,0.66,0,5.0,consistently_engaged,0.83,False
STU_0043,7,5,0,1,0,21,174.5,1,0,1,86.6,85.0,1.56,9.75,3,0,1,3.0,,0,,consistently_engaged,0.789,False
STU_0043,8,5,0,1,0,20,154.3,3,2,3,69.5,83.0,-4.78,49.28,2,1,0,0.3,0.34,1,5.0,consistently_engaged,0.787,False
STU_0043,9,4,1,1,0,17,134.5,2,1,2,71.6,81.8,-7.52,58.34,2,0,0,1.2,,0,,consistently_engaged,0.771,False
STU_0043,10,5,0,0,0,13,146.9,2,0,3,79.7,81.6,5.11,19.42,2,1,0,0.7,1.0,0,4.0,consistently_engaged,0.775,False
STU_0043,11,4,1,1,1,11,187.5,2,0,1,86.3,82.0,7.35,36.11,4,1,0,2.1,,0,,consistently_engaged,0.742,False
STU_0043,12,5,0,1,0,15,124.0,2,0,3,76.7,81.5,-1.51,16.11,2,1,0,0.1,0.67,0,4.0,consistently_engaged,0.745,False
STU_0043,13,4,1,0,0,13,162.7,1,0,1,88.7,82.1,1.23,27.13,2,0,0,1.1,,0,,consistently_engaged,0.808,False
STU_0043,14,4,1,0,0,15,193.5,2,0,5,84.3,82.3,3.82,24.85,1,0,0,1.0,0.87,0,4.0,consistently_engaged,0.829,False
STU_0043,15,4,1,1,0,17,202.0,2,0,1,74.0,81.7,-7.37,38.08,2,1,0,1.1,,0,,consistently_engaged,0.824,False
STU_0043,16,3,2,1,1,16,90.6,2,1,2,75.1,81.3,-4.58,21.26,3,0,0,1.4,0.04,0,3.0,consistently_engaged,0.761,False
STU_0044,1,5,0,2,0,20,156.0,2,0,4,94.3,94.3,0.0,0.0,3,0,0,0.3,,0,,consistently_engaged,0.832,False
STU_0044,2,5,0,0,0,22,176.0,2,0,0,76.1,85.2,-18.25,83.24,2,1,1,0.8,0.35,0,5.0,consistently_engaged,0.845,False
STU_0044,3,5,0,0,0,16,159.9,2,0,3,91.3,87.2,-1.52,63.73,4,1,0,0.8,,0,,consistently_engaged,0.868,False
STU_0044,4,4,1,0,0,15,120.1,2,1,0,83.2,86.2,3.57,38.61,3,1,0,0.6,0.67,0,4.0,consistently_engaged,0.88,False
STU_0044,5,3,2,1,0,18,157.4,3,0,0,86.4,86.3,-2.45,11.02,1,0,0,0.7,,0,,consistently_engaged,0.848,False
STU_0044,6,5,0,1,0,16,121.4,2,0,2,91.5,87.1,4.16,11.76,2,1,0,0.7,1.0,0,5.0,consistently_engaged,0.839,False
STU_0044,7,5,0,0,0,15,174.0,1,0,3,86.6,87.1,0.11,5.66,2,1,0,0.2,,0,,consistently_engaged,0.835,False
STU_0044,8,4,1,0,0,24,137.8,2,0,6,78.7,86.0,-6.41,27.9,1,1,1,3.9,0.68,0,3.0,consistently_engaged,0.821,False
STU_0044,9,5,0,0,0,13,100.9,2,0,1,94.2,86.9,3.78,39.84,1,1,0,0.1,,0,,consistently_engaged,0.84,False
STU_0044,10,4,1,0,0,17,145.0,1,0,2,86.1,86.8,3.71,39.85,3,1,1,0.1,0.34,0,4.0,consistently_engaged,0.847,False
STU_0044,11,4,1,0,0,17,180.1,2,0,4,100.0,88.0,2.91,32.35,0,2,0,2.0,,0,,consistently_engaged,0.882,False
STU_0044,12,4,1,0,0,24,208.8,3,2,0,90.9,88.3,2.36,33.16,1,1,1,0.2,1.0,0,5.0,consistently_engaged,0.957,False
STU_0044,13,5,0,0,0,16,142.6,3,0,2,100.0,89.2,-0.0,18.59,2,1,0,1.4,,0,,consistently_engaged,0.949,False
STU_0044,14,5,0,0,0,17,155.2,2,0,2,100.0,89.9,4.57,18.59,0,0,0,0.4,0.66,0,5.0,consistently_engaged,0.959,False
STU_0044,15,5,0,1,0,16,228.8,2,0,7,79.7,89.3,-10.13,91.26,4,2,0,0.3,,0,,consistently_engaged,0.98,False
STU_0044,16,5,0,1,0,20,161.6,1,0,1,95.3,89.6,-2.34,75.07,3,1,0,2.2,1.0,0,4.0,consistently_engaged,0.955,False
STU_0045,1,3,2,0,1,21,164.0,1,0,1,79.5,79.5,0.0,0.0,1,1,1,0.6,,0,,consistently_engaged,0.823,False
STU_0045,2,5,0,0,0,24,165.0,3,0,4,86.4,83.0,6.82,11.61,0,0,0,1.0,1.0,0,4.0,consistently_engaged,0.871,False
STU_0045,3,5,0,0,0,17,191.4,3,0,0,83.7,83.2,2.06,7.85,3,1,0,1.7,,0,,consistently_engaged,0.93,False
STU_0045,4,5,0,0,0,25,189.4,2,0,3,86.4,84.0,0.0,1.62,2,1,1,0.4,1.0,0,5.0,consistently_engaged,0.947,False
STU_0045,5,5,0,0,0,23,156.6,2,0,3,90.5,85.3,3.43,7.96,5,1,0,1.2,,0,,consistently_engaged,0.967,False
STU_0045,6,4,1,0,0,16,243.9,2,0,2,84.7,85.2,-0.84,6.03,3,2,0,1.1,1.0,0,4.0,consistently_engaged,0.98,False
STU_0045,7,5,0,0,0,22,193.4,2,0,1,97.0,86.9,3.25,25.42,0,1,0,1.3,,0,,consistently_engaged,0.979,False
STU_0045,8,4,1,0,1,21,154.7,2,0,2,100.0,88.5,7.66,44.01,2,1,0,1.7,0.58,0,5.0,consistently_engaged,0.98,False
STU_0045,9,4,1,1,1,21,181.1,2,0,3,99.1,89.7,1.03,1.55,3,0,0,0.6,,0,,consistently_engaged,0.971,False
STU_0045,10,5,0,1,0,19,210.7,1,0,3,95.6,90.3,-2.18,3.53,0,0,1,0.3,1.0,0,5.0,consistently_engaged,0.944,False
STU_0045,11,5,0,0,0,22,208.1,2,0,1,93.6,90.6,-2.76,5.18,1,0,0,1.6,,0,,consistently_engaged,0.98,False
STU_0045,12,4,1,0,1,15,190.5,2,0,1,81.7,89.8,-6.98,37.83,1,2,0,2.1,1.0,0,5.0,consistently_engaged,0.98,False
STU_0045,13,5,0,0,0,15,172.4,2,0,1,87.2,89.6,-3.17,23.58,0,1,0,1.2,,0,,consistently_engaged,0.961,False
STU_0045,14,5,0,0,0,20,198.3,2,0,4,96.0,90.1,7.14,34.58,4,0,1,0.4,1.0,1,5.0,consistently_engaged,0.948,False
STU_0045,15,5,0,0,0,21,203.5,2,0,3,85.1,89.8,-1.04,21.95,3,1,0,1.8,,0,,consistently_engaged,0.955,False
STU_0045,16,5,0,0,0,15,149.5,3,0,2,83.3,89.4,-6.35,31.29,2,2,0,0.5,1.0,0,4.0,consistently_engaged,0.877,False
STU_0046,1,4,1,0,0,15,157.3,2,0,4,88.8,88.8,0.0,0.0,4,0,1,1.4,,0,,consistently_engaged,0.882,False
STU_0046,2,5,0,0,0,17,166.5,2,0,3,85.7,87.3,-3.16,2.5,1,0,0,0.6,0.57,0,4.0,consistently_engaged,0.89,False
STU_0046,3,3,2,0,2,18,201.6,2,0,1,82.2,85.6,-3.34,7.43,1,1,0,0.5,,0,,consistently_engaged,0.864,False
STU_0046,4,4,1,0,0,20,138.4,2,0,4,83.6,85.1,-1.02,2.07,3,0,0,0.6,0.54,0,5.0,consistently_engaged,0.886,False
STU_0046,5,5,0,0,0,20,176.7,1,0,1,75.1,83.1,-3.53,13.88,2,0,0,0.3,,0,,consistently_engaged,0.847,False
STU_0046,6,5,0,2,0,19,138.6,2,0,1,91.2,84.4,3.8,43.41,1,2,1,0.6,0.89,0,4.0,consistently_engaged,0.854,False
STU_0046,7,4,1,0,0,14,119.1,2,0,1,84.9,84.5,4.92,44.06,1,1,0,0.1,,0,,consistently_engaged,0.837,False
STU_0046,8,5,0,0,0,20,179.1,2,0,1,90.3,85.2,-0.44,7.73,2,1,0,0.6,0.76,0,4.0,consistently_engaged,0.884,False
STU_0046,9,4,1,1,0,21,166.2,2,0,3,90.7,85.9,2.89,6.99,1,1,0,2.3,,0,,consistently_engaged,0.882,False
STU_0046,10,5,0,0,0,17,136.4,2,0,4,92.5,86.5,1.08,0.89,0,1,0,0.6,0.07,0,5.0,consistently_engaged,0.903,False
STU_0046,11,4,1,0,0,20,199.7,2,0,3,87.6,86.6,-1.54,4.03,0,0,0,0.3,,0,,consistently_engaged,0.877,False
STU_0046,12,4,1,0,0,17,187.6,1,0,1,91.0,87.0,-0.75,4.13,5,0,0,2.1,0.76,0,5.0,consistently_engaged,0.866,False
STU_0046,13,5,0,1,0,17,156.2,2,0,2,85.7,86.9,-0.97,4.78,2,0,0,0.3,,0,,consistently_engaged,0.854,False
STU_0046,14,4,1,0,0,18,152.2,2,0,2,86.3,86.8,-2.35,5.61,3,1,0,0.8,-0.13,0,4.0,consistently_engaged,0.9,False
STU_0046,15,4,1,0,0,20,164.4,2,0,4,91.2,87.1,2.76,6.11,4,0,1,0.8,,0,,consistently_engaged,0.898,False
STU_0046,16,4,1,0,1,18,161.4,3,0,1,88.6,87.2,1.16,4.05,2,0,0,4.6,0.87,1,4.0,consistently_engaged,0.897,False
STU_0047,1,4,1,0,0,18,203.1,2,0,2,89.4,89.4,0.0,0.0,3,1,0,0.5,,0,,consistently_engaged,0.865,False
STU_0047,2,4,1,0,1,22,132.5,3,0,4,90.1,89.7,0.68,0.12,3,0,0,0.1,0.9,0,4.0,consistently_engaged,0.854,False
STU_0047,3,4,1,0,0,19,123.0,3,1,1,85.7,88.4,-1.84,3.67,1,2,1,2.1,,0,,consistently_engaged,0.835,False
STU_0047,4,4,1,0,1,19,120.7,2,0,4,86.2,87.8,-1.94,3.8,0,1,0,2.0,1.0,0,4.0,consistently_engaged,0.813,False
STU_0047,5,5,0,0,0,14,121.6,3,1,2,84.1,87.1,-0.82,0.82,2,1,0,3.8,,0,,consistently_engaged,0.754,False
STU_0047,6,3,2,0,1,8,126.8,2,1,1,73.9,84.9,-6.16,28.92,5,1,0,1.6,0.49,0,3.0,consistently_engaged,0.744,False
STU_0047,7,5,0,0,0,21,184.9,2,0,4,79.8,84.2,-2.11,17.5,4,0,0,0.3,,0,,consistently_engaged,0.733,False
STU_0047,8,3,2,0,0,17,125.5,2,1,2,79.6,83.6,2.89,7.69,3,1,0,2.9,0.68,1,3.0,consistently_engaged,0.726,False
STU_0047,9,2,3,0,3,19,122.5,2,1,2,74.8,82.6,-2.5,5.35,5,1,0,5.0,,0,,consistently_engaged,0.754,False
STU_0047,10,3,2,0,1,13,177.4,2,0,0,80.6,82.4,0.5,6.42,3,0,0,0.9,0.77,0,5.0,consistently_engaged,0.769,False
STU_0047,11,5,0,0,0,15,140.8,1,1,0,88.1,82.9,6.65,29.6,2,1,1,1.6,,0,,consistently_engaged,0.743,False
STU_0047,12,5,0,0,0,16,164.3,2,0,1,82.1,82.9,0.72,10.52,3,0,0,9.0,0.1,0,4.0,consistently_engaged,0.739,False
STU_0047,13,5,0,0,0,15,166.6,2,0,3,71.7,82.0,-8.19,45.77,2,0,0,0.8,,0,,consistently_engaged,0.747,False
STU_0047,14,4,1,1,0,15,142.6,2,0,2,81.8,82.0,-0.14,23.13,1,1,1,0.3,0.6,0,5.0,consistently_engaged,0.799,False
STU_0047,15,4,1,1,0,19,109.9,2,0,4,78.3,81.7,3.26,17.36,0,1,0,3.9,,0,,consistently_engaged,0.824,False
STU_0047,16,3,2,0,1,20,152.1,2,0,2,94.4,82.5,6.32,48.25,1,0,0,1.7,0.25,0,3.0,consistently_engaged,0.83,False
STU_0048,1,5,0,0,0,15,157.2,2,0,2,76.9,76.9,0.0,0.0,2,0,0,1.6,,0,,consistently_engaged,0.769,False
STU_0048,2,5,0,2,0,8,153.8,2,0,3,83.9,80.4,7.03,12.36,1,1,0,1.8,0.88,0,5.0,consistently_engaged,0.757,False
STU_0048,3,4,1,1,0,16,124.3,2,0,2,86.5,82.4,4.79,16.41,3,1,1,0.5,,0,,consistently_engaged,0.775,False
STU_0048,4,4,1,0,0,20,124.3,2,0,0,80.3,81.9,-1.84,6.53,6,0,1,0.1,0.26,0,5.0,consistently_engaged,0.817,False
STU_0048,5,5,0,0,0,15,176.7,2,0,2,80.5,81.6,-3.01,8.34,2,0,0,0.9,,0,,consistently_engaged,0.834,False
STU_0048,6,4,1,1,0,13,113.8,1,0,1,76.0,80.7,-2.12,4.18,2,1,0,0.9,0.44,0,3.0,consistently_engaged,0.776,False
STU_0048,7,5,0,1,0,14,144.6,3,0,3,93.7,82.5,6.63,56.48,1,1,0,1.4,,0,,consistently_engaged,0.744,False
STU_0048,8,5,0,2,0,15,122.6,2,0,3,89.5,83.4,6.76,57.0,1,0,1,1.1,0.57,1,5.0,consistently_engaged,0.805,False
STU_0048,9,5,0,0,0,15,155.3,2,0,2,85.9,83.7,-3.89,10.11,5,1,1,0.5,,0,,consistently_engaged,0.807,False
STU_0048,10,3,2,0,2,17,157.4,2,0,4,78.9,83.2,-5.32,19.5,1,0,0,2.3,0.33,0,5.0,consistently_engaged,0.795,False
STU_0048,11,4,1,0,1,21,167.2,2,0,2,85.8,83.4,-0.09,10.71,2,0,0,0.9,,0,,consistently_engaged,0.842,False
STU_0048,12,5,0,1,0,14,154.3,3,0,3,92.2,84.2,6.67,29.64,1,1,0,0.1,0.81,0,3.0,consistently_engaged,0.826,False
STU_0048,13,4,1,0,0,15,160.7,2,2,1,91.5,84.7,2.89,8.43,0,0,0,3.6,,0,,consistently_engaged,0.821,False
STU_0048,14,5,0,0,0,20,160.0,3,0,1,92.0,85.3,-0.14,0.08,4,0,1,1.4,0.2,0,5.0,consistently_engaged,0.906,False
STU_0048,15,5,0,1,0,18,151.2,2,0,3,84.0,85.2,-3.75,13.21,3,1,0,1.1,,0,,consistently_engaged,0.899,False
STU_0048,16,4,1,0,1,15,176.5,2,0,5,91.3,85.6,-0.35,12.78,1,1,0,0.5,1.0,0,5.0,consistently_engaged,0.904,False
STU_0049,1,5,0,0,0,28,186.6,2,0,4,100.0,100.0,0.0,0.0,2,1,0,0.2,,0,,consistently_engaged,0.974,False
STU_0049,2,5,0,0,0,19,208.9,2,0,2,89.7,94.9,-10.27,26.38,3,2,1,1.0,1.0,0,5.0,consistently_engaged,0.971,False
STU_0049,3,5,0,1,0,16,147.6,2,0,3,99.4,96.4,-0.31,22.14,2,2,0,0.4,,0,,consistently_engaged,0.98,False
STU_0049,4,5,0,0,0,19,209.7,2,0,6,100.0,97.3,5.14,22.14,3,0,0,0.7,1.0,0,5.0,consistently_engaged,0.98,False
STU_0049,5,5,0,0,0,20,167.8,1,0,2,100.0,97.8,0.31,0.08,2,1,0,1.9,,0,,consistently_engaged,0.98,False
STU_0049,6,5,0,0,0,24,213.7,2,0,3,94.7,97.3,-2.63,6.14,3,1,0,0.6,0.98,0,4.0,consistently_engaged,0.98,False
STU_0049,7,5,0,0,0,16,164.2,2,0,1,92.2,96.6,-3.9,10.55,1,1,0,0.3,,0,,consistently_engaged,0.946,False
STU_0049,8,5,0,0,0,12,218.2,3,0,1,96.5,96.6,0.9,3.17,0,1,0,1.1,1.0,0,5.0,consistently_engaged,0.977,False
STU_0049,9,4,1,0,0,13,164.3,2,1,0,92.9,96.2,0.37,3.6,2,1,0,0.4,,0,,consistently_engaged,0.952,False
STU_0049,10,4,1,0,0,22,206.8,2,0,1,83.4,94.9,-6.55,30.5,1,0,0,0.3,1.0,0,5.0,consistently_engaged,0.958,False
STU_0049,11,5,0,0,0,15,178.4,1,0,1,93.7,94.8,0.36,21.66,0,1,1,3.8,,0,,consistently_engaged,0.942,False
STU_0049,12,5,0,0,0,19,198.8,2,0,4,89.9,94.4,3.24,17.81,4,1,0,2.3,1.0,0,5.0,consistently_engaged,0.934,False
STU_0049,13,5,0,1,0,15,150.8,3,1,2,80.4,93.3,-6.61,30.98,3,1,0,2.2,,0,,consistently_engaged,0.908,False
STU_0049,14,4,1,1,0,20,165.6,2,1,1,83.7,92.6,-3.09,15.47,3,1,0,1.6,0.72,0,5.0,consistently_engaged,0.875,False
STU_0049,15,4,1,0,0,12,150.8,2,0,1,88.4,92.3,3.96,10.57,1,1,0,0.9,,0,,consistently_engaged,0.86,False
STU_0049,16,4,1,0,0,16,183.9,2,0,1,95.8,92.6,6.03,24.69,1,0,0,2.3,0.7,0,5.0,consistently_engaged,0.938,False
STU_0050,1,5,0,0,0,20,200.3,2,0,4,81.2,81.2,0.0,0.0,2,1,1,0.3,,0,,consistently_engaged,0.952,False
STU_0050,2,5,0,0,0,19,161.6,2,0,4,96.7,88.9,15.43,59.53,7,2,0,0.5,0.82,0,4.0,consistently_engaged,0.952,False
STU_0050,3,5,0,0,0,16,244.4,1,0,3,86.8,88.2,2.77,40.75,4,1,1,1.3,,0,,consistently_engaged,0.919,False
STU_0050,4,5,0,0,0,20,154.9,2,0,5,94.8,89.9,-0.92,18.48,4,1,0,2.5,0.66,0,5.0,consistently_engaged,0.919,False
STU_0050,5,5,0,0,0,23,175.1,2,0,1,90.0,89.9,1.6,10.96,2,0,0,1.3,,0,,consistently_engaged,0.899,False
STU_0050,6,5,0,0,0,17,170.4,2,0,2,85.8,89.2,-4.5,13.5,3,1,1,0.2,0.55,0,5.0,consistently_engaged,0.861,False
STU_0050,7,4,1,0,0,16,164.1,3,0,2,82.0,88.2,-3.99,10.63,2,1,0,1.5,,0,,consistently_engaged,0.832,False
STU_0050,8,5,0,0,0,21,118.4,2,0,1,88.4,88.2,1.3,7.01,3,1,0,0.4,1.0,0,5.0,consistently_engaged,0.854,False
STU_0050,9,5,0,0,0,20,181.5,2,0,3,76.9,86.9,-2.51,22.02,1,1,1,0.1,,0,,consistently_engaged,0.878,False
STU_0050,10,5,0,1,0,13,222.0,2,0,3,85.1,86.8,-1.66,23.2,6,0,0,0.1,0.98,0,3.0,consistently_engaged,0.831,False
STU_0050,11,5,0,0,0,22,184.5,2,0,0,86.4,86.7,4.71,17.43,1,1,1,0.9,,0,,consistently_engaged,0.833,False
STU_0050,12,4,1,0,0,19,139.7,1,0,3,79.9,86.2,-2.58,7.75,3,0,1,1.7,0.33,0,5.0,consistently_engaged,0.813,False
STU_0050,13,5,0,1,0,14,116.3,3,0,5,83.3,85.9,-1.55,6.92,1,0,0,0.5,,0,,consistently_engaged,0.769,False
STU_0050,14,3,2,0,1,10,132.7,2,0,4,85.1,85.9,2.59,4.59,6,1,0,6.5,0.9,0,5.0,consistently_engaged,0.764,False
STU_0050,15,4,1,0,0,19,154.7,2,0,1,76.5,85.3,-3.38,13.71,0,2,0,0.7,,0,,consistently_engaged,0.791,False
STU_0050,16,5,0,0,0,18,155.2,1,0,5,83.5,85.1,-0.8,14.0,0,1,0,1.2,0.83,0,4.0,consistently_engaged,0.814,False
STU_0051,1,5,0,0,0,18,142.8,2,0,2,86.2,86.2,0.0,0.0,3,0,0,0.3,,0,,consistently_engaged,0.883,False
STU_0051,2,5,0,0,0,17,166.7,3,0,3,91.6,88.9,5.4,7.3,1,1,1,1.2,0.66,0,4.0,consistently_engaged,0.862,False
STU_0051,3,4,1,1,1,8,210.8,2,0,2,92.9,90.3,3.32,8.33,2,1,0,0.7,,0,,consistently_engaged,0.806,False
STU_0051,4,5,0,0,0,18,205.8,3,0,3,86.6,89.3,-2.52,7.38,5,1,1,3.0,0.15,0,4.0,consistently_engaged,0.837,False
STU_0051,5,4,1,2,0,19,170.0,2,1,1,90.1,89.5,-1.37,6.62,2,0,0,5.2,,0,,consistently_engaged,0.771,False
STU_0051,6,4,1,0,0,18,188.6,2,1,4,89.0,89.4,1.21,2.18,0,0,0,2.3,0.47,0,2.0,consistently_engaged,0.754,False
STU_0051,7,4,1,0,0,18,200.9,2,0,2,83.3,88.5,-3.45,9.12,1,0,1,2.5,,0,,consistently_engaged,0.76,False
STU_0051,8,4,1,0,0,16,144.1,1,0,2,87.6,88.4,-0.68,6.05,2,0,0,5.3,0.28,1,4.0,consistently_engaged,0.748,False
STU_0051,9,4,1,0,1,22,172.5,3,0,2,68.4,86.2,-7.41,67.58,0,0,0,2.9,,0,,consistently_engaged,0.757,False
STU_0051,10,4,1,0,0,16,131.9,2,1,1,74.4,85.0,-6.61,64.43,1,1,0,5.2,0.67,1,2.0,consistently_engaged,0.699,False
STU_0051,11,2,3,0,0,25,157.9,2,0,0,82.5,84.8,7.05,33.4,0,1,0,2.5,,0,,consistently_engaged,0.691,False
STU_0051,12,4,1,0,0,18,171.3,1,0,1,81.5,84.5,3.51,12.89,2,1,0,0.1,0.66,0,3.0,consistently_engaged,0.729,False
STU_0051,13,4,1,1,1,15,127.0,2,0,2,82.1,84.3,-0.2,0.2,2,0,0,0.7,,0,,consistently_engaged,0.743,False
STU_0051,14,4,1,1,0,17,136.9,2,1,0,92.1,84.9,5.34,23.81,2,0,0,1.1,0.77,0,4.0,consistently_engaged,0.729,False
STU_0051,15,5,0,0,0,19,168.0,2,0,2,90.8,85.3,4.31,19.57,2,0,0,1.9,,0,,consistently_engaged,0.792,False
STU_0051,16,5,0,0,0,15,180.8,2,0,1,78.3,84.8,-6.94,38.96,3,0,1,2.0,1.0,0,5.0,consistently_engaged,0.773,False
STU_0052,1,5,0,0,0,21,159.5,2,0,3,75.8,75.8,0.0,0.0,1,0,0,0.6,,0,,consistently_engaged,0.765,False
STU_0052,2,3,2,0,0,14,123.0,2,1,0,85.5,80.7,9.72,23.61,2,0,0,3.4,0.76,0,4.0,consistently_engaged,0.743,False
STU_0052,3,5,0,1,0,21,134.5,2,0,1,72.1,77.8,-1.85,32.02,2,0,0,3.0,,0,,consistently_engaged,0.727,False
STU_0052,4,2,3,0,1,16,113.8,2,2,1,70.8,76.1,-7.38,44.42,3,1,1,0.3,0.18,0,4.0,consistently_engaged,0.731,False
STU_0052,5,5,0,0,0,10,162.1,2,0,2,89.1,78.7,8.46,69.09,3,1,0,1.4,,0,,consistently_engaged,0.741,False
STU_0052,6,4,1,1,1,19,157.2,1,1,1,73.4,77.8,1.29,65.13,2,0,1,1.0,1.0,0,3.0,consistently_engaged,0.726,False
STU_0052,7,5,0,0,0,17,135.4,3,0,3,85.1,78.8,-1.95,44.4,1,0,0,3.3,,0,,consistently_engaged,0.754,False
STU_0052,8,5,0,1,0,19,153.0,3,1,3,97.9,81.2,12.25,100.17,2,0,0,1.6,0.24,0,4.0,consistently_engaged,0.839,False
STU_0052,9,5,0,1,0,19,165.2,2,0,3,84.8,81.6,-0.17,37.04,1,1,0,1.4,,0,,consistently_engaged,0.849,False
STU_0052,10,5,0,0,0,13,137.5,2,0,4,85.5,82.0,-6.18,36.01,0,0,1,0.0,1.0,0,5.0,consistently_engaged,0.855,False
STU_0052,11,4,1,0,1,21,153.1,2,1,3,73.2,81.2,-5.83,32.16,4,1,0,2.2,,0,,consistently_engaged,0.879,False
STU_0052,12,5,0,0,0,16,187.4,2,0,5,89.6,81.9,2.03,48.89,6,2,0,0.1,0.92,0,5.0,consistently_engaged,0.876,False
STU_0052,13,4,1,0,1,19,167.7,2,0,0,94.0,82.8,10.44,80.65,5,1,0,2.3,,0,,consistently_engaged,0.889,False
STU_0052,14,5,0,0,0,21,164.1,2,1,2,76.7,82.4,-6.43,53.76,1,2,0,0.1,1.0,0,3.0,consistently_engaged,0.897,False
STU_0052,15,5,0,0,0,16,152.2,2,0,1,90.6,82.9,-1.72,55.84,0,0,0,0.3,,0,,consistently_engaged,0.899,False
STU_0052,16,5,0,0,0,18,137.2,2,0,4,98.0,83.9,10.64,77.74,2,1,1,2.1,0.91,0,4.0,consistently_engaged,0.921,False
STU_0053,1,5,0,0,0,15,198.2,2,0,3,82.7,82.7,0.0,0.0,1,0,1,1.1,,0,,consistently_engaged,0.864,False
STU_0053,2,4,1,1,1,18,158.4,2,0,3,82.1,82.4,-0.6,0.09,2,1,0,0.1,0.88,0,4.0,consistently_engaged,0.809,False
STU_0053,3,5,0,1,0,16,173.2,2,0,1,91.0,85.3,4.14,16.43,4,2,1,0.1,,0,,consistently_engaged,0.783,False
STU_0053,4,4,1,0,0,15,180.4,2,0,2,79.5,83.9,-1.31,24.21,0,1,0,1.6,0.61,0,4.0,consistently_engaged,0.797,False
STU_0053,5,5,0,1,0,15,176.8,2,0,2,77.5,82.6,-6.77,35.5,1,0,0,0.6,,0,,consistently_engaged,0.807,False
STU_0053,6,5,0,0,0,18,142.0,1,0,1,82.9,82.6,1.68,4.95,1,0,0,1.6,1.0,0,4.0,consistently_engaged,0.841,False
STU_0053,7,5,0,1,0,18,185.0,2,0,1,93.3,84.2,7.91,43.13,3,0,0,1.9,,0,,consistently_engaged,0.791,False
STU_0053,8,5,0,0,0,17,179.7,1,2,3,83.3,84.1,0.22,23.16,0,2,0,2.3,0.93,0,3.0,consistently_engaged,0.759,False
STU_0053,9,4,1,0,1,22,155.3,2,0,3,76.5,83.2,-8.39,47.5,2,0,0,0.6,,0,,consistently_engaged,0.778,False
STU_0053,10,5,0,0,0,17,195.6,2,0,3,87.8,83.7,2.24,21.51,4,1,0,2.1,-0.22,0,4.0,consistently_engaged,0.796,False
STU_0053,11,3,2,0,1,17,127.1,2,0,0,73.7,82.8,-1.4,37.03,0,0,0,4.2,,0,,consistently_engaged,0.789,False
STU_0053,12,5,0,1,0,20,198.1,3,0,5,71.4,81.8,-8.21,52.6,2,1,0,0.2,0.8,0,3.0,consistently_engaged,0.832,False
STU_0053,13,5,0,0,0,18,163.7,2,0,0,91.9,82.6,9.08,83.88,6,1,0,3.9,,0,,consistently_engaged,0.83,False
STU_0053,14,5,0,0,0,15,122.0,2,0,1,90.0,83.1,9.3,85.53,3,2,0,1.9,0.09,0,4.0,consistently_engaged,0.784,False
STU_0053,15,5,0,0,0,22,169.3,1,1,2,74.2,82.5,-8.86,63.13,2,0,1,1.4,,0,,consistently_engaged,0.762,False
STU_0053,16,5,0,0,0,16,182.0,2,1,2,69.7,81.7,-10.16,75.96,5,0,1,1.0,1.0,0,5.0,consistently_engaged,0.766,False
STU_0054,1,5,0,0,0,15,201.1,2,0,0,90.7,90.7,0.0,0.0,2,2,1,1.7,,0,,consistently_engaged,0.866,False
STU_0054,2,5,0,0,0,22,153.2,3,0,2,73.6,82.1,-17.12,73.23,2,0,0,0.4,0.77,0,5.0,consistently_engaged,0.843,False
STU_0054,3,4,1,0,1,19,223.9,2,0,3,84.9,83.0,-2.9,50.51,4,2,0,1.0,,0,,consistently_engaged,0.834,False
STU_0054,4,5,0,0,0,18,180.3,2,0,1,88.4,84.4,7.43,40.12,1,0,0,1.6,0.28,0,4.0,consistently_engaged,0.81,False
STU_0054,5,5,0,1,0,14,180.3,2,0,1,80.7,83.6,-2.07,9.83,1,1,0,2.8,,0,,consistently_engaged,0.847,False
STU_0054,6,5,0,0,0,13,188.5,2,0,3,75.5,82.3,-6.46,28.13,3,1,1,0.6,0.87,0,3.0,consistently_engaged,0.819,False
STU_0054,7,3,2,0,0,8,168.7,2,0,2,84.5,82.6,1.88,13.65,6,0,1,0.9,,0,,consistently_engaged,0.802,False
STU_0054,8,4,1,0,0,16,166.8,2,1,3,88.8,83.4,6.63,30.59,1,1,0,9.8,1.0,0,4.0,consistently_engaged,0.77,False
STU_0054,9,3,2,0,1,17,170.3,2,0,0,77.5,82.7,-3.49,21.45,0,1,0,0.9,,0,,consistently_engaged,0.79,False
STU_0054,10,4,1,0,0,19,191.2,2,0,3,84.1,82.9,-2.34,21.24,1,0,0,1.8,0.57,0,5.0,consistently_engaged,0.847,False
STU_0054,11,5,0,0,0,23,167.4,2,1,4,77.3,82.3,-0.13,9.93,3,1,1,0.0,,0,,consistently_engaged,0.856,False
STU_0054,12,5,0,0,0,16,178.4,2,0,2,84.3,82.5,0.14,10.75,0,0,0,0.4,0.8,0,5.0,consistently_engaged,0.871,False
STU_0054,13,4,1,0,1,15,186.5,2,0,4,98.8,83.8,10.79,80.59,1,1,1,1.1,,0,,consistently_engaged,0.908,False
STU_0054,14,5,0,0,0,15,189.3,2,0,5,87.1,84.0,1.39,39.39,3,0,1,1.0,0.81,0,4.0,consistently_engaged,0.965,False
STU_0054,15,5,0,0,0,18,169.7,3,0,7,81.2,83.8,-8.82,53.77,3,1,1,0.3,,0,,consistently_engaged,0.941,False
STU_0054,16,4,1,0,1,22,183.1,2,0,2,87.1,84.0,-0.01,7.83,2,0,0,1.4,0.68,0,4.0,consistently_engaged,0.98,False
STU_0055,1,5,0,0,0,22,130.2,2,1,3,82.0,82.0,0.0,0.0,2,1,0,1.1,,0,,consistently_engaged,0.819,False
STU_0055,2,5,0,0,0,16,172.7,1,0,3,95.4,88.7,13.45,45.22,4,1,0,8.7,0.17,0,4.0,consistently_engaged,0.763,False
STU_0055,3,5,0,0,0,16,195.4,1,0,3,85.1,87.5,1.58,32.97,2,0,0,0.2,,0,,consistently_engaged,0.766,False
STU_0055,4,3,2,0,2,16,144.5,2,0,1,81.7,86.1,-6.86,34.0,2,1,0,3.4,0.76,0,3.0,consistently_engaged,0.747,False
STU_0055,5,5,0,0,0,12,222.7,2,0,4,74.8,83.8,-5.19,18.61,0,1,1,0.2,,0,,consistently_engaged,0.763,False
STU_0055,6,4,1,0,1,16,130.1,1,0,0,83.2,83.7,0.74,13.44,1,0,0,0.7,0.86,0,4.0,consistently_engaged,0.796,False
STU_0055,7,5,0,0,0,22,153.4,2,0,1,80.4,83.2,2.81,12.23,0,0,0,0.0,,0,,consistently_engaged,0.836,False
STU_0055,8,5,0,0,0,18,193.2,3,0,2,88.4,83.9,2.61,10.99,2,0,0,0.8,0.93,0,4.0,consistently_engaged,0.88,False
STU_0055,9,5,0,0,0,17,143.6,2,0,1,91.1,84.7,5.35,20.65,1,0,1,1.0,,0,,consistently_engaged,0.915,False
STU_0055,10,4,1,0,0,17,144.2,1,0,2,100.0,86.2,5.81,24.63,1,0,1,0.7,0.5,0,4.0,consistently_engaged,0.912,False
STU_0055,11,4,1,0,0,19,183.9,2,0,2,81.2,85.7,-4.95,58.99,2,1,1,0.2,,0,,consistently_engaged,0.929,False
STU_0055,12,5,0,0,0,18,178.8,3,0,3,88.1,85.9,-5.93,60.28,1,1,1,0.2,0.1,0,5.0,consistently_engaged,0.941,False
STU_0055,13,3,2,0,0,15,218.1,2,0,2,95.1,86.6,6.94,32.13,1,0,1,0.2,,0,,consistently_engaged,0.941,False
STU_0055,14,5,0,0,0,16,160.7,2,0,2,87.6,86.7,-0.26,11.57,2,1,0,1.6,0.93,0,5.0,consistently_engaged,0.98,False
STU_0055,15,5,0,0,0,17,187.6,2,0,7,97.3,87.4,1.09,17.03,4,2,0,0.4,,0,,consistently_engaged,0.98,False
STU_0055,16,5,0,0,0,23,170.7,3,1,1,96.1,88.0,4.25,18.49,2,2,0,1.0,1.0,1,5.0,consistently_engaged,0.943,False
STU_0056,1,5,0,0,0,15,139.0,2,0,3,91.4,91.4,0.0,0.0,1,2,0,0.0,,0,,consistently_engaged,0.806,False
STU_0056,2,5,0,0,0,19,155.5,3,0,1,79.9,85.7,-11.5,33.08,2,0,1,2.3,1.0,0,5.0,consistently_engaged,0.846,False
STU_0056,3,5,0,1,0,13,160.0,2,1,4,81.6,84.3,-4.94,25.84,7,1,0,0.5,,0,,consistently_engaged,0.83,False
STU_0056,4,2,3,0,2,20,119.8,2,1,2,89.4,85.6,4.71,16.88,3,2,1,5.7,0.85,0,4.0,consistently_engaged,0.854,False
STU_0056,5,5,0,0,0,17,184.3,2,1,4,86.0,85.7,2.21,10.17,2,1,0,1.0,,0,,consistently_engaged,0.83,False
STU_0056,6,4,1,0,1,17,153.6,1,0,3,85.5,85.6,-1.94,2.97,1,1,0,0.0,0.37,0,5.0,consistently_engaged,0.867,False
STU_0056,7,4,1,0,0,23,184.9,1,1,4,96.9,87.2,5.44,27.58,3,1,1,0.9,,0,,consistently_engaged,0.876,False
STU_0056,8,5,0,0,0,21,209.1,2,0,1,89.6,87.5,2.08,22.15,2,0,0,0.5,-0.1,0,5.0,consistently_engaged,0.854,False
STU_0056,9,5,0,1,0,18,91.8,1,0,3,84.5,87.2,-6.19,25.79,2,1,0,0.0,,0,,consistently_engaged,0.869,False
STU_0056,10,5,0,0,0,21,159.3,3,0,1,78.2,86.3,-5.73,21.97,2,0,0,0.3,0.61,0,4.0,consistently_engaged,0.87,False
STU_0056,11,5,0,1,0,21,166.5,2,0,0,94.0,87.0,4.76,42.4,2,0,0,0.2,,0,,consistently_engaged,0.891,False
STU_0056,12,5,0,0,0,17,176.8,2,2,2,81.7,86.5,1.75,46.17,4,1,0,0.5,0.84,1,5.0,consistently_engaged,0.911,False
STU_0056,13,5,0,2,0,24,206.0,2,0,3,97.0,87.4,1.52,44.26,3,1,0,2.6,,0,,consistently_engaged,0.919,False
STU_0056,14,5,0,1,0,20,100.2,2,0,3,100.0,88.3,9.17,64.64,2,1,0,2.2,1.0,0,5.0,consistently_engaged,0.897,False
STU_0056,15,4,1,0,1,21,174.7,2,0,1,87.4,88.2,-4.82,28.89,1,2,0,1.3,,0,,consistently_engaged,0.89,False
STU_0056,16,3,2,0,1,25,153.3,2,0,1,90.9,88.4,-4.56,28.18,4,1,1,2.3,1.0,0,5.0,consistently_engaged,0.873,False
STU_0057,1,5,0,0,0,20,190.3,2,0,4,94.0,94.0,0.0,0.0,1,0,0,0.5,,0,,consistently_engaged,0.831,False
STU_0057,2,5,0,0,0,19,173.2,2,0,2,78.0,86.0,-16.04,64.35,3,0,1,1.0,0.46,0,5.0,consistently_engaged,0.803,False
STU_0057,3,5,0,0,0,17,143.9,2,0,2,82.1,84.7,-5.95,46.24,0,0,0,2.0,,0,,consistently_engaged,0.755,False
STU_0057,4,4,1,0,0,18,156.6,1,0,3,82.4,84.1,2.23,4.14,5,0,0,1.1,0.49,0,4.0,consistently_engaged,0.796,False
STU_0057,5,3,2,0,1,10,133.2,2,0,0,93.7,86.0,5.81,29.14,2,0,0,1.5,,0,,consistently_engaged,0.819,False
STU_0057,6,5,0,0,0,11,125.7,2,0,2,82.2,85.4,-0.1,28.82,1,0,1,3.5,0.63,0,4.0,consistently_engaged,0.801,False
STU_0057,7,4,1,0,0,14,161.2,1,1,2,68.4,83.0,-12.67,107.31,3,0,0,0.8,,0,,consistently_engaged,0.76,False
STU_0057,8,4,1,1,1,17,160.9,3,0,1,79.4,82.5,-1.44,35.6,2,1,0,0.7,0.31,0,4.0,consistently_engaged,0.728,False
STU_0057,9,5,0,0,0,14,182.7,3,1,3,67.9,80.9,-0.22,27.86,1,1,0,0.0,,0,,consistently_engaged,0.752,False
STU_0057,10,4,1,0,0,17,173.7,1,0,1,88.2,81.6,4.43,68.83,2,0,1,0.1,0.65,0,5.0,consistently_engaged,0.763,False
STU_0057,11,4,1,0,0,16,212.7,2,2,2,79.2,81.4,5.65,68.77,3,1,0,1.9,,0,,consistently_engaged,0.757,False
STU_0057,12,5,0,1,0,15,174.2,2,1,1,75.2,80.9,-6.51,29.57,6,0,0,0.0,0.39,0,3.0,consistently_engaged,0.78,False
STU_0057,13,5,0,0,0,19,170.5,3,0,4,86.3,81.3,3.54,21.1,1,0,0,0.6,,0,,consistently_engaged,0.736,False
STU_0057,14,5,0,0,0,19,178.3,2,0,5,77.1,81.0,0.93,23.63,3,0,0,0.1,0.79,0,4.0,consistently_engaged,0.787,False
STU_0057,15,4,1,1,1,13,154.3,2,0,0,78.2,80.8,-4.05,16.95,3,0,0,2.2,,0,,consistently_engaged,0.765,False
STU_0057,16,4,1,1,0,19,137.1,2,0,3,76.6,80.6,-0.23,0.47,0,1,1,2.4,0.37,0,5.0,consistently_engaged,0.798,False
STU_0058,1,5,0,0,0,12,190.4,1,2,2,89.7,89.7,0.0,0.0,1,1,0,0.2,,0,,consistently_engaged,0.757,False
STU_0058,2,4,1,0,1,12,182.5,2,1,1,83.0,86.3,-6.72,11.27,4,0,1,0.8,0.28,0,5.0,consistently_engaged,0.785,False
STU_0058,3,5,0,0,0,18,150.2,2,0,1,74.1,82.2,-7.79,40.73,4,1,0,0.6,,0,,consistently_engaged,0.833,False
STU_0058,4,5,0,1,0,15,163.5,2,0,1,86.5,83.3,1.79,27.38,3,0,0,0.1,0.56,0,4.0,consistently_engaged,0.822,False
STU_0058,5,4,1,0,0,16,174.5,2,0,0,78.6,82.4,2.27,26.46,2,1,1,0.1,,0,,consistently_engaged,0.803,False
STU_0058,6,4,1,2,0,21,132.8,2,1,2,91.5,83.9,2.47,28.02,3,0,0,2.0,0.59,0,5.0,consistently_engaged,0.751,False
STU_0058,7,5,0,1,0,15,176.1,1,0,1,79.0,83.2,0.18,35.68,3,1,0,1.4,,0,,consistently_engaged,0.798,False
STU_0058,8,3,2,0,2,13,163.5,2,0,1,84.5,83.4,-3.51,26.11,5,1,0,0.9,0.44,0,3.0,consistently_engaged,0.855,False
STU_0058,9,4,1,1,0,15,143.1,2,0,2,91.2,84.2,6.13,25.13,0,1,0,0.1,,0,,consistently_engaged,0.896,False
STU_0058,10,4,1,0,1,16,168.9,2,0,3,79.5,83.8,-2.48,23.17,1,0,0,1.0,0.52,0,4.0,consistently_engaged,0.872,False
STU_0058,11,5,0,0,0,19,189.8,2,0,5,88.8,84.2,-1.24,25.55,0,0,0,0.2,,0,,consistently_engaged,0.829,False
STU_0058,12,3,2,0,0,18,151.2,2,0,0,82.0,84.0,1.27,15.29,3,1,0,0.1,0.61,0,4.0,consistently_engaged,0.849,False
STU_0058,13,4,1,0,0,16,152.1,2,0,4,80.3,83.7,-4.24,13.37,5,0,0,4.6,,0,,consistently_engaged,0.877,False
STU_0058,14,4,1,0,0,17,162.0,2,0,4,94.3,84.5,6.12,38.73,2,1,0,1.7,0.51,0,3.0,consistently_engaged,0.905,False
STU_0058,15,4,1,0,0,26,181.5,2,0,3,84.1,84.5,1.91,34.89,3,0,1,0.0,,0,,consistently_engaged,0.911,False
STU_0058,16,5,0,0,0,21,169.2,2,0,4,92.7,85.0,-0.77,20.08,2,1,0,1.9,1.0,0,4.0,consistently_engaged,0.915,False
STU_0059,1,5,0,0,0,17,202.4,2,0,2,95.1,95.1,0.0,0.0,2,1,0,2.3,,0,,consistently_engaged,0.931,False
STU_0059,2,5,0,0,0,24,219.7,2,0,3,95.2,95.1,0.18,0.01,3,2,0,0.5,0.88,0,3.0,consistently_engaged,0.956,False
STU_0059,3,5,0,0,0,19,212.0,2,0,2,94.8,95.0,-0.13,0.03,2,0,0,0.5,,0,,consistently_engaged,0.959,False
STU_0059,4,5,0,0,0,22,186.2,2,0,2,99.1,96.1,1.96,3.83,4,0,0,0.3,0.39,0,4.0,consistently_engaged,0.937,False
STU_0059,5,4,1,0,1,20,174.4,2,0,4,95.1,95.9,0.15,3.96,3,1,1,2.2,,0,,consistently_engaged,0.928,False
STU_0059,6,5,0,0,0,20,175.6,2,0,0,87.7,94.5,-5.7,22.27,4,1,0,0.1,1.0,0,4.0,consistently_engaged,0.897,False
STU_0059,7,4,1,0,1,20,169.6,3,1,3,73.9,91.6,-10.59,77.15,2,0,0,3.9,,0,,consistently_engaged,0.87,False
STU_0059,8,5,0,1,0,17,148.4,1,0,0,96.7,92.2,4.49,88.2,2,0,1,0.1,0.65,0,4.0,consistently_engaged,0.894,False
STU_0059,9,5,0,0,0,16,196.1,3,0,0,100.0,93.1,13.05,134.83,2,1,0,0.6,,0,,consistently_engaged,0.927,False
STU_0059,10,5,0,0,0,21,214.5,2,0,1,98.4,93.6,0.86,1.79,4,0,1,0.1,1.0,0,5.0,consistently_engaged,0.943,False
STU_0059,11,4,1,1,1,14,182.2,2,0,1,89.0,93.2,-5.48,23.45,1,1,0,0.1,,1,,consistently_engaged,0.955,False
STU_0059,12,5,0,0,0,16,251.8,1,0,3,100.0,93.8,0.78,23.46,3,0,0,1.2,0.98,0,5.0,consistently_engaged,0.956,False
STU_0059,13,5,0,0,0,21,196.6,2,0,2,85.0,93.1,-2.0,40.02,5,0,0,0.5,,0,,consistently_engaged,0.955,False
STU_0059,14,3,2,1,2,18,174.1,2,0,1,90.8,92.9,-4.61,37.99,4,0,0,0.3,0.82,0,5.0,consistently_engaged,0.905,False
STU_0059,15,5,0,1,0,16,215.1,1,1,6,91.9,92.9,3.45,9.09,2,0,0,0.1,,0,,consistently_engaged,0.913,False
STU_0059,16,5,0,0,0,21,212.8,2,0,3,79.5,92.0,-5.62,31.28,2,0,0,3.4,0.8,0,5.0,consistently_engaged,0.908,False
STU_0060,1,4,1,0,1,15,151.2,1,0,0,78.0,78.0,0.0,0.0,1,1,0,0.4,,0,,consistently_engaged,0.818,False
STU_0060,2,4,1,0,0,16,115.2,2,1,2,75.7,76.9,-2.28,1.3,5,1,0,0.5,0.88,0,2.0,consistently_engaged,0.759,False
STU_0060,3,5,0,1,0,17,138.7,3,0,0,85.8,79.8,3.88,18.44,2,2,0,5.3,,0,,consistently_engaged,0.749,False
STU_0060,4,5,0,0,0,11,148.8,2,2,2,73.7,78.3,-1.02,27.82,2,1,0,3.1,0.06,0,4.0,consistently_engaged,0.677,False
STU_0060,5,5,0,0,0,18,99.5,3,1,0,68.9,76.4,-8.42,50.19,0,0,0,0.3,,0,,consistently_engaged,0.632,False
STU_0060,6,3,2,1,0,14,154.4,2,0,2,72.8,75.8,-0.46,4.26,1,1,0,0.8,0.58,1,4.0,consistently_engaged,0.697,False
STU_0060,7,4,1,0,1,13,116.9,3,0,3,80.8,76.5,5.94,24.48,0,0,0,2.1,,0,,consistently_engaged,0.748,False
STU_0060,8,5,0,1,0,10,149.9,2,0,4,86.3,77.7,6.78,31.01,3,0,0,0.8,0.66,0,5.0,consistently_engaged,0.744,False
STU_0060,9,2,3,1,3,18,133.9,2,0,2,83.0,78.3,1.12,5.16,4,1,0,0.6,,0,,consistently_engaged,0.738,False
STU_0060,10,5,0,0,0,16,204.7,2,0,1,81.4,78.6,-2.44,4.14,2,2,0,0.6,0.94,0,4.0,consistently_engaged,0.759,False
STU_0060,11,4,1,0,0,19,147.3,2,1,1,81.9,78.9,-0.57,0.45,1,1,0,3.4,,0,,consistently_engaged,0.757,False
STU_0060,12,5,0,0,0,20,154.8,2,0,2,79.6,79.0,-0.92,0.99,3,2,1,0.8,0.81,0,3.0,consistently_engaged,0.78,False
STU_0060,13,5,0,0,0,20,189.9,2,1,3,87.5,79.7,2.8,11.04,1,2,1,1.9,,0,,consistently_engaged,0.826,False
STU_0060,14,4,1,1,0,17,187.0,1,1,3,83.0,79.9,1.69,10.51,4,2,0,0.5,0.3,0,4.0,consistently_engaged,0.841,False
STU_0060,15,4,1,1,0,18,167.6,2,0,1,92.5,80.7,2.51,15.27,1,1,0,2.1,,0,,consistently_engaged,0.831,False
STU_0060,16,4,1,0,1,12,168.4,1,0,1,81.3,80.8,-0.83,24.46,2,0,0,1.6,0.4,0,5.0,consistently_engaged,0.765,False
STU_0061,1,5,0,0,0,16,199.3,2,0,3,87.4,87.4,0.0,0.0,2,1,0,4.3,,1,,consistently_engaged,0.87,False
STU_0061,2,4,1,0,0,17,151.8,2,0,4,81.9,84.7,-5.54,7.66,2,0,0,1.0,1.0,0,3.0,consistently_engaged,0.827,False
STU_0061,3,5,0,0,0,20,138.0,1,0,4,86.4,85.2,-0.49,5.81,2,0,0,2.4,,0,,consistently_engaged,0.867,False
STU_0061,4,4,1,0,0,22,199.8,1,0,1,91.3,86.7,4.69,14.64,1,1,1,0.0,0.43,0,4.0,consistently_engaged,0.899,False
STU_0061,5,5,0,0,0,21,138.5,2,0,4,85.4,86.5,-0.5,6.45,2,1,0,1.2,,0,,consistently_engaged,0.903,False
STU_0061,6,3,2,0,0,24,211.3,2,0,5,83.7,86.0,-3.79,10.48,4,0,0,1.4,1.0,0,5.0,consistently_engaged,0.919,False
STU_0061,7,5,0,0,0,20,174.8,2,0,3,83.9,85.7,-0.77,0.62,1,1,0,0.3,,0,,consistently_engaged,0.886,False
STU_0061,8,5,0,0,0,20,174.9,2,0,3,93.2,86.7,4.77,19.75,1,0,0,2.0,0.95,0,4.0,consistently_engaged,0.934,False
STU_0061,9,5,0,0,0,18,171.0,2,0,2,97.8,87.9,6.97,33.59,4,0,0,1.0,,0,,consistently_engaged,0.942,False
STU_0061,10,5,0,0,0,16,192.3,2,0,2,89.7,88.1,-1.78,11.19,3,0,1,0.0,0.11,0,5.0,consistently_engaged,0.913,False
STU_0061,11,5,0,0,0,19,170.6,1,0,4,86.9,88.0,-5.48,21.64,2,1,0,0.8,,0,,consistently_engaged,0.877,False
STU_0061,12,5,0,0,0,21,224.2,2,0,3,86.8,87.9,-1.44,1.79,2,0,0,0.6,0.33,0,5.0,consistently_engaged,0.973,False
STU_0061,13,4,1,0,0,17,177.6,1,1,6,91.3,88.1,2.21,4.44,1,0,0,3.4,,0,,consistently_engaged,0.888,False
STU_0061,14,5,0,1,0,20,169.3,2,0,2,94.7,88.6,3.96,10.51,0,0,0,0.2,1.0,0,5.0,consistently_engaged,0.866,False
STU_0061,15,5,0,0,0,14,184.8,2,1,1,87.1,88.5,-2.12,9.74,0,2,0,0.4,,0,,consistently_engaged,0.928,False
STU_0061,16,5,0,0,0,24,191.8,2,0,2,93.8,88.8,-0.43,11.65,3,2,0,1.4,0.58,0,5.0,consistently_engaged,0.97,False
STU_0062,1,5,0,0,0,16,174.5,2,0,1,88.0,88.0,0.0,0.0,4,1,0,3.7,,0,,consistently_engaged,0.851,False
STU_0062,2,5,0,1,0,18,190.1,1,0,0,91.9,90.0,3.82,3.64,2,1,0,0.7,0.31,0,5.0,consistently_engaged,0.858,False
STU_0062,3,5,0,0,0,15,161.4,2,0,2,91.0,90.3,1.46,2.66,1,1,0,1.5,,0,,consistently_engaged,0.828,False
STU_0062,4,3,2,0,2,16,175.9,2,0,2,79.6,87.6,-6.15,31.33,0,1,0,2.2,0.98,0,5.0,consistently_engaged,0.772,False
STU_0062,5,3,2,0,1,17,133.5,1,0,4,88.5,87.8,-1.24,23.95,1,0,0,0.4,,0,,consistently_engaged,0.728,False
STU_0062,6,3,2,0,0,17,137.6,2,1,3,81.9,86.8,1.18,14.23,2,0,0,3.1,0.65,0,4.0,consistently_engaged,0.751,False
STU_0062,7,5,0,1,0,20,178.2,2,0,0,68.3,84.2,-10.1,70.87,0,1,0,7.4,,0,,consistently_engaged,0.721,False
STU_0062,8,5,0,0,0,13,119.5,2,1,2,76.9,83.3,-2.5,31.84,3,1,0,4.5,0.61,0,4.0,consistently_engaged,0.733,False
STU_0062,9,4,1,0,0,18,147.7,2,0,2,73.2,82.1,2.45,12.57,1,0,0,0.2,,0,,consistently_engaged,0.798,False
STU_0062,10,5,0,1,0,18,135.9,2,0,0,94.8,83.4,8.92,88.82,2,1,0,0.0,1.0,0,5.0,consistently_engaged,0.761,False
STU_0062,11,5,0,0,0,13,173.2,3,2,3,83.4,83.4,5.13,77.88,0,1,0,2.6,,0,,consistently_engaged,0.777,False
STU_0062,12,4,1,0,1,15,146.5,2,0,0,90.9,84.0,-1.94,22.21,1,0,1,1.0,0.16,0,4.0,consistently_engaged,0.829,False
STU_0062,13,4,1,1,1,20,150.5,2,0,0,86.7,84.2,1.65,9.34,2,2,0,0.3,,0,,consistently_engaged,0.832,False
STU_0062,14,5,0,0,0,17,181.0,1,0,0,80.4,84.0,-5.22,18.42,2,0,0,1.7,0.72,0,5.0,consistently_engaged,0.834,False
STU_0062,15,4,1,0,0,10,181.6,1,0,1,82.6,83.9,-2.04,6.75,3,0,0,0.3,,1,,consistently_engaged,0.824,False
STU_0062,16,3,2,0,0,19,125.1,3,0,3,79.2,83.6,-0.63,2.03,6,0,1,2.3,1.0,0,4.0,consistently_engaged,0.786,False
STU_0063,1,5,0,0,0,26,196.8,2,0,3,87.2,87.2,0.0,0.0,0,1,1,0.7,,1,,consistently_engaged,0.844,False
STU_0063,2,5,0,0,0,14,184.8,1,0,1,75.9,81.5,-11.36,32.25,3,0,0,0.8,0.85,0,4.0,consistently_engaged,0.86,False
STU_0063,3,5,0,1,0,17,156.2,3,0,3,86.8,83.3,-0.22,27.6,4,1,1,0.7,,0,,consistently_engaged,0.878,False
STU_0063,4,5,0,0,0,18,199.9,2,0,3,87.4,84.3,5.75,28.0,2,2,0,0.7,0.58,0,4.0,consistently_engaged,0.8,False
STU_0063,5,4,1,0,0,16,155.0,1,0,1,94.2,86.3,3.68,11.17,0,1,1,2.9,,0,,consistently_engaged,0.86,False
STU_0063,6,4,1,0,0,15,147.5,2,0,2,84.1,85.9,-1.65,17.6,5,1,0,1.8,0.23,0,3.0,consistently_engaged,0.919,False
STU_0063,7,4,1,0,1,18,157.5,1,0,4,90.0,86.5,-2.05,17.12,1,1,0,2.6,,0,,consistently_engaged,0.906,False
STU_0063,8,3,2,0,0,15,180.0,2,0,1,87.4,86.6,1.66,5.98,3,1,0,2.6,0.79,0,4.0,consistently_engaged,0.957,False
STU_0063,9,5,0,0,0,20,206.4,2,0,0,83.9,86.3,-3.05,6.24,4,0,0,1.6,,0,,consistently_engaged,0.962,False
STU_0063,10,5,0,0,0,17,229.0,2,0,2,91.8,86.9,2.19,10.24,0,1,0,0.1,1.0,0,5.0,consistently_engaged,0.964,False
STU_0063,11,5,0,0,0,22,205.6,2,0,1,97.1,87.8,6.59,29.29,2,2,0,1.0,,0,,consistently_engaged,0.98,False
STU_0063,12,5,0,0,0,20,207.8,2,0,3,84.7,87.5,-3.52,25.79,7,1,1,4.4,0.82,0,5.0,consistently_engaged,0.98,False
STU_0063,13,5,0,1,0,18,154.3,2,0,4,99.9,88.5,1.38,43.46,2,0,0,1.2,,0,,consistently_engaged,0.98,False
STU_0063,14,5,0,0,0,19,181.3,2,0,7,93.2,88.8,4.21,38.45,4,1,0,0.7,0.82,0,4.0,consistently_engaged,0.98,False
STU_0063,15,5,0,0,0,24,208.2,3,0,2,100.0,89.6,0.06,10.25,5,0,0,2.2,,0,,consistently_engaged,0.98,False
STU_0063,16,4,1,0,0,19,196.9,2,0,4,94.4,89.9,0.64,8.83,5,0,1,0.2,0.59,0,4.0,consistently_engaged,0.92,False
STU_0064,1,3,2,0,1,19,124.7,2,0,3,76.6,76.6,0.0,0.0,2,1,0,1.4,,0,,consistently_engaged,0.771,False
STU_0064,2,5,0,1,0,19,138.9,2,0,2,81.1,78.8,4.5,5.05,2,1,1,6.5,0.44,1,5.0,consistently_engaged,0.746,False
STU_0064,3,5,0,2,0,17,148.9,2,1,2,81.3,79.7,2.38,4.77,2,0,0,0.3,,0,,consistently_engaged,0.764,False
STU_0064,4,5,0,0,0,19,151.4,2,0,5,82.2,80.3,0.59,0.26,4,1,0,0.2,1.0,0,3.0,consistently_engaged,0.768,False
STU_0064,5,4,1,0,0,15,163.6,2,0,1,86.7,81.6,2.67,5.43,2,1,1,0.8,,0,,consistently_engaged,0.739,False
STU_0064,6,4,1,0,0,16,133.8,2,0,0,75.9,80.6,-3.19,19.64,2,0,0,0.2,0.64,0,5.0,consistently_engaged,0.768,False
STU_0064,7,4,1,0,0,13,126.1,2,2,3,76.1,80.0,-5.27,25.31,1,1,0,2.8,,0,,consistently_engaged,0.727,False
STU_0064,8,5,0,0,0,9,158.8,3,1,1,73.8,79.2,-1.04,1.09,3,0,0,3.1,0.99,0,5.0,consistently_engaged,0.746,False
STU_0064,9,4,1,1,0,15,157.4,2,1,0,89.4,80.3,6.66,47.52,5,0,1,2.2,,0,,consistently_engaged,0.725,False
STU_0064,10,3,2,0,1,19,145.8,2,1,0,77.4,80.0,1.78,44.84,2,0,0,3.2,0.13,0,4.0,consistently_engaged,0.67,False
STU_0064,11,4,1,1,0,13,167.5,1,1,2,74.7,79.6,-7.37,41.12,2,1,0,2.2,,0,,consistently_engaged,0.706,False
STU_0064,12,5,0,1,0,16,196.2,2,0,2,85.3,80.0,3.97,20.25,5,1,1,0.9,0.11,0,2.0,consistently_engaged,0.725,False
STU_0064,13,5,0,1,0,12,151.9,1,0,0,80.9,80.1,3.11,18.89,3,2,0,2.2,,0,,consistently_engaged,0.725,False
STU_0064,14,3,2,0,0,16,142.6,3,1,0,82.4,80.3,-1.42,3.27,3,0,0,7.1,0.24,0,4.0,consistently_engaged,0.707,False
STU_0064,15,5,0,1,0,18,128.9,2,0,1,72.9,79.8,-3.99,17.37,1,1,0,0.2,,0,,consistently_engaged,0.608,False
STU_0064,16,2,3,0,3,17,152.8,2,0,2,84.2,80.1,0.87,24.4,0,0,0,2.5,-0.47,0,3.0,consistently_engaged,0.626,False
STU_0065,1,5,0,0,0,19,154.5,2,0,3,88.4,88.4,0.0,0.0,3,0,1,1.7,,0,,consistently_engaged,0.835,False
STU_0065,2,5,0,1,0,17,170.1,2,1,1,90.9,89.7,2.54,1.62,5,0,0,1.5,0.2,0,5.0,consistently_engaged,0.809,False
STU_0065,3,4,1,0,1,18,159.3,2,1,3,92.0,90.4,1.82,2.32,4,0,0,3.3,,0,,consistently_engaged,0.782,False
STU_0065,4,4,1,0,1,15,129.6,2,0,4,77.0,87.1,-6.96,46.69,2,0,0,2.3,0.8,0,4.0,consistently_engaged,0.767,False
STU_0065,5,4,1,1,0,18,153.8,2,0,4,78.3,85.3,-6.87,46.21,5,1,0,0.7,,0,,consistently_engaged,0.754,False
STU_0065,6,4,1,0,1,13,203.5,2,1,4,72.2,83.1,-2.42,6.91,3,0,0,1.9,0.38,0,5.0,consistently_engaged,0.772,False
STU_0065,7,4,1,0,1,21,158.5,2,0,2,76.5,82.2,-0.86,6.59,1,0,1,3.7,,0,,consistently_engaged,0.693,False
STU_0065,8,4,1,0,1,18,124.9,2,3,1,83.1,82.3,5.47,20.24,0,0,0,4.3,0.64,0,4.0,consistently_engaged,0.706,False
STU_0065,9,5,0,2,0,22,141.5,2,1,5,72.6,81.2,-1.98,18.85,1,0,0,0.5,,0,,consistently_engaged,0.685,False
STU_0065,10,4,1,0,1,17,114.4,2,0,3,73.1,80.4,-5.03,23.58,4,1,0,2.9,0.25,0,4.0,consistently_engaged,0.706,False
STU_0065,11,5,0,0,0,9,139.9,2,0,2,74.3,79.9,0.87,0.53,3,0,0,2.9,,1,,consistently_engaged,0.711,False
STU_0065,12,4,1,1,1,15,165.4,3,0,4,67.1,78.8,-2.97,9.88,1,0,0,4.3,0.73,0,4.0,consistently_engaged,0.74,False
STU_0065,13,5,0,0,0,20,205.5,2,0,2,74.8,78.5,0.24,12.38,1,0,0,2.5,,0,,consistently_engaged,0.738,False
STU_0065,14,4,1,0,0,17,167.6,1,0,2,77.1,78.4,4.97,18.14,1,1,1,3.6,0.64,1,5.0,consistently_engaged,0.731,False
STU_0065,15,5,0,0,0,16,152.3,1,0,2,79.4,78.5,2.28,3.46,4,1,0,0.2,,0,,consistently_engaged,0.762,False
STU_0065,16,5,0,0,0,18,159.2,2,1,2,80.8,78.6,1.88,2.38,2,1,0,1.7,0.52,0,4.0,consistently_engaged,0.787,False
STU_0066,1,4,1,0,0,14,164.8,2,0,1,80.7,80.7,0.0,0.0,2,1,0,1.4,,0,,consistently_engaged,0.852,False
STU_0066,2,4,1,0,1,19,154.7,2,0,0,94.5,87.6,13.81,47.66,1,0,0,0.1,1.0,0,5.0,consistently_engaged,0.856,False
STU_0066,3,5,0,0,0,16,190.1,2,0,2,78.3,84.5,-1.16,50.69,2,0,0,0.1,,0,,consistently_engaged,0.876,False
STU_0066,4,4,1,0,0,22,211.9,2,0,1,94.2,86.9,-0.13,56.9,6,2,1,0.9,0.82,0,4.0,consistently_engaged,0.888,False
STU_0066,5,5,0,0,0,19,189.1,2,0,1,80.8,85.7,1.23,48.65,5,2,1,0.1,,0,,consistently_engaged,0.873,False
STU_0066,6,5,0,0,0,16,216.2,2,1,1,86.1,85.8,-4.04,30.41,1,1,0,0.7,0.57,0,5.0,consistently_engaged,0.905,False
STU_0066,7,4,1,0,1,20,169.4,2,0,2,83.7,85.5,1.45,4.75,3,1,0,0.8,,0,,consistently_engaged,0.907,False
STU_0066,8,5,0,0,0,15,164.3,2,1,1,84.7,85.4,-0.72,0.99,0,1,0,0.2,1.0,0,3.0,consistently_engaged,0.865,False
STU_0066,9,4,1,1,1,16,192.9,2,0,2,81.0,84.9,-1.35,2.44,0,1,0,0.1,,0,,consistently_engaged,0.869,False
STU_0066,10,4,1,0,0,18,151.4,2,1,2,85.3,84.9,0.3,3.61,2,0,0,2.6,0.97,1,4.0,consistently_engaged,0.862,False
STU_0066,11,4,1,0,0,17,150.7,2,0,1,91.9,85.6,5.47,20.27,1,0,1,1.7,,0,,consistently_engaged,0.806,False
STU_0066,12,5,0,0,0,14,175.5,2,0,3,86.3,85.6,0.5,8.56,3,1,0,4.0,0.32,0,5.0,consistently_engaged,0.786,False
STU_0066,13,5,0,1,0,17,142.8,2,0,2,79.2,85.1,-6.38,27.21,0,1,0,3.5,,0,,consistently_engaged,0.765,False
STU_0066,14,5,0,1,0,21,149.4,2,1,4,90.1,85.5,1.89,20.39,0,0,0,3.3,1.0,0,4.0,consistently_engaged,0.74,False
STU_0066,15,5,0,0,0,16,143.5,2,0,2,92.3,85.9,6.56,32.85,4,0,0,0.4,,0,,consistently_engaged,0.773,False
STU_0066,16,4,1,0,1,14,138.4,2,0,0,89.2,86.1,-0.42,1.68,1,0,0,3.5,0.37,0,5.0,consistently_engaged,0.779,False
STU_0067,1,4,1,0,1,15,122.3,2,1,1,85.4,85.4,0.0,0.0,3,0,0,2.6,,0,,consistently_engaged,0.806,False
STU_0067,2,5,0,0,0,16,169.2,2,0,4,91.1,88.3,5.75,8.26,3,0,0,0.5,0.82,0,4.0,consistently_engaged,0.806,False
STU_0067,3,5,0,0,0,18,150.0,2,0,0,96.6,91.1,5.61,20.98,1,0,0,0.3,,0,,consistently_engaged,0.859,False
STU_0067,4,4,1,0,0,16,221.6,3,0,2,85.9,89.8,-2.65,19.32,1,0,0,0.4,1.0,0,3.0,consistently_engaged,0.85,False
STU_0067,5,5,0,0,0,12,143.4,1,0,2,86.9,89.2,-4.85,23.45,1,0,1,0.4,,0,,consistently_engaged,0.849,False
STU_0067,6,4,1,0,1,14,205.9,2,1,2,83.0,88.2,-1.44,2.78,1,2,0,0.1,0.92,0,4.0,consistently_engaged,0.827,False
STU_0067,7,5,0,0,0,17,140.2,2,0,0,81.3,87.2,-2.81,5.55,3,1,1,0.2,,0,,consistently_engaged,0.844,False
STU_0067,8,5,0,1,0,12,168.7,2,1,2,88.4,87.3,2.72,9.23,2,1,1,3.1,0.67,0,5.0,consistently_engaged,0.825,False
STU_0067,9,5,0,0,0,14,132.0,3,0,2,97.2,88.4,7.96,42.38,0,1,0,0.2,,0,,consistently_engaged,0.82,False
STU_0067,10,3,2,0,1,12,171.6,2,0,1,82.2,87.8,-3.11,38.0,4,1,0,0.9,0.54,0,5.0,consistently_engaged,0.811,False
STU_0067,11,5,0,0,0,17,164.6,2,0,1,87.7,87.8,-4.76,38.52,2,0,0,3.1,,0,,consistently_engaged,0.803,False
STU_0067,12,5,0,1,0,17,183.5,2,0,0,78.6,87.0,-1.81,14.09,2,0,0,0.1,0.63,0,5.0,consistently_engaged,0.752,False
STU_0067,13,4,1,0,1,17,166.0,2,0,3,79.0,86.4,-4.35,17.68,2,0,0,1.1,,0,,consistently_engaged,0.801,False
STU_0067,14,4,1,0,1,14,176.8,2,0,4,97.5,87.2,9.46,77.77,1,0,1,2.8,0.44,0,4.0,consistently_engaged,0.757,False
STU_0067,15,3,2,0,1,16,135.2,2,0,1,82.0,86.9,1.5,65.62,6,1,0,0.1,,0,,consistently_engaged,0.764,False
STU_0067,16,5,0,2,0,20,126.8,2,0,3,77.6,86.3,-9.92,72.55,0,1,0,3.5,0.32,0,4.0,consistently_engaged,0.77,False
STU_0068,1,5,0,1,0,20,153.8,2,0,3,77.6,77.6,0.0,0.0,1,0,0,1.5,,0,,consistently_engaged,0.79,False
STU_0068,2,5,0,1,0,17,155.8,2,1,1,91.2,84.4,13.58,46.11,3,0,0,0.6,0.06,0,4.0,consistently_engaged,0.802,False
STU_0068,3,5,0,0,0,19,200.1,3,0,0,87.5,85.4,4.95,32.88,3,1,0,3.4,,0,,consistently_engaged,0.883,False
STU_0068,4,2,3,0,1,15,176.9,2,2,5,91.4,86.9,0.13,3.24,1,0,0,0.7,0.59,0,4.0,consistently_engaged,0.859,False
STU_0068,5,5,0,0,0,17,210.6,2,0,5,82.0,85.9,-2.72,14.8,3,2,1,0.6,,0,,consistently_engaged,0.881,False
STU_0068,6,4,1,1,0,15,217.9,2,0,2,89.5,86.5,-0.94,16.43,0,0,0,0.8,0.4,0,4.0,consistently_engaged,0.879,False
STU_0068,7,3,2,0,1,14,161.7,2,0,0,87.3,86.7,2.64,9.9,2,1,0,1.7,,0,,consistently_engaged,0.877,False
STU_0068,8,5,0,0,0,21,220.1,2,0,3,81.9,86.1,-3.84,10.43,3,0,0,0.0,0.85,0,4.0,consistently_engaged,0.856,False
STU_0068,9,5,0,0,0,18,160.3,2,0,2,77.6,85.1,-4.89,16.0,3,1,1,1.1,,0,,consistently_engaged,0.841,False
STU_0068,10,5,0,0,0,17,174.6,3,0,1,88.7,85.5,3.44,21.19,2,2,1,1.3,0.29,0,4.0,consistently_engaged,0.794,False
STU_0068,11,5,0,1,0,15,162.6,3,0,4,74.4,84.5,-1.58,37.84,3,2,1,0.2,,1,,consistently_engaged,0.796,False
STU_0068,12,5,0,0,0,17,140.5,1,0,1,77.1,83.9,-5.8,38.64,3,0,0,0.7,0.48,0,5.0,consistently_engaged,0.804,False
STU_0068,13,4,1,1,1,19,192.8,2,0,1,82.5,83.8,4.06,11.36,1,0,1,3.2,,0,,consistently_engaged,0.827,False
STU_0068,14,4,1,0,0,18,150.0,1,0,0,79.2,83.4,1.03,4.91,1,2,0,0.4,0.94,0,5.0,consistently_engaged,0.817,False
STU_0068,15,5,0,0,0,19,195.4,2,0,2,76.8,83.0,-2.84,5.44,3,0,1,1.5,,0,,consistently_engaged,0.808,False
STU_0068,16,5,0,0,0,13,138.7,2,0,3,87.5,83.3,4.16,21.0,1,1,0,1.7,0.23,0,4.0,consistently_engaged,0.814,False
STU_0069,1,5,0,0,0,13,131.0,2,1,3,85.5,85.5,0.0,0.0,4,0,0,0.5,,0,,consistently_engaged,0.79,False
STU_0069,2,5,0,0,0,20,155.4,1,1,1,89.3,87.4,3.86,3.73,3,1,1,0.2,0.37,0,5.0,consistently_engaged,0.811,False
STU_0069,3,4,1,0,0,15,162.5,2,0,5,91.8,88.9,3.15,6.73,3,1,0,2.2,,0,,consistently_engaged,0.853,False
STU_0069,4,5,0,0,0,17,204.3,2,0,1,98.0,91.1,4.34,13.36,4,0,0,0.1,1.0,0,5.0,consistently_engaged,0.887,False
STU_0069,5,5,0,1,0,18,164.5,2,0,2,99.0,92.7,3.61,10.21,0,1,1,0.7,,0,,consistently_engaged,0.966,False
STU_0069,6,5,0,0,0,19,186.2,2,0,2,87.9,91.9,-5.05,25.08,3,0,1,0.8,0.6,0,5.0,consistently_engaged,0.98,False
STU_0069,7,4,1,0,0,19,137.9,2,0,2,85.7,91.0,-6.65,33.83,2,1,0,0.0,,0,,consistently_engaged,0.98,False
STU_0069,8,5,0,1,0,22,154.7,2,0,4,100.0,92.1,6.05,39.61,2,0,0,0.4,0.67,0,4.0,consistently_engaged,0.98,False
STU_0069,9,5,0,1,0,18,203.3,2,0,3,100.0,93.0,7.16,45.59,2,1,1,0.0,,0,,consistently_engaged,0.954,False
STU_0069,10,4,1,0,0,16,196.8,2,0,3,93.4,93.1,-3.28,9.58,1,2,1,0.2,0.92,0,5.0,consistently_engaged,0.913,False
STU_0069,11,5,0,0,0,20,169.8,2,0,3,87.9,92.6,-6.03,24.32,2,0,0,0.1,,0,,consistently_engaged,0.877,False
STU_0069,12,3,2,0,0,16,167.5,2,0,2,81.0,91.6,-6.22,25.94,4,1,0,1.2,0.9,0,5.0,consistently_engaged,0.833,False
STU_0069,13,4,1,0,0,18,157.9,1,0,3,73.3,90.2,-7.3,35.56,4,0,0,1.3,,0,,consistently_engaged,0.809,False
STU_0069,14,5,0,0,0,19,173.5,2,0,2,86.3,89.9,2.63,28.13,1,0,0,4.1,0.6,0,3.0,consistently_engaged,0.802,False
STU_0069,15,4,1,0,0,14,211.4,1,0,3,81.5,89.4,4.08,28.46,2,1,0,1.1,,0,,consistently_engaged,0.83,False
STU_0069,16,5,0,0,0,22,146.2,1,0,0,76.6,88.6,-4.84,15.62,1,1,0,1.0,0.83,0,4.0,consistently_engaged,0.841,False
STU_0070,1,3,2,0,1,18,104.7,2,0,5,87.8,87.8,0.0,0.0,2,0,1,0.1,,0,,consistently_engaged,0.841,False
STU_0070,2,5,0,0,0,20,213.6,2,0,2,81.6,84.7,-6.2,9.6,4,1,0,0.8,1.0,0,4.0,consistently_engaged,0.854,False
STU_0070,3,5,0,0,0,17,188.2,2,0,3,84.5,84.7,-1.65,6.41,1,0,0,0.5,,1,,consistently_engaged,0.868,False
STU_0070,4,3,2,0,1,21,104.3,2,0,3,80.5,83.6,-0.57,2.91,5,1,0,0.1,0.08,0,5.0,consistently_engaged,0.844,False
STU_0070,5,5,0,2,0,18,159.2,2,0,1,84.5,83.8,-0.0,3.64,3,0,0,0.1,,0,,consistently_engaged,0.868,False
STU_0070,6,5,0,0,0,18,116.4,2,0,1,90.4,84.9,4.94,16.43,2,1,0,1.2,1.0,0,5.0,consistently_engaged,0.849,False
STU_0070,7,5,0,0,0,17,202.2,2,0,1,77.9,83.9,-3.33,26.06,2,0,0,1.1,,0,,consistently_engaged,0.804,False
STU_0070,8,4,1,1,1,13,162.0,2,0,2,80.2,83.4,-5.09,29.44,2,0,0,1.4,0.37,0,5.0,consistently_engaged,0.798,False
STU_0070,9,5,0,1,0,15,186.9,2,0,2,97.3,85.0,9.69,74.68,3,1,1,1.3,,0,,consistently_engaged,0.858,False
STU_0070,10,5,0,0,0,14,171.6,2,0,0,85.2,85.0,2.52,51.2,4,0,0,0.3,0.68,0,5.0,consistently_engaged,0.875,False
STU_0070,11,5,0,1,0,20,198.5,1,0,0,96.4,86.0,-0.44,29.88,1,0,1,1.6,,0,,consistently_engaged,0.897,False
STU_0070,12,4,1,1,1,17,175.0,2,0,4,92.1,86.5,3.41,20.99,3,2,1,1.3,0.96,0,5.0,consistently_engaged,0.916,False
STU_0070,13,5,0,0,0,18,147.5,2,0,0,89.2,86.7,-3.57,8.63,2,1,0,0.0,,0,,consistently_engaged,0.922,False
STU_0070,14,4,1,0,0,17,168.2,2,0,1,86.1,86.7,-2.99,5.95,1,1,0,0.0,1.0,0,5.0,consistently_engaged,0.911,False
STU_0070,15,5,0,0,0,12,182.8,2,0,4,86.2,86.7,-1.52,2.12,5,0,0,2.0,,0,,consistently_engaged,0.919,False
STU_0070,16,5,0,1,0,17,170.7,2,0,3,88.6,86.8,1.25,1.35,4,0,1,2.0,0.2,0,5.0,consistently_engaged,0.93,False
STU_0071,1,5,0,0,0,20,143.0,3,1,1,89.1,89.1,0.0,0.0,2,0,0,1.5,,0,,consistently_engaged,0.787,False
STU_0071,2,4,1,0,1,17,139.5,2,1,2,74.1,81.6,-15.03,56.48,1,0,0,2.7,0.91,0,5.0,consistently_engaged,0.786,False
STU_0071,3,5,0,1,0,15,124.4,3,1,0,77.2,80.1,-5.96,41.95,3,1,0,0.1,,0,,consistently_engaged,0.771,False
STU_0071,4,5,0,0,0,18,121.6,2,0,3,79.6,80.0,2.73,5.01,1,1,0,1.3,0.61,0,4.0,consistently_engaged,0.73,False
STU_0071,5,4,1,1,1,9,90.9,2,0,2,90.8,82.1,6.77,34.9,2,0,0,1.2,,0,,consistently_engaged,0.705,False
STU_0071,6,4,1,0,1,12,144.6,3,0,2,77.1,81.3,-1.25,35.47,1,0,1,3.9,0.21,0,4.0,consistently_engaged,0.729,False
STU_0071,7,3,2,1,0,13,147.0,2,0,0,82.9,81.5,-3.93,31.5,0,2,0,0.2,,0,,consistently_engaged,0.688,False
STU_0071,8,4,1,2,0,16,166.7,2,0,3,83.5,81.8,3.23,8.47,2,0,0,2.5,-0.62,1,3.0,consistently_engaged,0.757,False
STU_0071,9,4,1,0,0,15,110.4,3,0,3,84.9,82.1,0.99,0.68,1,1,1,0.2,,0,,consistently_engaged,0.799,False
STU_0071,10,1,4,0,2,14,200.4,2,0,3,71.9,81.1,-5.8,33.77,1,0,1,1.2,0.74,0,4.0,consistently_engaged,0.78,False
STU_0071,11,5,0,0,0,17,149.1,3,1,1,75.1,80.6,-4.88,30.35,1,1,0,5.6,,0,,consistently_engaged,0.776,False
STU_0071,12,5,0,0,0,19,181.6,2,0,4,74.9,80.1,1.5,2.12,2,0,0,3.8,0.41,0,4.0,consistently_engaged,0.78,False
STU_0071,13,5,0,1,0,18,125.7,2,1,0,72.7,79.5,-1.22,1.23,0,1,0,1.1,,0,,consistently_engaged,0.747,False
STU_0071,14,4,1,0,0,13,165.5,2,0,2,77.2,79.4,1.17,3.51,2,1,0,3.8,0.26,0,4.0,consistently_engaged,0.754,False
STU_0071,15,4,1,2,1,17,194.1,2,0,1,72.1,78.9,-0.3,5.37,4,1,0,0.6,,0,,consistently_engaged,0.793,False
STU_0071,16,5,0,0,0,15,117.8,1,1,0,91.4,79.7,7.1,67.2,2,1,1,1.0,0.63,0,4.0,consistently_engaged,0.833,False
STU_0072,1,5,0,0,0,21,182.2,3,0,2,86.4,86.4,0.0,0.0,1,1,0,0.1,,0,,consistently_engaged,0.881,False
STU_0072,2,5,0,0,0,20,170.3,2,1,1,89.7,88.1,3.31,2.73,2,0,1,0.1,0.79,0,5.0,consistently_engaged,0.926,False
STU_0072,3,5,0,0,0,19,215.5,1,0,2,100.0,92.0,6.8,33.52,2,2,0,0.7,,0,,consistently_engaged,0.894,False
STU_0072,4,5,0,0,0,18,228.5,3,0,3,86.2,90.6,-1.75,34.25,1,1,0,0.7,0.25,0,5.0,consistently_engaged,0.866,False
STU_0072,5,5,0,0,0,20,180.5,2,0,0,87.8,90.0,-6.12,38.03,1,2,0,3.6,,0,,consistently_engaged,0.84,False
STU_0072,6,5,0,0,0,11,202.1,1,0,3,89.7,90.0,1.73,2.0,1,0,0,0.3,0.72,0,5.0,consistently_engaged,0.838,False
STU_0072,7,4,1,0,0,18,169.8,2,2,2,87.0,89.5,-0.38,1.27,0,0,0,3.8,,0,,consistently_engaged,0.788,False
STU_0072,8,3,2,0,0,15,139.5,2,0,3,78.1,88.1,-5.8,24.63,0,1,1,1.1,0.64,0,4.0,consistently_engaged,0.796,False
STU_0072,9,5,0,0,0,14,182.1,1,0,5,83.3,87.6,-1.86,13.42,1,1,1,4.1,,0,,consistently_engaged,0.816,False
STU_0072,10,5,0,0,0,17,117.1,2,0,2,77.3,86.5,-0.39,7.08,1,2,0,1.0,1.0,0,4.0,consistently_engaged,0.807,False
STU_0072,11,5,0,1,0,18,111.2,2,1,3,81.1,86.0,-1.11,6.12,4,1,0,2.4,,0,,consistently_engaged,0.758,False
STU_0072,12,5,0,0,0,16,134.0,2,0,4,81.5,85.7,2.12,3.62,2,1,1,0.1,0.8,0,4.0,consistently_engaged,0.834,False
STU_0072,13,5,0,0,0,24,162.4,2,0,6,72.6,84.7,-4.24,16.91,1,1,1,1.0,,0,,consistently_engaged,0.821,False
STU_0072,14,5,0,1,0,17,200.0,3,0,1,95.4,85.4,6.92,87.86,2,1,0,2.1,0.66,0,5.0,consistently_engaged,0.842,False
STU_0072,15,3,2,0,1,20,137.6,1,0,4,93.8,86.0,10.58,107.76,1,0,0,1.3,,0,,consistently_engaged,0.814,False
STU_0072,16,4,1,0,1,17,109.0,2,0,5,84.9,85.9,-5.23,21.12,2,0,0,1.6,0.62,0,5.0,consistently_engaged,0.869,False
STU_0073,1,5,0,0,0,21,130.0,2,0,0,87.8,87.8,0.0,0.0,0,0,0,1.9,,0,,consistently_engaged,0.808,False
STU_0073,2,5,0,2,0,19,138.5,2,1,4,80.0,83.9,-7.78,15.15,4,0,0,5.7,0.27,0,4.0,consistently_engaged,0.77,False
STU_0073,3,5,0,0,0,14,130.1,2,1,3,83.4,83.8,-2.2,10.15,1,1,0,0.1,,0,,consistently_engaged,0.739,False
STU_0073,4,5,0,0,0,15,114.8,2,0,3,84.4,83.9,2.19,3.5,2,0,0,0.3,-0.12,0,5.0,consistently_engaged,0.817,False
STU_0073,5,5,0,0,0,19,198.2,2,0,2,89.8,85.1,3.17,7.77,2,1,0,1.1,,0,,consistently_engaged,0.841,False
STU_0073,6,5,0,0,0,19,155.5,3,0,1,86.1,85.3,0.87,4.98,1,0,0,0.6,0.58,0,5.0,consistently_engaged,0.899,False
STU_0073,7,5,0,0,0,10,157.9,2,0,4,86.8,85.5,-1.47,2.47,2,0,0,1.1,,0,,consistently_engaged,0.913,False
STU_0073,8,5,0,0,0,13,194.2,2,0,6,96.6,86.9,5.23,22.87,4,2,1,2.0,0.96,0,4.0,consistently_engaged,0.931,False
STU_0073,9,4,1,0,0,13,220.1,2,0,3,94.8,87.8,4.01,18.13,2,1,1,2.2,,0,,consistently_engaged,0.945,False
STU_0073,10,5,0,0,0,16,214.4,2,0,2,98.8,88.9,1.09,2.61,2,1,1,0.8,0.77,0,5.0,consistently_engaged,0.938,False
STU_0073,11,5,0,0,0,23,168.3,2,0,1,86.0,88.6,-4.41,28.54,2,2,0,1.7,,0,,consistently_engaged,0.919,False
STU_0073,12,5,0,1,0,17,228.6,2,0,0,96.5,89.3,-1.13,31.0,2,1,1,1.8,0.65,0,5.0,consistently_engaged,0.98,False
STU_0073,13,5,0,0,0,17,202.5,2,0,0,89.3,89.3,1.64,19.27,0,0,0,0.1,,0,,consistently_engaged,0.947,False
STU_0073,14,5,0,1,0,12,149.1,2,0,2,93.3,89.5,-1.59,8.73,4,1,1,0.3,0.62,0,4.0,consistently_engaged,0.966,False
STU_0073,15,5,0,0,0,13,167.0,2,0,1,94.4,89.9,2.56,4.86,3,0,0,2.0,,0,,consistently_engaged,0.98,False
STU_0073,16,5,0,0,0,15,200.8,2,0,1,100.0,90.5,3.34,8.57,4,1,0,0.2,1.0,0,4.0,consistently_engaged,0.98,False
STU_0074,1,5,0,0,0,22,156.3,2,0,2,93.1,93.1,0.0,0.0,1,0,0,0.4,,0,,consistently_engaged,0.828,False
STU_0074,2,5,0,0,0,15,161.5,1,0,1,84.1,88.6,-8.96,20.05,1,1,0,2.3,0.54,0,4.0,consistently_engaged,0.87,False
STU_0074,3,4,1,0,0,17,169.7,1,0,1,94.6,90.6,0.78,21.46,1,1,0,1.3,,0,,consistently_engaged,0.894,False
STU_0074,4,4,1,0,0,20,167.8,1,0,1,77.1,87.2,-3.53,52.15,1,1,1,0.8,-0.03,0,4.0,consistently_engaged,0.896,False
STU_0074,5,5,0,0,0,17,176.0,2,0,4,80.9,86.0,-6.87,56.93,1,0,0,1.0,,0,,consistently_engaged,0.905,False
STU_0074,6,5,0,0,0,18,195.4,3,0,0,91.7,86.9,7.33,38.56,1,0,1,0.4,0.78,0,4.0,consistently_engaged,0.909,False
STU_0074,7,5,0,0,0,17,201.2,2,0,3,97.0,88.4,8.04,44.82,1,0,0,1.1,,0,,consistently_engaged,0.98,False
STU_0074,8,4,1,0,1,18,140.3,2,0,4,93.3,89.0,0.8,4.83,4,0,0,0.4,0.72,0,5.0,consistently_engaged,0.969,False
STU_0074,9,4,1,0,0,16,207.8,1,0,3,88.0,88.9,-4.47,13.46,1,0,1,0.7,,0,,consistently_engaged,0.951,False
STU_0074,10,5,0,0,0,13,193.1,3,0,1,86.6,88.7,-3.36,8.35,3,1,1,0.2,0.95,0,5.0,consistently_engaged,0.965,False
STU_0074,11,5,0,0,0,17,156.7,2,0,3,90.5,88.8,1.23,2.59,1,1,0,0.2,,0,,consistently_engaged,0.974,False
STU_0074,12,4,1,0,1,16,230.6,2,0,1,87.9,88.7,0.62,2.64,1,1,0,0.5,0.77,0,5.0,consistently_engaged,0.98,False
STU_0074,13,5,0,0,0,18,152.3,2,0,4,95.9,89.3,2.7,11.23,2,1,1,1.2,,0,,consistently_engaged,0.905,False
STU_0074,14,4,1,0,1,15,179.3,2,0,2,83.3,88.9,-2.29,27.24,2,1,0,0.3,1.0,0,4.0,consistently_engaged,0.865,False
STU_0074,15,5,0,0,0,14,141.5,2,0,1,93.4,89.2,-1.26,29.77,3,2,0,0.3,,0,,consistently_engaged,0.855,False
STU_0074,16,5,0,0,0,19,193.4,3,0,0,87.9,89.1,2.32,17.08,2,0,0,1.6,0.9,0,4.0,consistently_engaged,0.901,False
STU_0075,1,4,1,0,0,16,198.7,2,0,3,99.0,99.0,0.0,0.0,1,0,0,4.3,,0,,consistently_engaged,0.866,False
STU_0075,2,5,0,0,0,17,186.5,3,0,1,91.7,95.4,-7.34,13.47,0,1,0,1.8,0.58,0,4.0,consistently_engaged,0.849,False
STU_0075,3,5,0,0,0,19,196.0,2,1,2,90.3,93.7,-4.39,14.78,0,0,0,0.8,,1,,consistently_engaged,0.895,False
STU_0075,4,5,0,0,0,22,186.9,2,0,2,78.9,90.0,-6.37,32.49,6,1,1,0.9,0.09,0,4.0,consistently_engaged,0.87,False
STU_0075,5,5,0,0,0,19,180.2,2,1,1,81.1,88.2,-4.6,24.12,3,0,0,7.0,,0,,consistently_engaged,0.838,False
STU_0075,6,4,1,0,1,12,142.4,2,2,1,85.3,87.7,3.19,7.06,2,0,1,1.2,1.0,0,5.0,consistently_engaged,0.881,False
STU_0075,7,5,0,0,0,22,163.6,1,0,0,88.4,87.8,3.66,9.01,2,1,0,0.7,,0,,consistently_engaged,0.903,False
STU_0075,8,5,0,0,0,17,172.8,1,0,1,75.0,86.2,-5.18,32.9,4,1,1,0.2,0.54,0,4.0,consistently_engaged,0.881,False
STU_0075,9,5,0,0,0,15,206.5,2,0,2,86.3,86.2,-1.05,34.63,1,0,0,0.1,,0,,consistently_engaged,0.86,False
STU_0075,10,3,2,0,1,21,198.8,3,1,4,88.2,86.4,6.62,34.08,2,1,1,0.5,0.7,0,5.0,consistently_engaged,0.848,False
STU_0075,11,5,0,1,0,17,150.9,2,0,5,82.6,86.1,-1.85,5.45,3,0,0,0.3,,0,,consistently_engaged,0.865,False
STU_0075,12,4,1,1,1,22,148.8,1,0,0,76.2,85.2,-6.0,24.06,2,1,0,0.2,0.64,0,5.0,consistently_engaged,0.831,False
STU_0075,13,5,0,0,0,16,153.1,2,0,2,74.8,84.4,-3.89,11.45,3,0,0,0.5,,0,,consistently_engaged,0.814,False
STU_0075,14,3,2,0,0,16,149.2,2,0,0,83.3,84.4,3.53,13.68,3,0,0,3.6,0.67,0,4.0,consistently_engaged,0.804,False
STU_0075,15,5,0,0,0,14,192.0,2,0,1,84.7,84.4,4.93,18.93,2,1,0,1.5,,0,,consistently_engaged,0.754,False
STU_0075,16,4,1,0,1,17,161.5,2,0,4,83.4,84.3,0.09,0.39,3,1,1,0.3,-0.06,0,5.0,consistently_engaged,0.799,False
STU_0076,1,5,0,0,0,21,192.2,2,0,2,90.9,90.9,0.0,0.0,3,1,0,1.9,,1,,consistently_engaged,0.857,False
STU_0076,2,5,0,0,0,13,201.8,2,0,1,85.7,88.3,-5.23,6.84,3,0,1,0.3,-0.0,0,5.0,consistently_engaged,0.88,False
STU_0076,3,4,1,0,0,20,176.0,2,0,0,76.6,84.4,-7.14,34.82,0,0,0,0.6,,0,,consistently_engaged,0.867,False
STU_0076,4,3,2,0,1,19,124.0,3,0,2,82.2,83.8,-1.76,13.89,3,1,0,0.9,0.82,0,4.0,consistently_engaged,0.845,False
STU_0076,5,5,0,0,0,17,150.7,2,1,4,89.7,85.0,6.56,28.88,2,0,0,2.0,,0,,consistently_engaged,0.878,False
STU_0076,6,5,0,0,0,13,134.4,1,0,3,85.2,85.0,1.5,9.68,4,0,0,0.2,0.8,0,4.0,consistently_engaged,0.909,False
STU_0076,7,4,1,0,0,15,180.2,2,0,3,90.3,85.8,0.27,5.24,3,1,0,0.4,,0,,consistently_engaged,0.954,False
STU_0076,8,5,0,0,0,17,196.8,2,0,1,86.4,85.9,0.63,4.71,1,2,0,4.2,0.82,0,5.0,consistently_engaged,0.934,False
STU_0076,9,5,0,0,0,20,133.2,2,0,4,100.0,87.4,4.86,32.58,3,2,0,0.5,,0,,consistently_engaged,0.897,False
STU_0076,10,5,0,0,0,18,152.0,2,0,3,83.8,87.1,-1.34,50.58,2,0,0,2.1,1.0,0,5.0,consistently_engaged,0.897,False
STU_0076,11,4,1,0,0,21,174.9,3,0,2,90.4,87.4,-4.79,44.48,2,0,0,0.9,,0,,consistently_engaged,0.943,False
STU_0076,12,5,0,0,0,16,155.3,3,0,3,79.3,86.7,-2.25,21.01,6,0,0,0.3,0.85,0,5.0,consistently_engaged,0.9,False
STU_0076,13,5,0,0,0,24,184.6,2,0,4,94.0,87.3,1.77,39.22,2,1,0,0.4,,0,,consistently_engaged,0.904,False
STU_0076,14,5,0,0,0,17,194.7,3,1,0,97.1,88.0,8.9,60.25,2,0,0,2.4,0.64,0,5.0,consistently_engaged,0.904,False
STU_0076,15,5,0,0,0,20,206.2,2,0,2,85.5,87.8,-4.24,23.96,3,1,0,0.0,,0,,consistently_engaged,0.924,False
STU_0076,16,4,1,0,0,22,147.7,2,0,4,91.9,88.0,-2.59,22.44,2,2,1,0.3,0.76,0,5.0,consistently_engaged,0.888,False
STU_0077,1,5,0,0,0,17,193.2,2,0,1,88.6,88.6,0.0,0.0,2,0,0,0.5,,0,,consistently_engaged,0.905,False
STU_0077,2,5,0,1,0,15,181.5,2,0,1,100.0,94.3,11.37,32.32,0,1,0,0.1,1.0,0,5.0,consistently_engaged,0.906,False
STU_0077,3,5,0,0,0,15,171.4,3,0,0,94.1,94.2,2.71,21.56,4,0,0,0.7,,0,,consistently_engaged,0.948,False
STU_0077,4,4,1,1,0,21,163.2,2,0,3,91.8,93.6,-4.1,11.94,2,2,0,4.5,1.0,0,5.0,consistently_engaged,0.914,False
STU_0077,5,5,0,0,0,18,226.0,1,0,2,86.1,92.1,-3.99,11.27,2,1,0,1.1,,0,,consistently_engaged,0.878,False
STU_0077,6,4,1,2,0,22,166.8,2,0,1,87.3,91.3,-2.27,6.09,1,1,0,0.0,0.53,0,3.0,consistently_engaged,0.88,False
STU_0077,7,5,0,0,0,18,185.2,2,0,1,70.2,88.3,-7.96,60.87,3,0,1,0.7,,0,,consistently_engaged,0.856,False
STU_0077,8,4,1,0,1,14,226.0,2,0,4,92.2,88.8,2.46,89.18,0,1,0,0.7,1.0,1,4.0,consistently_engaged,0.846,False
STU_0077,9,5,0,0,0,12,186.9,2,0,4,78.9,87.7,4.39,82.06,3,0,0,0.8,,0,,consistently_engaged,0.891,False
STU_0077,10,5,0,0,0,16,193.5,2,0,3,100.0,88.9,3.9,75.66,0,1,0,0.4,0.85,0,4.0,consistently_engaged,0.953,False
STU_0077,11,5,0,0,0,16,189.9,2,0,2,96.1,89.6,8.61,83.9,4,1,0,1.0,,0,,consistently_engaged,0.961,False
STU_0077,12,5,0,0,0,17,191.0,2,0,3,100.0,90.4,-0.0,3.31,2,1,1,1.5,0.45,0,4.0,consistently_engaged,0.971,False
STU_0077,13,5,0,0,0,17,176.6,2,0,2,99.2,91.1,1.51,2.75,4,0,0,1.6,,0,,consistently_engaged,0.949,False
STU_0077,14,5,0,0,0,17,207.5,2,0,1,100.0,91.7,-0.0,0.15,3,0,0,0.0,1.0,0,5.0,consistently_engaged,0.926,False
STU_0077,15,5,0,0,0,22,181.1,2,0,0,88.6,91.5,-5.31,27.14,2,0,0,0.4,,0,,consistently_engaged,0.957,False
STU_0077,16,5,0,0,0,20,213.6,2,0,2,97.4,91.9,-1.32,23.94,2,0,0,0.1,1.0,0,4.0,consistently_engaged,0.98,False
STU_0078,1,5,0,0,0,19,173.3,2,0,2,83.4,83.4,0.0,0.0,1,1,0,0.2,,0,,consistently_engaged,0.857,False
STU_0078,2,5,0,0,0,23,217.8,2,0,2,87.5,85.5,4.1,4.2,2,2,1,0.2,1.0,0,4.0,consistently_engaged,0.874,False
STU_0078,3,5,0,0,0,21,175.2,3,0,1,92.0,87.6,4.28,12.19,1,1,0,0.0,,0,,consistently_engaged,0.922,False
STU_0078,4,5,0,0,0,21,140.8,2,0,1,84.3,86.8,-1.59,9.8,1,2,0,0.7,0.92,0,5.0,consistently_engaged,0.93,False
STU_0078,5,5,0,0,0,15,213.2,3,0,3,84.3,86.3,-3.82,12.95,1,2,1,0.1,,1,,consistently_engaged,0.909,False
STU_0078,6,5,0,0,0,20,179.3,2,0,2,85.4,86.2,0.53,0.25,2,1,1,0.0,1.0,0,4.0,consistently_engaged,0.938,False
STU_0078,7,5,0,0,0,19,149.8,2,0,3,75.7,84.7,-4.33,18.91,3,1,1,0.6,,0,,consistently_engaged,0.916,False
STU_0078,8,5,0,0,0,20,221.5,3,1,1,80.0,84.1,-2.7,15.76,2,0,1,1.7,0.99,0,5.0,consistently_engaged,0.879,False
STU_0078,9,5,0,0,0,15,153.1,2,0,4,87.4,84.5,5.86,23.46,7,1,1,2.3,,0,,consistently_engaged,0.879,False
STU_0078,10,5,0,1,0,16,231.8,2,1,3,80.3,84.0,0.15,11.75,3,1,0,0.9,0.72,0,4.0,consistently_engaged,0.844,False
STU_0078,11,4,1,0,1,20,227.2,1,0,3,95.1,85.0,3.82,36.32,3,1,0,0.3,,0,,consistently_engaged,0.909,False
STU_0078,12,5,0,0,0,20,182.1,3,0,0,91.3,85.6,5.49,39.18,3,1,0,0.9,0.97,0,4.0,consistently_engaged,0.826,False
STU_0078,13,5,0,1,0,19,114.3,2,0,2,92.0,86.1,-1.55,2.7,0,1,0,0.0,,0,,consistently_engaged,0.818,False
STU_0078,14,5,0,0,0,19,156.0,2,0,3,89.6,86.3,-0.83,0.97,2,0,0,0.4,0.49,0,4.0,consistently_engaged,0.867,False
STU_0078,15,3,2,0,1,12,158.2,2,0,1,78.8,85.8,-6.61,33.13,1,2,0,0.0,,0,,consistently_engaged,0.837,False
STU_0078,16,5,0,1,0,12,131.9,2,0,1,80.7,85.5,-4.47,22.42,3,0,0,0.5,0.94,0,4.0,consistently_engaged,0.806,False
STU_0079,1,4,1,0,0,21,175.6,1,0,5,92.0,92.0,0.0,0.0,0,0,0,3.1,,0,,consistently_engaged,0.871,False
STU_0079,2,3,2,1,2,20,194.3,1,0,1,80.5,86.2,-11.55,33.37,2,2,0,1.2,1.0,0,4.0,consistently_engaged,0.884,False
STU_0079,3,5,0,2,0,20,163.9,3,0,1,84.4,85.6,-3.79,22.97,2,1,1,1.2,,0,,consistently_engaged,0.826,False
STU_0079,4,5,0,0,0,11,166.2,2,0,1,88.4,86.3,3.95,10.4,0,0,0,0.6,1.0,0,4.0,consistently_engaged,0.809,False
STU_0079,5,5,0,0,0,14,175.0,2,0,1,93.4,87.7,4.46,13.3,3,0,1,0.1,,0,,consistently_engaged,0.864,False
STU_0079,6,5,0,0,0,21,161.6,2,1,1,85.2,87.3,-1.59,11.32,3,0,0,2.6,0.88,0,3.0,consistently_engaged,0.853,False
STU_0079,7,5,0,0,0,19,228.0,2,0,4,75.1,85.6,-9.1,55.43,2,1,0,1.5,,0,,consistently_engaged,0.864,False
STU_0079,8,5,0,0,0,17,174.5,2,0,6,78.5,84.7,-3.35,17.4,2,0,0,0.4,1.0,0,5.0,consistently_engaged,0.877,False
STU_0079,9,4,1,0,0,21,166.3,2,0,3,91.3,85.4,8.09,48.67,4,1,0,1.2,,0,,consistently_engaged,0.907,False
STU_0079,10,5,0,0,0,21,133.7,2,0,4,86.0,85.5,3.75,27.8,1,1,0,0.4,0.97,0,4.0,consistently_engaged,0.881,False
STU_0079,11,5,0,0,0,22,178.1,2,0,2,79.1,84.9,-6.11,25.01,1,1,0,2.2,,0,,consistently_engaged,0.901,False
STU_0079,12,5,0,0,0,23,203.9,2,0,3,87.1,85.1,0.57,12.49,3,1,0,0.0,0.99,0,4.0,consistently_engaged,0.887,False
STU_0079,13,5,0,0,0,20,146.8,1,0,0,87.0,85.2,3.94,14.01,2,0,0,2.0,,0,,consistently_engaged,0.846,False
STU_0079,14,5,0,0,0,21,168.4,2,0,1,82.9,85.1,-2.12,3.86,3,2,1,0.2,0.94,0,4.0,consistently_engaged,0.898,False
STU_0079,15,4,1,0,1,17,152.4,2,0,1,81.2,84.8,-2.88,5.87,0,0,0,2.4,,0,,consistently_engaged,0.909,False
STU_0079,16,5,0,0,0,23,186.5,2,0,2,85.5,84.8,1.31,3.11,0,0,0,1.0,0.43,0,5.0,consistently_engaged,0.892,False
STU_0080,1,4,1,0,0,12,156.9,2,0,0,86.3,86.3,0.0,0.0,3,0,1,0.5,,0,,consistently_engaged,0.811,False
STU_0080,2,5,0,0,0,12,137.3,2,0,0,82.7,84.5,-3.54,3.13,0,0,0,4.0,0.04,0,5.0,consistently_engaged,0.793,False
STU_0080,3,5,0,0,0,15,131.2,2,0,4,77.0,82.0,-4.64,14.63,1,0,0,0.4,,0,,consistently_engaged,0.768,False
STU_0080,4,5,0,0,0,17,132.3,2,0,3,77.8,81.0,-2.47,6.45,0,2,0,0.0,0.31,1,5.0,consistently_engaged,0.795,False
STU_0080,5,4,1,0,0,18,166.6,1,0,1,93.2,83.4,8.08,55.27,2,1,0,0.2,,0,,consistently_engaged,0.785,False
STU_0080,6,5,0,0,0,19,163.2,1,0,1,84.6,83.6,3.37,39.48,2,1,0,0.4,-0.17,0,5.0,consistently_engaged,0.858,False
STU_0080,7,4,1,1,0,20,156.7,2,1,0,84.5,83.7,-4.33,16.58,1,2,0,0.0,,0,,consistently_engaged,0.862,False
STU_0080,8,5,0,0,0,18,197.1,2,0,0,96.9,85.4,6.16,33.92,0,1,0,0.6,0.73,0,5.0,consistently_engaged,0.928,False
STU_0080,9,5,0,0,0,17,212.1,3,0,1,89.2,85.8,2.37,26.03,5,0,0,1.7,,0,,consistently_engaged,0.935,False
STU_0080,10,5,0,0,0,20,170.3,2,0,1,88.7,86.1,-4.07,13.88,1,1,1,2.0,0.76,0,5.0,consistently_engaged,0.962,False
STU_0080,11,5,0,0,0,18,155.1,3,0,3,94.2,86.8,2.47,6.05,1,0,0,2.4,,0,,consistently_engaged,0.95,False
STU_0080,12,5,0,0,0,16,220.5,1,0,0,88.1,86.9,-0.34,7.52,2,1,0,1.1,0.97,0,5.0,consistently_engaged,0.98,False
STU_0080,13,5,0,0,0,19,153.6,1,0,3,100.0,87.9,2.91,23.76,4,2,0,0.2,,0,,consistently_engaged,0.944,False
STU_0080,14,4,1,0,0,15,173.2,2,0,3,91.3,88.2,1.64,25.37,2,0,0,1.0,0.85,0,5.0,consistently_engaged,0.958,False
STU_0080,15,5,0,0,0,17,210.7,2,0,4,80.1,87.6,-9.95,66.32,3,2,0,0.5,,0,,consistently_engaged,0.941,False
STU_0080,16,5,0,0,0,20,168.2,2,0,0,95.7,88.1,2.16,42.93,2,1,0,0.5,0.56,0,5.0,consistently_engaged,0.932,False
STU_0081,1,5,0,0,0,15,190.3,2,0,1,79.4,79.4,0.0,0.0,0,0,0,0.2,,0,,consistently_engaged,0.846,False
STU_0081,2,5,0,0,0,23,178.2,2,1,3,90.0,84.7,10.64,28.29,2,0,0,0.8,0.86,0,4.0,consistently_engaged,0.903,False
STU_0081,3,5,0,0,0,22,172.1,2,0,1,93.2,87.5,6.9,34.83,3,1,0,2.9,,0,,consistently_engaged,0.939,False
STU_0081,4,5,0,0,0,20,182.7,3,0,4,88.6,87.8,-0.71,3.67,3,0,0,2.4,1.0,0,5.0,consistently_engaged,0.92,False
STU_0081,5,5,0,0,0,20,175.9,1,0,3,84.8,87.2,-4.2,11.82,2,1,0,0.9,,0,,consistently_engaged,0.916,False
STU_0081,6,5,0,0,0,19,159.9,2,0,2,100.0,89.3,5.71,41.9,4,1,0,0.1,1.0,1,4.0,consistently_engaged,0.895,False
STU_0081,7,5,0,0,0,14,186.8,2,0,3,90.7,89.5,2.97,39.32,1,1,0,0.3,,0,,consistently_engaged,0.885,False
STU_0081,8,5,0,0,0,22,152.1,1,0,2,94.6,90.1,-2.72,14.54,3,2,0,1.1,0.37,0,5.0,consistently_engaged,0.873,False
STU_0081,9,5,0,0,0,18,141.8,2,0,3,78.6,88.9,-6.03,45.94,0,0,0,0.6,,0,,consistently_engaged,0.864,False
STU_0081,10,5,0,0,0,18,190.8,1,1,2,81.2,88.1,-6.67,48.63,0,1,0,0.1,0.71,0,5.0,consistently_engaged,0.881,False
STU_0081,11,5,0,1,0,19,173.8,2,0,1,92.2,88.5,6.77,34.4,2,0,0,2.3,,0,,consistently_engaged,0.88,False
STU_0081,12,5,0,0,0,19,198.0,2,0,0,87.1,88.4,2.93,20.0,0,1,0,0.8,0.76,0,5.0,consistently_engaged,0.844,False
STU_0081,13,5,0,0,0,16,193.8,2,0,0,84.5,88.1,-3.83,10.14,1,0,0,0.2,,0,,consistently_engaged,0.895,False
STU_0081,14,5,0,0,0,17,155.5,2,0,3,82.5,87.7,-2.3,3.54,2,1,0,3.7,0.55,0,5.0,consistently_engaged,0.883,False
STU_0081,15,4,1,0,0,19,224.4,2,0,2,83.0,87.4,-0.76,0.74,2,0,0,0.1,,0,,consistently_engaged,0.87,False
STU_0081,16,5,0,1,0,12,159.2,2,1,2,81.1,87.0,-0.68,0.61,2,1,0,0.3,0.83,0,4.0,consistently_engaged,0.843,False
STU_0082,1,5,0,1,0,17,114.1,2,0,1,85.2,85.2,0.0,0.0,1,0,0,1.9,,0,,consistently_engaged,0.769,False
STU_0082,2,4,1,1,0,14,187.8,2,1,2,89.5,87.4,4.31,4.65,4,2,0,5.4,0.44,0,4.0,consistently_engaged,0.739,False
STU_0082,3,5,0,1,0,15,115.2,2,0,3,83.8,86.2,-0.73,6.02,1,1,0,0.8,,0,,consistently_engaged,0.703,False
STU_0082,4,5,0,1,0,22,127.4,2,1,2,74.8,83.3,-7.36,36.65,0,1,0,1.3,0.38,0,3.0,consistently_engaged,0.724,False
STU_0082,5,5,0,0,0,13,150.6,3,0,3,77.5,82.2,-3.12,14.01,1,0,0,0.6,,0,,consistently_engaged,0.703,False
STU_0082,6,5,0,0,0,17,138.5,2,0,1,71.6,80.4,-1.63,5.92,2,0,1,3.8,0.02,0,4.0,consistently_engaged,0.7,False
STU_0082,7,5,0,1,0,14,104.2,2,0,2,68.4,78.7,-4.54,14.17,2,0,0,4.9,,0,,consistently_engaged,0.684,False
STU_0082,8,4,1,1,1,11,158.3,3,0,4,80.6,78.9,4.53,26.69,0,1,0,1.6,0.4,0,3.0,consistently_engaged,0.621,False
STU_0082,9,5,0,0,0,9,113.4,3,1,3,61.3,77.0,-3.59,63.86,1,0,0,2.8,,0,,consistently_engaged,0.58,False
STU_0082,10,3,2,0,0,11,184.6,2,1,1,62.7,75.5,-8.97,77.61,2,0,0,0.3,0.87,0,4.0,consistently_engaged,0.579,False
STU_0082,11,5,0,0,0,14,63.5,3,0,0,69.9,75.0,4.33,14.4,1,0,0,2.1,,0,,consistently_engaged,0.592,False
STU_0082,12,5,0,0,0,17,79.7,2,0,2,74.5,75.0,5.91,23.65,2,0,0,1.2,0.03,0,3.0,consistently_engaged,0.627,False
STU_0082,13,3,2,1,1,18,101.1,1,0,2,74.9,75.0,2.51,5.15,1,0,0,0.5,,0,,consistently_engaged,0.646,False
STU_0082,14,3,2,0,1,15,129.9,2,0,1,69.5,74.6,-2.48,6.01,2,1,0,0.1,0.43,1,3.0,consistently_engaged,0.667,False
STU_0082,15,4,1,0,1,22,154.5,2,0,2,70.6,74.3,-2.18,5.48,0,1,1,4.1,,0,,consistently_engaged,0.643,False
STU_0082,16,2,3,0,2,14,127.5,2,1,2,76.3,74.4,3.37,8.77,0,1,0,3.6,-0.31,1,5.0,consistently_engaged,0.681,False
STU_0083,1,5,0,0,0,17,179.7,2,0,1,89.0,89.0,0.0,0.0,3,1,1,1.8,,0,,consistently_engaged,0.891,False
STU_0083,2,4,1,0,1,23,176.2,1,0,5,87.7,88.4,-1.31,0.43,2,1,1,0.7,0.8,1,4.0,consistently_engaged,0.885,False
STU_0083,3,5,0,0,0,19,144.8,2,1,1,71.2,82.7,-8.9,65.65,3,1,1,0.7,,0,,consistently_engaged,0.834,False
STU_0083,4,5,0,0,0,20,112.4,1,0,4,87.9,84.0,0.09,61.13,2,1,1,0.2,0.17,0,4.0,consistently_engaged,0.86,False
STU_0083,5,5,0,0,0,18,148.5,2,0,3,96.5,86.5,12.64,110.15,1,0,0,0.4,,0,,consistently_engaged,0.899,False
STU_0083,6,4,1,0,0,12,193.9,2,0,2,79.4,85.3,-4.23,48.5,1,1,0,6.0,1.0,0,4.0,consistently_engaged,0.875,False
STU_0083,7,5,0,0,0,22,162.2,2,1,1,81.1,84.7,-7.72,59.1,1,2,0,0.3,,0,,consistently_engaged,0.861,False
STU_0083,8,5,0,1,0,18,153.3,2,0,3,86.3,84.9,3.41,8.44,4,1,0,1.3,0.2,1,4.0,consistently_engaged,0.823,False
STU_0083,9,5,0,0,0,21,145.0,2,1,5,86.7,85.1,2.82,6.55,2,0,0,3.2,,0,,consistently_engaged,0.813,False
STU_0083,10,5,0,0,0,20,166.6,1,0,2,98.2,86.4,5.97,30.52,0,0,1,0.8,0.64,0,3.0,consistently_engaged,0.835,False
STU_0083,11,4,1,0,1,13,152.2,2,0,1,76.7,85.5,-5.01,77.26,3,0,0,0.1,,0,,consistently_engaged,0.852,False
STU_0083,12,5,0,0,0,19,159.2,2,2,1,88.9,85.8,-4.64,77.62,3,0,0,2.5,1.0,0,5.0,consistently_engaged,0.829,False
STU_0083,13,4,1,0,1,17,131.3,2,0,3,78.8,85.3,1.06,28.48,1,1,0,0.4,,0,,consistently_engaged,0.846,False
STU_0083,14,4,1,1,1,17,213.4,2,0,3,81.2,85.0,-3.87,18.63,0,1,0,0.9,0.36,0,5.0,consistently_engaged,0.863,False
STU_0083,15,4,1,0,0,17,140.7,2,0,3,79.7,84.6,0.43,0.95,0,0,0,0.9,,0,,consistently_engaged,0.869,False
STU_0083,16,5,0,0,0,23,189.6,2,0,1,85.2,84.7,2.03,5.52,1,1,0,1.2,0.97,0,4.0,consistently_engaged,0.87,False
STU_0084,1,5,0,1,0,18,187.3,2,0,0,95.7,95.7,0.0,0.0,0,1,0,2.4,,0,,consistently_engaged,0.881,False
STU_0084,2,5,0,0,0,18,195.0,2,0,2,94.7,95.2,-0.98,0.24,0,0,0,0.7,0.73,0,5.0,consistently_engaged,0.871,False
STU_0084,3,3,2,0,0,17,220.1,2,0,1,82.0,90.8,-6.82,38.62,1,0,0,1.3,,0,,consistently_engaged,0.862,False
STU_0084,4,4,1,0,0,17,149.0,2,0,3,92.0,91.1,-1.35,29.67,4,2,0,0.2,0.31,0,4.0,consistently_engaged,0.881,False
STU_0084,5,4,1,0,0,15,164.2,2,0,1,90.0,90.9,3.98,18.51,1,0,0,0.4,,0,,consistently_engaged,0.91,False
STU_0084,6,5,0,0,0,19,159.7,2,0,4,89.6,90.7,-1.17,1.06,1,2,0,0.4,1.0,0,5.0,consistently_engaged,0.942,False
STU_0084,7,5,0,0,0,19,149.4,2,0,6,92.8,91.0,1.42,2.02,1,0,0,0.2,,0,,consistently_engaged,0.959,False
STU_0084,8,5,0,0,0,21,174.8,3,0,1,94.0,91.3,2.2,3.43,0,2,1,3.1,0.97,0,5.0,consistently_engaged,0.928,False
STU_0084,9,5,0,0,0,20,199.7,2,0,3,92.3,91.4,-0.25,0.52,3,1,0,0.7,,0,,consistently_engaged,0.909,False
STU_0084,10,4,1,0,0,18,156.9,1,0,2,82.2,90.5,-5.93,27.39,3,1,0,0.1,0.39,0,5.0,consistently_engaged,0.926,False
STU_0084,11,5,0,0,0,21,229.0,2,0,3,88.4,90.3,-1.96,17.43,1,2,0,0.3,,0,,consistently_engaged,0.924,False
STU_0084,12,5,0,0,0,21,136.7,2,0,0,94.2,90.7,6.03,24.25,5,0,0,0.1,0.74,0,5.0,consistently_engaged,0.951,False
STU_0084,13,5,0,0,0,15,225.3,3,0,1,80.4,89.9,-4.0,32.18,2,1,0,1.4,,0,,consistently_engaged,0.893,False
STU_0084,14,5,0,0,0,20,141.8,2,1,1,90.0,89.9,-2.1,33.57,0,0,1,0.4,1.0,0,5.0,consistently_engaged,0.845,False
STU_0084,15,5,0,0,0,17,185.1,2,0,1,78.3,89.1,-1.05,26.13,1,0,0,1.9,,0,,consistently_engaged,0.838,False
STU_0084,16,5,0,0,0,23,144.0,1,0,1,97.3,89.6,3.64,61.41,1,1,0,0.8,0.91,0,3.0,consistently_engaged,0.861,False
STU_0085,1,4,1,0,0,16,160.6,2,0,0,96.3,96.3,0.0,0.0,1,2,0,0.6,,0,,consistently_engaged,0.805,False
STU_0085,2,4,1,1,0,13,194.2,2,0,2,89.6,93.0,-6.69,11.18,3,0,0,0.2,0.48,0,4.0,consistently_engaged,0.811,False
STU_0085,3,4,1,0,1,18,125.8,2,1,0,90.2,92.0,-3.07,9.18,2,2,0,0.1,,0,,consistently_engaged,0.793,False
STU_0085,4,5,0,0,0,16,172.7,2,0,1,88.2,91.1,-0.74,0.73,1,1,0,3.4,0.16,0,4.0,consistently_engaged,0.82,False
STU_0085,5,5,0,0,0,14,136.1,2,0,2,87.9,90.4,-1.16,1.06,0,1,1,4.3,,0,,consistently_engaged,0.842,False
STU_0085,6,4,1,0,1,15,109.3,1,0,0,83.3,89.2,-2.43,4.92,2,0,0,1.8,1.0,0,4.0,consistently_engaged,0.765,False
STU_0085,7,4,1,1,0,13,146.8,1,0,3,82.8,88.3,-2.51,5.12,0,1,0,0.8,,0,,consistently_engaged,0.777,False
STU_0085,8,5,0,0,0,18,152.1,3,0,0,94.0,89.0,5.34,26.51,1,1,0,0.3,0.02,0,4.0,consistently_engaged,0.798,False
STU_0085,9,4,1,0,0,14,150.8,2,0,1,83.9,88.5,0.52,25.27,3,1,0,0.3,,0,,consistently_engaged,0.822,False
STU_0085,10,4,1,0,0,18,160.6,2,0,3,78.4,87.5,-7.79,41.67,1,1,0,2.8,0.18,0,4.0,consistently_engaged,0.759,False
STU_0085,11,4,1,0,0,19,160.1,1,2,2,80.5,86.8,-1.7,5.11,4,0,1,1.5,,0,,consistently_engaged,0.729,False
STU_0085,12,4,1,0,0,19,118.4,2,1,2,75.9,85.9,-1.25,3.52,2,0,0,1.3,-0.15,0,4.0,consistently_engaged,0.767,False
STU_0085,13,4,1,0,1,20,147.2,2,0,1,73.7,85.0,-3.39,7.98,3,0,0,0.2,,0,,consistently_engaged,0.761,False
STU_0085,14,5,0,2,0,15,213.9,2,1,0,84.0,84.9,4.03,19.4,2,0,1,0.5,0.52,1,3.0,consistently_engaged,0.792,False
STU_0085,15,5,0,1,0,13,140.8,1,1,1,76.2,84.3,1.24,19.04,4,1,0,1.3,,0,,consistently_engaged,0.748,False
STU_0085,16,4,1,0,0,17,107.1,2,0,2,90.7,84.7,3.36,35.08,2,0,1,4.0,1.0,0,5.0,consistently_engaged,0.747,False
STU_0086,1,5,0,0,0,18,142.8,3,0,2,91.0,91.0,0.0,0.0,0,0,0,2.9,,0,,consistently_engaged,0.891,False
STU_0086,2,5,0,0,0,23,175.4,2,0,0,89.5,90.3,-1.59,0.63,4,1,1,2.5,1.0,0,4.0,consistently_engaged,0.859,False
STU_0086,3,5,0,0,0,16,201.5,2,0,2,88.0,89.5,-1.53,1.56,1,1,1,0.7,,0,,consistently_engaged,0.881,False
STU_0086,4,5,0,0,0,20,200.6,2,1,2,89.8,89.6,0.19,0.64,6,1,0,1.8,0.99,0,5.0,consistently_engaged,0.886,False
STU_0086,5,5,0,0,0,25,187.9,1,0,3,92.6,90.2,2.29,3.52,1,1,0,0.6,,0,,consistently_engaged,0.898,False
STU_0086,6,4,1,0,1,19,154.3,2,0,1,90.1,90.2,0.11,1.52,5,0,0,2.8,1.0,0,4.0,consistently_engaged,0.957,False
STU_0086,7,5,0,0,0,21,179.1,2,0,4,88.8,90.0,-1.9,2.49,2,1,0,0.4,,0,,consistently_engaged,0.962,False
STU_0086,8,5,0,1,0,21,181.3,3,0,4,100.0,91.2,4.97,25.19,1,0,0,1.9,0.44,0,5.0,consistently_engaged,0.972,False
STU_0086,9,5,0,0,0,23,147.4,3,0,1,87.8,90.8,-0.47,30.63,0,0,0,0.3,,0,,consistently_engaged,0.943,False
STU_0086,10,4,1,0,0,15,137.8,2,0,4,84.5,90.2,-7.75,44.41,1,0,0,0.1,0.81,0,4.0,consistently_engaged,0.887,False
STU_0086,11,5,0,0,0,17,154.1,2,0,1,85.2,89.7,-1.32,2.05,1,2,1,0.0,,0,,consistently_engaged,0.858,False
STU_0086,12,4,1,0,0,16,186.3,3,0,2,98.0,90.4,6.76,38.67,4,0,0,0.7,0.51,0,5.0,consistently_engaged,0.843,False
STU_0086,13,4,1,0,1,24,136.0,2,1,2,76.7,89.4,-4.26,77.05,2,0,0,0.4,,0,,consistently_engaged,0.79,False
STU_0086,14,4,1,0,0,14,147.4,2,0,3,85.6,89.1,-6.21,76.68,1,0,1,0.8,0.53,0,5.0,consistently_engaged,0.809,False
STU_0086,15,5,0,0,0,19,157.9,2,1,3,84.9,88.8,4.1,16.43,1,2,0,0.1,,0,,consistently_engaged,0.817,False
STU_0086,16,4,1,0,0,16,165.5,2,0,0,86.4,88.7,0.4,0.4,0,1,0,0.1,0.9,0,4.0,consistently_engaged,0.852,False
STU_0087,1,4,1,0,1,13,117.6,1,0,2,88.8,88.8,0.0,0.0,1,1,0,0.1,,0,,consistently_engaged,0.793,False
STU_0087,2,5,0,0,0,12,140.7,2,0,2,87.5,88.1,-1.29,0.41,2,0,1,4.5,0.78,0,4.0,consistently_engaged,0.786,False
STU_0087,3,5,0,0,0,18,161.7,2,0,3,80.7,85.6,-4.05,12.65,1,0,1,1.2,,1,,consistently_engaged,0.833,False
STU_0087,4,5,0,1,0,15,166.8,2,0,2,89.7,86.7,1.09,14.7,5,1,1,0.1,1.0,0,5.0,consistently_engaged,0.866,False
STU_0087,5,5,0,0,0,17,153.2,2,1,1,86.8,86.7,3.08,14.12,2,0,0,1.6,,0,,consistently_engaged,0.876,False
STU_0087,6,4,1,0,0,19,162.2,2,1,3,91.9,87.5,1.1,4.28,1,0,0,1.4,1.0,0,4.0,consistently_engaged,0.912,False
STU_0087,7,5,0,0,0,18,143.1,1,0,1,82.2,86.8,-2.31,15.61,2,1,1,1.7,,0,,consistently_engaged,0.835,False
STU_0087,8,4,1,0,0,18,152.6,2,2,3,93.1,87.6,0.6,23.69,2,1,0,0.5,0.46,0,5.0,consistently_engaged,0.804,False
STU_0087,9,4,1,1,0,14,138.5,2,0,2,85.6,87.3,1.68,20.65,6,0,0,0.6,,0,,consistently_engaged,0.792,False
STU_0087,10,4,1,0,0,13,198.8,1,0,3,87.9,87.4,-2.58,9.83,5,2,0,3.3,0.68,0,5.0,consistently_engaged,0.797,False
STU_0087,11,4,1,1,0,20,172.1,2,0,2,78.3,86.6,-3.65,16.85,3,1,0,2.5,,0,,consistently_engaged,0.809,False
STU_0087,12,4,1,0,1,20,159.8,2,0,0,74.9,85.6,-6.5,30.33,0,0,1,0.6,0.93,0,4.0,consistently_engaged,0.786,False
STU_0087,13,4,1,0,0,19,205.7,3,0,2,95.4,86.4,8.56,80.36,1,0,0,0.6,,0,,consistently_engaged,0.807,False
STU_0087,14,5,0,0,0,17,154.8,2,1,0,82.9,86.1,3.97,71.01,1,1,0,0.5,0.48,0,4.0,consistently_engaged,0.789,False
STU_0087,15,5,0,0,0,17,167.9,2,0,2,80.5,85.7,-7.44,42.61,2,2,0,0.3,,0,,consistently_engaged,0.828,False
STU_0087,16,4,1,0,1,17,144.2,2,0,5,85.5,85.7,1.33,4.17,2,0,0,0.6,0.57,0,4.0,consistently_engaged,0.798,False
STU_0088,1,4,1,0,0,16,178.1,2,1,1,80.7,80.7,0.0,0.0,3,1,1,1.8,,0,,consistently_engaged,0.773,False
STU_0088,2,5,0,0,0,14,136.7,2,0,5,81.3,81.0,0.56,0.08,2,1,0,0.2,0.07,0,3.0,consistently_engaged,0.798,False
STU_0088,3,3,2,0,2,18,202.0,2,1,5,85.3,82.4,2.27,4.09,0,1,0,0.4,,0,,consistently_engaged,0.786,False
STU_0088,4,5,0,0,0,23,171.9,2,0,3,79.4,81.7,-0.94,5.98,6,0,1,0.3,0.49,0,4.0,consistently_engaged,0.832,False
STU_0088,5,5,0,0,0,20,151.3,2,0,3,86.4,82.6,0.55,9.34,1,1,1,1.3,,0,,consistently_engaged,0.872,False
STU_0088,6,5,0,0,0,17,161.0,2,1,1,85.7,83.1,3.12,9.77,1,1,1,0.7,0.92,0,4.0,consistently_engaged,0.864,False
STU_0088,7,5,0,0,0,21,180.0,2,0,3,82.7,83.1,-1.83,2.51,3,0,1,1.5,,0,,consistently_engaged,0.86,False
STU_0088,8,4,1,0,0,16,130.6,1,0,3,84.6,83.3,-0.55,1.48,0,0,0,1.3,0.66,0,5.0,consistently_engaged,0.853,False
STU_0088,9,4,1,0,1,13,121.4,2,1,1,87.6,83.7,2.44,4.04,2,1,1,0.5,,0,,consistently_engaged,0.824,False
STU_0088,10,3,2,0,2,14,160.7,2,0,0,81.9,83.6,-1.33,5.39,3,0,0,0.2,1.0,0,4.0,consistently_engaged,0.784,False
STU_0088,11,5,0,0,0,17,178.3,2,0,2,88.9,84.0,0.67,9.27,0,1,0,0.7,,0,,consistently_engaged,0.803,False
STU_0088,12,4,1,0,1,19,146.2,2,0,5,85.7,84.2,1.9,8.24,0,1,1,2.1,0.4,0,4.0,consistently_engaged,0.804,False
STU_0088,13,5,0,0,0,20,138.6,2,1,2,79.8,83.8,-4.56,14.24,1,0,1,0.3,,0,,consistently_engaged,0.821,False
STU_0088,14,5,0,1,0,19,197.4,1,0,3,97.3,84.8,5.77,52.48,0,0,1,0.0,0.99,0,5.0,consistently_engaged,0.897,False
STU_0088,15,5,0,0,0,16,173.5,2,0,1,82.4,84.6,1.31,59.0,1,1,0,3.0,,0,,consistently_engaged,0.874,False
STU_0088,16,5,0,0,0,19,152.4,2,0,1,81.9,84.5,-7.66,50.57,4,1,0,3.2,0.14,1,4.0,consistently_engaged,0.89,False
STU_0089,1,5,0,0,0,14,160.8,2,0,2,88.6,88.6,0.0,0.0,5,0,0,0.8,,0,,consistently_engaged,0.874,False
STU_0089,2,3,2,0,1,18,130.8,2,0,4,95.0,91.8,6.48,10.49,3,0,0,0.3,0.61,0,5.0,consistently_engaged,0.856,False
STU_0089,3,4,1,0,1,14,143.0,2,0,2,88.9,90.8,0.17,8.85,0,0,1,0.1,,0,,consistently_engaged,0.845,False
STU_0089,4,5,0,0,0,20,166.3,2,1,0,77.6,87.5,-8.72,52.14,1,0,0,0.5,0.48,0,4.0,consistently_engaged,0.849,False
STU_0089,5,5,0,1,0,14,142.2,2,0,0,74.3,84.9,-7.32,39.22,2,2,0,2.5,,0,,consistently_engaged,0.79,False
STU_0089,6,5,0,1,0,18,140.9,2,0,1,83.0,84.6,2.7,12.95,3,1,0,1.7,0.12,0,5.0,consistently_engaged,0.812,False
STU_0089,7,4,1,0,0,13,170.3,2,0,1,82.5,84.3,4.13,16.09,4,1,0,2.4,,0,,consistently_engaged,0.791,False
STU_0089,8,5,0,0,0,18,150.8,1,1,1,80.0,83.7,-1.5,1.75,1,1,0,1.9,0.04,0,5.0,consistently_engaged,0.814,False
STU_0089,9,4,1,0,0,18,121.7,2,0,0,68.4,82.0,-7.09,38.07,3,1,0,4.2,,0,,consistently_engaged,0.741,False
STU_0089,10,5,0,2,0,14,146.7,2,1,3,77.3,81.6,-1.34,24.73,3,0,1,2.9,-0.4,0,5.0,consistently_engaged,0.773,False
STU_0089,11,3,2,1,0,14,152.8,3,0,4,73.2,80.8,2.44,13.4,3,1,0,2.7,,0,,consistently_engaged,0.723,False
STU_0089,12,2,3,0,2,15,184.4,2,1,2,79.7,80.7,1.18,7.05,2,1,1,2.5,0.64,0,4.0,consistently_engaged,0.774,False
STU_0089,13,5,0,0,0,20,102.2,2,0,1,89.8,81.4,8.29,46.59,4,0,1,0.4,,0,,consistently_engaged,0.78,False
STU_0089,14,5,0,0,0,16,119.4,2,0,3,90.7,82.1,5.5,24.97,2,0,0,0.2,0.88,0,3.0,consistently_engaged,0.818,False
STU_0089,15,5,0,2,0,19,169.6,2,0,2,83.5,82.2,-3.16,10.22,1,1,0,3.8,,0,,consistently_engaged,0.767,False
STU_0089,16,4,1,0,0,15,131.6,2,0,1,91.8,82.8,0.56,13.48,3,1,1,3.0,0.03,0,4.0,consistently_engaged,0.816,False
STU_0090,1,5,0,0,0,22,173.1,2,0,2,90.7,90.7,0.0,0.0,1,0,0,1.1,,0,,consistently_engaged,0.808,False
STU_0090,2,5,0,0,0,17,188.5,2,0,3,77.4,84.1,-13.3,44.21,2,1,0,1.1,0.15,0,3.0,consistently_engaged,0.824,False
STU_0090,3,5,0,0,0,24,164.9,3,0,1,98.1,88.7,3.67,72.97,3,1,0,0.3,,0,,consistently_engaged,0.868,False
STU_0090,4,4,1,0,1,18,201.5,1,0,6,76.9,85.8,-0.28,97.35,2,1,0,1.4,0.76,0,4.0,consistently_engaged,0.849,False
STU_0090,5,5,0,1,0,22,195.8,2,0,2,95.6,87.7,-1.26,89.53,4,0,1,0.8,,0,,consistently_engaged,0.85,False
STU_0090,6,4,1,0,1,15,174.8,1,0,2,81.9,86.8,2.53,62.35,0,0,0,0.8,0.94,0,4.0,consistently_engaged,0.858,False
STU_0090,7,5,0,0,0,16,214.7,2,1,1,88.2,87.0,-3.68,31.03,1,1,1,1.3,,0,,consistently_engaged,0.881,False
STU_0090,8,5,0,0,0,18,143.1,2,0,6,89.1,87.2,3.59,10.21,5,1,0,0.5,0.79,0,4.0,consistently_engaged,0.87,False
STU_0090,9,5,0,0,0,15,129.6,2,0,1,83.2,86.8,-2.49,6.72,3,0,0,2.8,,0,,consistently_engaged,0.889,False
STU_0090,10,5,0,1,0,23,174.5,2,0,3,88.9,87.0,-0.09,7.51,3,0,0,0.2,0.54,0,4.0,consistently_engaged,0.913,False
STU_0090,11,5,0,0,0,12,165.7,1,0,5,90.4,87.3,3.61,9.66,1,1,0,0.7,,0,,consistently_engaged,0.944,False
STU_0090,12,4,1,1,0,18,164.9,2,0,3,97.4,88.2,4.25,13.75,4,0,0,0.1,0.8,0,4.0,consistently_engaged,0.966,False
STU_0090,13,5,0,0,0,21,238.0,2,0,4,86.9,88.1,-1.74,19.06,2,0,0,0.2,,0,,consistently_engaged,0.98,False
STU_0090,14,5,0,0,0,19,162.8,2,0,1,95.1,88.6,-1.19,20.2,2,1,1,0.4,1.0,0,5.0,consistently_engaged,0.979,False
STU_0090,15,5,0,0,0,18,184.7,2,0,3,92.2,88.8,2.63,11.32,3,0,1,0.4,,1,,consistently_engaged,0.948,False
STU_0090,16,5,0,0,0,17,204.9,1,0,4,91.1,89.0,-1.98,2.8,6,0,0,3.2,1.0,0,5.0,consistently_engaged,0.933,False
STU_0091,1,5,0,1,0,18,198.5,1,0,1,83.9,83.9,0.0,0.0,3,1,1,0.1,,0,,consistently_engaged,0.861,False
STU_0091,2,5,0,0,0,18,197.3,2,0,2,87.6,85.7,3.7,3.43,0,0,0,0.2,0.27,0,3.0,consistently_engaged,0.879,False
STU_0091,3,5,0,0,0,15,160.4,2,1,1,79.9,83.8,-1.98,9.8,2,1,0,0.0,,0,,consistently_engaged,0.862,False
STU_0091,4,4,1,0,1,19,164.9,3,0,3,82.1,83.4,-2.72,10.37,2,0,1,1.2,0.88,0,5.0,consistently_engaged,0.83,False
STU_0091,5,5,0,0,0,15,151.5,2,0,0,89.1,84.5,4.6,15.36,1,1,0,0.3,,0,,consistently_engaged,0.878,False
STU_0091,6,5,0,0,0,16,188.7,2,1,3,84.7,84.5,1.27,8.31,1,1,0,1.2,0.75,0,5.0,consistently_engaged,0.868,False
STU_0091,7,4,1,1,1,12,184.5,2,0,1,86.4,84.8,-1.36,3.34,2,0,0,1.0,,1,,consistently_engaged,0.85,False
STU_0091,8,5,0,0,0,14,203.0,2,0,0,83.1,84.6,-0.8,1.84,1,0,1,2.8,0.06,0,4.0,consistently_engaged,0.835,False
STU_0091,9,3,2,0,2,19,160.9,1,1,5,92.2,85.4,2.89,14.17,1,1,1,1.4,,0,,consistently_engaged,0.817,False
STU_0091,10,4,1,0,1,18,120.5,2,0,0,89.8,85.9,3.36,14.87,3,0,0,1.5,0.38,0,3.0,consistently_engaged,0.807,False
STU_0091,11,5,0,0,0,19,119.7,3,0,3,78.7,85.2,-6.71,34.14,1,1,0,3.2,,0,,consistently_engaged,0.799,False
STU_0091,12,2,3,0,0,13,167.0,3,0,2,78.3,84.6,-5.74,28.18,4,1,0,1.7,0.14,0,4.0,consistently_engaged,0.755,False
STU_0091,13,5,0,0,0,12,144.1,2,1,4,80.5,84.3,0.86,0.88,0,2,1,0.8,,0,,consistently_engaged,0.758,False
STU_0091,14,5,0,0,0,19,139.7,2,0,1,76.8,83.8,-0.72,2.21,2,0,0,0.2,0.73,0,3.0,consistently_engaged,0.797,False
STU_0091,15,5,0,1,0,17,132.8,3,0,2,86.8,84.0,3.17,16.96,0,1,0,0.7,,0,,consistently_engaged,0.792,False
STU_0091,16,5,0,0,0,19,141.7,1,0,2,83.7,84.0,3.43,17.33,5,0,0,2.2,0.14,0,3.0,consistently_engaged,0.785,False
STU_0092,1,5,0,1,0,20,136.4,2,1,2,78.0,78.0,0.0,0.0,4,2,0,0.2,,0,,consistently_engaged,0.825,False
STU_0092,2,5,0,0,0,19,169.9,1,0,3,88.4,83.2,10.39,27.0,1,1,1,1.0,0.82,0,4.0,consistently_engaged,0.851,False
STU_0092,3,5,0,1,0,15,138.2,3,0,2,84.0,83.4,3.02,18.16,4,1,0,1.7,,0,,consistently_engaged,0.825,False
STU_0092,4,5,0,0,0,16,130.7,2,0,3,86.1,84.1,-1.11,3.15,3,0,0,1.2,0.62,0,5.0,consistently_engaged,0.842,False
STU_0092,5,4,1,0,0,18,187.8,2,0,1,89.3,85.1,2.63,4.67,1,1,1,3.5,,0,,consistently_engaged,0.874,False
STU_0092,6,5,0,0,0,18,147.1,2,0,2,88.1,85.6,0.98,1.67,1,1,0,1.7,0.56,0,5.0,consistently_engaged,0.878,False
STU_0092,7,5,0,0,0,19,171.8,1,1,1,85.1,85.6,-2.08,3.06,2,0,0,0.6,,0,,consistently_engaged,0.882,False
STU_0092,8,5,0,0,0,20,178.8,2,0,2,91.6,86.3,1.76,7.05,3,2,1,0.5,0.75,0,4.0,consistently_engaged,0.884,False
STU_0092,9,5,0,1,0,15,141.1,2,0,4,85.4,86.2,0.13,9.03,0,1,0,0.6,,1,,consistently_engaged,0.873,False
STU_0092,10,4,1,0,1,19,187.4,2,0,3,78.4,85.4,-6.62,29.24,1,1,1,0.4,0.63,0,2.0,consistently_engaged,0.882,False
STU_0092,11,4,1,1,1,18,207.5,2,0,4,85.3,85.4,-0.05,10.72,0,1,0,0.2,,0,,consistently_engaged,0.859,False
STU_0092,12,4,1,0,0,15,182.0,3,0,3,93.0,86.0,7.31,35.63,2,1,1,1.4,0.6,0,4.0,consistently_engaged,0.864,False
STU_0092,13,4,1,1,1,12,177.2,2,0,3,85.9,86.0,0.3,12.29,1,0,1,0.1,,0,,consistently_engaged,0.899,False
STU_0092,14,5,0,0,0,18,149.6,2,0,1,84.1,85.9,-4.42,14.65,4,1,1,1.8,1.0,0,5.0,consistently_engaged,0.909,False
STU_0092,15,5,0,0,0,20,194.9,1,0,2,88.6,86.1,1.37,3.38,0,1,1,0.0,,0,,consistently_engaged,0.868,False
STU_0092,16,5,0,0,0,18,162.0,2,1,5,74.4,85.3,-4.85,34.93,4,1,1,2.8,1.0,0,5.0,consistently_engaged,0.842,False
STU_0093,1,5,0,0,0,18,218.4,1,0,0,77.5,77.5,0.0,0.0,0,1,0,0.2,,0,,consistently_engaged,0.838,False
STU_0093,2,4,1,0,0,11,145.2,2,0,2,81.4,79.4,3.89,3.79,0,1,0,0.1,0.84,0,3.0,consistently_engaged,0.809,False
STU_0093,3,5,0,0,0,21,131.9,2,0,4,87.0,82.0,4.77,15.37,2,2,0,5.0,,0,,consistently_engaged,0.8,False
STU_0093,4,5,0,0,0,23,119.1,2,0,2,77.5,80.8,-1.96,15.46,1,0,0,0.1,1.0,0,3.0,consistently_engaged,0.782,False
STU_0093,5,5,0,0,0,21,175.8,2,0,2,83.7,81.4,-1.69,15.74,2,1,0,0.6,,0,,consistently_engaged,0.833,False
STU_0093,6,4,1,0,0,20,161.3,2,0,3,84.8,82.0,3.67,10.41,3,2,0,1.2,0.53,0,5.0,consistently_engaged,0.853,False
STU_0093,7,5,0,0,0,13,174.6,2,0,2,86.6,82.6,1.46,1.45,2,1,0,0.1,,0,,consistently_engaged,0.879,False
STU_0093,8,5,0,0,0,15,187.2,2,0,3,90.8,83.6,3.01,6.38,1,1,0,0.1,1.0,0,5.0,consistently_engaged,0.873,False
STU_0093,9,5,0,1,0,16,230.2,2,0,2,88.2,84.2,0.81,3.05,1,0,0,0.4,,0,,consistently_engaged,0.87,False
STU_0093,10,4,1,0,0,18,166.5,2,0,3,75.4,83.3,-7.7,45.26,1,0,0,2.5,1.0,0,5.0,consistently_engaged,0.855,False
STU_0093,11,4,1,1,0,15,206.4,3,0,1,83.8,83.3,-2.18,28.16,2,1,0,1.9,,0,,consistently_engaged,0.888,False
STU_0093,12,5,0,0,0,21,176.5,3,0,6,88.9,83.8,6.76,31.06,1,1,0,0.1,0.94,0,5.0,consistently_engaged,0.874,False
STU_0093,13,5,0,0,0,22,181.0,1,0,3,81.2,83.6,-1.33,10.35,1,1,0,2.2,,0,,consistently_engaged,0.854,False
STU_0093,14,4,1,2,1,17,172.2,2,0,1,82.3,83.5,-3.31,11.7,3,2,0,1.4,1.0,0,5.0,consistently_engaged,0.831,False
STU_0093,15,4,1,0,1,17,124.6,2,0,0,94.3,84.2,6.57,35.29,4,1,1,0.2,,0,,consistently_engaged,0.826,False
STU_0093,16,4,1,0,0,14,188.0,2,1,4,93.2,84.8,5.43,29.24,1,0,0,0.9,1.0,0,4.0,consistently_engaged,0.853,False
STU_0094,1,4,1,0,0,16,149.3,2,0,2,78.6,78.6,0.0,0.0,1,1,1,1.6,,0,,consistently_engaged,0.845,False
STU_0094,2,5,0,1,0,14,153.7,2,0,2,82.2,80.4,3.59,3.22,3,1,0,0.0,0.76,0,5.0,consistently_engaged,0.841,False
STU_0094,3,5,0,0,0,18,137.5,1,0,1,91.8,84.2,6.6,31.08,0,1,0,2.1,,0,,consistently_engaged,0.852,False
STU_0094,4,5,0,0,0,17,202.1,2,0,3,81.1,83.4,-0.51,22.96,1,1,0,2.0,0.49,0,5.0,consistently_engaged,0.857,False
STU_0094,5,5,0,0,0,14,184.0,2,0,3,99.7,86.7,3.98,58.05,1,1,0,1.2,,0,,consistently_engaged,0.903,False
STU_0094,6,5,0,0,0,17,154.5,2,0,4,88.8,87.0,3.85,58.22,1,0,1,0.1,0.95,0,5.0,consistently_engaged,0.914,False
STU_0094,7,5,0,0,0,14,148.8,2,0,4,87.3,87.1,-6.23,30.73,1,2,0,0.2,,0,,consistently_engaged,0.91,False
STU_0094,8,4,1,0,0,15,180.2,2,0,3,88.2,87.2,-0.31,0.42,2,1,1,1.1,0.65,0,4.0,consistently_engaged,0.906,False
STU_0094,9,5,0,1,0,17,166.6,2,0,2,87.4,87.2,0.05,0.18,0,1,0,1.2,,0,,consistently_engaged,0.929,False
STU_0094,10,5,0,0,0,21,226.3,2,0,2,91.7,87.7,1.72,3.42,3,2,0,0.6,0.44,0,5.0,consistently_engaged,0.922,False
STU_0094,11,5,0,0,0,14,198.4,1,0,2,85.1,87.4,-1.13,7.34,2,2,0,1.3,,0,,consistently_engaged,0.959,False
STU_0094,12,5,0,0,0,17,156.1,2,0,5,81.2,86.9,-5.22,18.52,2,1,0,1.4,0.54,0,5.0,consistently_engaged,0.935,False
STU_0094,13,4,1,0,0,14,188.6,2,0,1,80.3,86.4,-2.39,4.31,3,1,0,0.5,,0,,consistently_engaged,0.916,False
STU_0094,14,5,0,0,0,18,213.0,2,0,3,92.2,86.8,5.47,28.96,1,2,0,0.2,0.46,0,5.0,consistently_engaged,0.908,False
STU_0094,15,5,0,0,0,15,194.0,1,0,3,94.3,87.3,6.99,37.8,1,1,0,0.2,,1,,consistently_engaged,0.948,False
STU_0094,16,5,0,0,0,22,192.6,3,0,4,95.9,87.9,1.87,2.35,4,1,1,0.0,0.98,0,5.0,consistently_engaged,0.964,False
STU_0095,1,4,1,0,0,12,162.9,2,0,1,84.5,84.5,0.0,0.0,1,1,0,2.0,,0,,consistently_engaged,0.879,False
STU_0095,2,5,0,0,0,18,173.5,1,0,1,90.5,87.5,6.07,9.2,2,1,0,0.5,1.0,0,5.0,consistently_engaged,0.893,False
STU_0095,3,5,0,0,0,21,206.5,3,0,3,84.0,86.3,-0.21,8.78,5,0,0,2.1,,0,,consistently_engaged,0.892,False
STU_0095,4,5,0,0,0,13,138.6,3,0,1,87.4,86.6,-1.55,7.01,2,2,0,0.1,1.0,0,4.0,consistently_engaged,0.867,False
STU_0095,5,4,1,0,1,19,188.8,1,0,2,86.7,86.6,1.35,2.13,1,0,1,4.0,,0,,consistently_engaged,0.851,False
STU_0095,6,5,0,0,0,19,138.9,2,0,3,84.3,86.3,-1.55,1.78,0,0,0,0.1,1.0,0,4.0,consistently_engaged,0.857,False
STU_0095,7,4,1,0,0,16,162.5,2,0,2,83.7,85.9,-1.55,1.77,7,1,0,1.5,,0,,consistently_engaged,0.899,False
STU_0095,8,5,0,0,0,22,208.1,1,0,4,96.3,87.2,6.0,33.88,0,1,1,1.3,1.0,1,4.0,consistently_engaged,0.957,False
STU_0095,9,5,0,0,0,23,251.5,2,0,2,94.4,88.0,5.39,31.14,2,2,0,1.0,,0,,consistently_engaged,0.98,False
STU_0095,10,5,0,0,0,20,141.9,2,0,1,88.6,88.1,-3.84,10.69,1,0,0,0.4,1.0,0,5.0,consistently_engaged,0.98,False
STU_0095,11,5,0,0,0,21,190.8,2,0,3,87.4,88.0,-3.53,9.47,3,0,0,1.4,,0,,consistently_engaged,0.971,False
STU_0095,12,5,0,1,0,21,202.3,2,1,2,90.4,88.2,0.88,1.54,4,1,0,2.3,0.79,0,5.0,consistently_engaged,0.903,False
STU_0095,13,4,1,0,0,16,149.7,2,0,4,95.6,88.8,4.11,11.53,2,0,0,0.5,,0,,consistently_engaged,0.873,False
STU_0095,14,5,0,0,0,19,154.7,2,1,1,100.0,89.6,4.8,15.38,4,0,0,0.0,0.95,0,4.0,consistently_engaged,0.919,False
STU_0095,15,5,0,0,0,21,139.6,3,0,1,91.2,89.7,-2.21,12.97,1,2,0,0.3,,0,,consistently_engaged,0.928,False
STU_0095,16,5,0,0,0,19,158.3,1,0,4,83.6,89.3,-8.2,44.89,6,1,0,0.9,0.66,0,5.0,consistently_engaged,0.951,False
STU_0096,1,5,0,0,0,17,136.9,2,0,3,79.2,79.2,0.0,0.0,2,0,1,1.6,,0,,consistently_engaged,0.855,False
STU_0096,2,5,0,0,0,21,184.3,1,0,0,81.8,80.5,2.6,1.69,1,0,0,0.3,0.71,0,4.0,consistently_engaged,0.865,False
STU_0096,3,5,0,0,0,13,148.9,3,0,0,94.1,85.0,7.44,42.06,3,1,1,0.0,,0,,consistently_engaged,0.85,False
STU_0096,4,4,1,0,1,15,160.9,1,0,2,90.3,86.4,4.22,26.28,1,1,0,0.4,0.56,0,5.0,consistently_engaged,0.853,False
STU_0096,5,5,0,1,0,16,135.2,1,0,2,78.8,84.8,-7.63,42.08,1,0,0,3.3,,0,,consistently_engaged,0.861,False
STU_0096,6,5,0,0,0,21,119.6,3,1,2,91.1,85.9,0.4,31.26,3,0,0,2.2,0.51,0,4.0,consistently_engaged,0.84,False
STU_0096,7,4,1,1,1,19,172.8,2,1,2,86.5,86.0,3.83,25.49,0,0,1,1.1,,0,,consistently_engaged,0.858,False
STU_0096,8,5,0,0,0,18,185.7,2,0,5,85.7,85.9,-2.66,5.53,2,0,0,0.1,1.0,0,5.0,consistently_engaged,0.879,False
STU_0096,9,3,2,0,0,14,225.3,2,0,1,98.4,87.3,5.98,33.85,1,1,1,0.7,,0,,consistently_engaged,0.879,False
STU_0096,10,5,0,0,0,14,150.9,2,0,2,98.5,88.4,6.37,35.92,2,1,0,0.0,0.83,0,4.0,consistently_engaged,0.89,False
STU_0096,11,5,0,0,0,19,146.7,2,0,2,89.6,88.5,-4.44,17.63,4,0,0,0.1,,0,,consistently_engaged,0.894,False
STU_0096,12,4,1,1,0,19,198.6,2,0,1,90.9,88.7,-3.79,15.45,3,1,0,0.4,0.44,0,3.0,consistently_engaged,0.845,False
STU_0096,13,3,2,1,2,17,170.0,2,0,0,89.1,88.8,-0.2,0.56,3,1,0,0.2,,0,,consistently_engaged,0.821,False
STU_0096,14,3,2,0,1,17,191.5,2,2,5,84.1,88.4,-3.37,8.17,2,1,0,2.6,0.69,0,3.0,consistently_engaged,0.77,False
STU_0096,15,4,1,0,0,18,162.9,3,0,1,71.5,87.3,-8.83,55.19,1,0,0,0.6,,0,,consistently_engaged,0.762,False
STU_0096,16,5,0,1,0,13,134.7,2,1,1,73.9,86.5,-5.12,30.08,0,2,0,0.6,0.51,0,3.0,consistently_engaged,0.75,False
STU_0097,1,5,0,1,0,16,208.0,3,0,3,80.4,80.4,0.0,0.0,2,1,1,0.5,,0,,consistently_engaged,0.817,False
STU_0097,2,4,1,0,0,22,137.2,2,0,3,79.6,80.0,-0.73,0.13,2,0,0,0.7,0.9,0,3.0,consistently_engaged,0.811,False
STU_0097,3,5,0,0,0,20,217.5,2,0,0,88.5,82.8,4.05,15.99,2,1,0,6.2,,0,,consistently_engaged,0.828,False
STU_0097,4,4,1,1,1,22,203.1,2,1,3,79.6,82.0,-0.01,17.36,2,1,0,1.1,1.0,0,4.0,consistently_engaged,0.805,False
STU_0097,5,4,1,0,1,13,162.2,1,0,1,84.1,82.4,-2.16,13.06,1,1,1,5.0,,0,,consistently_engaged,0.813,False
STU_0097,6,4,1,0,0,23,134.0,3,0,3,98.2,85.1,9.28,62.38,1,0,0,0.4,-0.04,0,5.0,consistently_engaged,0.801,False
STU_0097,7,5,0,1,0,18,170.1,2,0,2,80.1,84.4,-2.03,60.01,1,1,0,1.1,,0,,consistently_engaged,0.796,False
STU_0097,8,4,1,1,0,13,154.0,2,0,3,86.9,84.7,-5.66,55.65,4,0,0,0.5,0.54,0,5.0,consistently_engaged,0.812,False
STU_0097,9,5,0,1,0,20,160.6,3,0,0,85.4,84.7,2.64,8.42,0,0,1,1.8,,0,,consistently_engaged,0.819,False
STU_0097,10,5,0,0,0,19,172.5,3,1,2,89.6,85.2,1.35,3.01,0,1,0,1.0,0.39,0,3.0,consistently_engaged,0.794,False
STU_0097,11,4,1,1,1,14,172.4,2,0,2,82.6,85.0,-1.37,8.15,1,1,0,0.1,,1,,consistently_engaged,0.799,False
STU_0097,12,5,0,0,0,17,134.1,3,0,2,84.0,84.9,-2.76,8.96,3,0,0,2.8,0.27,1,4.0,consistently_engaged,0.769,False
STU_0097,13,5,0,0,0,12,114.3,2,0,1,79.1,84.5,-1.77,4.35,1,0,0,0.6,,0,,consistently_engaged,0.743,False
STU_0097,14,4,1,0,0,21,176.4,2,0,1,90.5,84.9,3.21,21.7,0,1,1,0.2,0.46,0,4.0,consistently_engaged,0.75,False
STU_0097,15,5,0,0,0,8,134.2,2,0,1,85.2,84.9,3.07,21.62,2,0,0,0.8,,0,,consistently_engaged,0.789,False
STU_0097,16,4,1,0,1,16,182.9,1,0,2,88.5,85.1,-0.97,4.68,1,0,0,0.9,0.98,0,4.0,consistently_engaged,0.755,False
STU_0098,1,5,0,0,0,26,194.9,2,0,2,88.2,88.2,0.0,0.0,1,0,0,3.4,,0,,consistently_engaged,0.864,False
STU_0098,2,4,1,0,0,18,145.0,2,0,2,95.4,91.8,7.22,13.03,3,1,0,0.2,0.48,0,4.0,consistently_engaged,0.862,False
STU_0098,3,4,1,1,0,18,203.7,2,0,1,74.2,85.9,-6.98,77.28,2,0,0,2.3,,0,,consistently_engaged,0.81,False
STU_0098,4,4,1,0,0,18,180.8,2,0,0,90.8,87.2,-2.3,82.71,5,1,0,1.1,0.57,0,5.0,consistently_engaged,0.856,False
STU_0098,5,5,0,1,0,19,203.0,2,0,5,94.5,88.6,10.14,77.77,1,0,0,0.5,,0,,consistently_engaged,0.878,False
STU_0098,6,5,0,1,0,17,161.0,2,0,1,77.6,86.8,-6.61,52.76,2,1,1,0.5,0.32,0,4.0,consistently_engaged,0.897,False
STU_0098,7,5,0,0,0,20,180.1,3,0,0,87.8,86.9,-3.35,48.43,2,0,0,0.0,,0,,consistently_engaged,0.868,False
STU_0098,8,5,0,0,0,14,180.6,1,0,2,85.5,86.8,3.95,19.15,5,1,0,0.9,0.98,0,5.0,consistently_engaged,0.841,False
STU_0098,9,5,0,0,0,19,171.1,3,0,7,81.3,86.2,-3.26,7.26,1,1,0,0.2,,0,,consistently_engaged,0.857,False
STU_0098,10,5,0,0,0,19,151.1,2,0,0,86.3,86.2,0.4,4.78,6,1,0,1.2,0.96,0,5.0,consistently_engaged,0.878,False
STU_0098,11,5,0,1,0,19,186.3,2,0,4,83.0,85.9,0.84,4.3,4,2,0,0.5,,0,,consistently_engaged,0.873,False
STU_0098,12,4,1,0,0,18,176.1,2,0,1,97.4,86.8,5.54,37.87,2,2,0,1.9,0.95,0,5.0,consistently_engaged,0.966,False
STU_0098,13,5,0,0,0,18,155.5,2,0,2,96.0,87.5,6.52,42.1,3,0,1,0.2,,0,,consistently_engaged,0.98,False
STU_0098,14,5,0,0,0,14,179.5,2,0,1,87.9,87.6,-4.75,17.59,3,0,0,0.2,0.81,0,5.0,consistently_engaged,0.98,False
STU_0098,15,5,0,1,0,23,184.2,2,0,2,95.8,88.1,-0.1,14.39,3,1,1,2.1,,0,,consistently_engaged,0.98,False
STU_0098,16,5,0,0,0,19,173.9,1,0,2,100.0,88.9,6.06,25.27,2,0,0,0.1,1.0,0,5.0,consistently_engaged,0.945,False
STU_0099,1,5,0,2,0,21,203.4,3,0,1,87.0,87.0,0.0,0.0,2,0,0,1.9,,0,,consistently_engaged,0.879,False
STU_0099,2,4,1,0,1,15,197.4,1,0,0,94.4,90.7,7.34,13.47,1,1,0,1.1,1.0,0,4.0,consistently_engaged,0.899,False
STU_0099,3,4,1,0,1,14,172.2,2,0,3,87.5,89.6,0.24,11.24,2,0,0,0.5,,0,,consistently_engaged,0.938,False
STU_0099,4,2,3,0,1,19,164.4,3,0,2,81.9,87.7,-6.21,25.79,2,1,0,0.0,0.43,0,3.0,consistently_engaged,0.893,False
STU_0099,5,5,0,0,0,18,171.2,1,0,3,78.7,85.9,-4.42,13.29,2,0,1,0.9,,0,,consistently_engaged,0.874,False
STU_0099,6,5,0,0,0,21,136.9,2,0,4,86.8,86.1,2.43,11.19,2,0,1,1.7,1.0,0,4.0,consistently_engaged,0.87,False
STU_0099,7,5,0,0,0,16,168.6,2,0,1,84.5,85.8,2.89,11.7,2,1,0,0.6,,0,,consistently_engaged,0.855,False
STU_0099,8,4,1,0,1,19,157.6,1,0,3,86.0,85.9,-0.4,0.96,1,1,0,0.8,1.0,0,4.0,consistently_engaged,0.835,False
STU_0099,9,4,1,0,0,9,138.6,2,0,4,82.1,85.4,-1.19,2.63,1,1,1,0.5,,0,,consistently_engaged,0.858,False
STU_0099,10,5,0,1,0,20,130.3,2,0,0,79.2,84.8,-3.42,7.87,0,0,0,1.2,0.8,0,5.0,consistently_engaged,0.849,False
STU_0099,11,5,0,0,0,17,154.3,3,0,1,76.4,84.0,-2.82,5.31,3,0,0,0.0,,0,,consistently_engaged,0.843,False
STU_0099,12,5,0,0,0,21,151.5,1,0,2,82.6,83.9,1.7,6.33,2,1,0,0.3,1.0,0,4.0,consistently_engaged,0.836,False
STU_0099,13,5,0,0,0,20,188.9,1,0,5,84.3,84.0,3.93,11.4,1,1,0,1.9,,0,,consistently_engaged,0.855,False
STU_0099,14,4,1,0,0,19,153.0,3,0,1,95.6,84.8,6.49,33.19,1,0,1,0.7,1.0,0,5.0,consistently_engaged,0.919,False
STU_0099,15,4,1,0,0,20,161.8,2,0,2,86.2,84.9,0.96,24.25,2,0,1,1.1,,0,,consistently_engaged,0.889,False
STU_0099,16,5,0,0,0,18,142.0,2,0,0,88.1,85.1,-3.74,16.32,2,0,0,0.9,0.9,0,5.0,consistently_engaged,0.89,False
STU_0100,1,5,0,0,0,20,190.5,3,0,2,83.2,83.2,0.0,0.0,1,1,0,2.5,,0,,consistently_engaged,0.838,False
STU_0100,2,5,0,0,0,22,159.8,2,0,1,85.2,84.2,2.05,1.05,3,0,1,0.1,0.74,0,4.0,consistently_engaged,0.88,False
STU_0100,3,5,0,0,0,14,179.1,2,0,3,87.8,85.4,2.32,3.61,3,2,0,1.8,,0,,consistently_engaged,0.841,False
STU_0100,4,5,0,0,0,18,189.6,1,0,1,87.3,85.9,1.04,1.26,1,0,0,0.2,0.79,0,4.0,consistently_engaged,0.86,False
STU_0100,5,3,2,1,2,23,192.3,2,0,0,85.4,85.8,-1.2,1.06,1,0,0,1.1,,0,,consistently_engaged,0.868,False
STU_0100,6,5,0,0,0,21,169.1,2,0,4,96.3,87.6,4.51,22.62,2,0,0,0.5,0.82,0,5.0,consistently_engaged,0.918,False
STU_0100,7,5,0,0,0,14,182.4,2,1,3,97.9,89.0,6.25,30.82,2,0,0,1.8,,0,,consistently_engaged,0.936,False
STU_0100,8,5,0,0,0,20,146.8,2,0,4,87.0,88.8,-4.66,23.22,0,1,0,1.5,-0.32,0,5.0,consistently_engaged,0.943,False
STU_0100,9,5,0,0,0,12,185.4,2,0,1,86.2,88.5,-5.84,28.51,0,0,0,0.4,,0,,consistently_engaged,0.906,False
STU_0100,10,5,0,0,0,19,211.8,2,0,2,85.0,88.2,-0.98,0.65,1,1,1,1.8,0.73,0,3.0,consistently_engaged,0.892,False
STU_0100,11,5,0,0,0,11,209.2,2,0,2,88.0,88.1,0.9,1.52,2,2,0,0.6,,0,,consistently_engaged,0.91,False
STU_0100,12,5,0,0,0,15,187.5,2,0,3,77.7,87.3,-3.65,18.74,2,1,0,1.1,0.98,0,5.0,consistently_engaged,0.914,False
STU_0100,13,5,0,0,0,20,165.8,1,0,2,84.8,87.1,-1.64,18.48,1,0,0,5.1,,0,,consistently_engaged,0.893,False
STU_0100,14,4,1,0,1,20,237.3,1,0,1,98.2,87.9,10.23,72.08,3,1,0,0.3,1.0,0,5.0,consistently_engaged,0.864,False
STU_0100,15,5,0,0,0,15,193.4,1,0,1,87.7,87.9,1.48,33.24,5,0,0,0.3,,0,,consistently_engaged,0.878,False
STU_0100,16,2,3,1,1,16,171.9,3,0,1,98.4,88.5,0.08,24.79,5,1,0,0.5,0.91,0,5.0,consistently_engaged,0.853,False
STU_0101,1,5,0,0,0,14,171.4,2,0,5,90.9,90.9,0.0,0.0,0,0,0,0.3,,0,,consistently_engaged,0.857,False
STU_0101,2,5,0,0,0,15,153.8,1,0,4,91.4,91.1,0.45,0.05,2,0,0,0.6,0.88,0,5.0,consistently_engaged,0.797,False
STU_0101,3,5,0,0,0,14,199.1,3,0,3,81.8,88.0,-4.58,19.59,1,1,0,1.2,,0,,consistently_engaged,0.823,False
STU_0101,4,4,1,0,1,15,237.3,3,0,2,92.0,89.0,0.31,21.91,1,1,0,1.5,0.45,0,4.0,consistently_engaged,0.836,False
STU_0101,5,4,1,0,1,16,186.6,2,0,4,78.5,86.9,-1.64,33.11,2,0,0,1.3,,0,,consistently_engaged,0.866,False
STU_0101,6,5,0,0,0,19,141.2,2,0,9,76.7,85.2,-7.64,46.59,4,2,0,0.3,-0.09,0,4.0,consistently_engaged,0.806,False
STU_0101,7,5,0,0,0,15,106.8,2,0,1,82.0,84.7,1.77,4.89,5,1,0,1.5,,0,,consistently_engaged,0.825,False
STU_0101,8,4,1,1,0,23,129.1,2,1,1,78.8,84.0,1.06,4.78,3,0,0,0.7,0.52,1,5.0,consistently_engaged,0.779,False
STU_0101,9,4,1,0,0,20,144.3,1,0,1,87.3,84.4,2.62,12.07,3,0,0,0.1,,0,,consistently_engaged,0.779,False
STU_0101,10,5,0,1,0,13,155.1,2,0,1,87.9,84.7,4.54,17.12,3,0,1,1.6,1.0,0,5.0,consistently_engaged,0.799,False
STU_0101,11,4,1,0,0,18,187.7,1,0,1,85.8,84.8,-0.73,0.79,1,1,0,1.8,,1,,consistently_engaged,0.759,False
STU_0101,12,5,0,1,0,14,148.9,2,0,3,77.5,84.2,-5.18,19.99,1,0,0,3.9,0.46,0,4.0,consistently_engaged,0.725,False
STU_0101,13,3,2,0,0,15,119.2,2,0,0,70.8,83.2,-7.51,37.72,1,1,0,2.0,,0,,consistently_engaged,0.731,False
STU_0101,14,5,0,1,0,22,179.5,1,1,2,80.7,83.0,1.56,17.1,1,1,0,3.6,0.47,0,4.0,consistently_engaged,0.754,False
STU_0101,15,5,0,1,0,12,125.6,2,1,1,82.3,83.0,5.77,25.99,2,1,0,3.5,,0,,consistently_engaged,0.744,False
STU_0101,16,4,1,1,0,23,128.7,3,0,1,73.9,82.4,-3.38,13.19,3,1,0,0.4,0.16,0,5.0,consistently_engaged,0.768,False
STU_0102,1,4,1,0,1,17,124.8,2,0,1,87.6,87.6,0.0,0.0,4,2,0,1.3,,0,,consistently_engaged,0.795,False
STU_0102,2,5,0,1,0,14,160.6,2,0,4,67.4,77.5,-20.17,101.75,4,1,0,0.5,0.47,0,4.0,consistently_engaged,0.808,False
STU_0102,3,5,0,1,0,18,168.1,2,0,1,79.5,78.1,-4.06,68.7,4,0,0,0.0,,0,,consistently_engaged,0.79,False
STU_0102,4,5,0,0,0,18,169.8,2,0,0,90.6,81.3,11.59,89.64,4,0,0,1.4,0.86,0,4.0,consistently_engaged,0.757,False
STU_0102,5,3,2,1,1,17,160.4,1,0,1,79.6,80.9,0.08,27.12,4,0,0,2.1,,0,,consistently_engaged,0.795,False
STU_0102,6,4,1,0,0,17,124.6,2,0,1,76.8,80.2,-6.91,35.52,0,0,0,0.7,0.64,0,4.0,consistently_engaged,0.782,False
STU_0102,7,4,1,0,0,18,171.8,2,0,1,75.6,79.6,-2.02,2.89,0,2,0,0.1,,0,,consistently_engaged,0.795,False
STU_0102,8,5,0,0,0,19,124.0,2,1,0,84.5,80.2,3.89,15.79,3,1,1,0.9,0.58,0,5.0,consistently_engaged,0.782,False
STU_0102,9,4,1,1,1,16,123.5,3,0,4,79.2,80.1,1.79,13.55,1,2,0,0.0,,0,,consistently_engaged,0.788,False
STU_0102,10,3,2,1,2,19,146.8,2,0,1,81.4,80.2,-1.55,4.85,1,0,0,0.6,0.83,0,4.0,consistently_engaged,0.831,False
STU_0102,11,5,0,0,0,15,181.0,1,0,1,78.8,80.1,-0.2,1.39,5,0,0,0.1,,0,,consistently_engaged,0.806,False
STU_0102,12,5,0,0,0,17,171.8,2,0,3,90.0,80.9,4.29,23.09,2,1,0,0.4,0.74,0,3.0,consistently_engaged,0.824,False
STU_0102,13,5,0,0,0,14,170.4,2,0,2,84.8,81.2,3.03,21.19,2,0,1,0.4,,0,,consistently_engaged,0.787,False
STU_0102,14,5,0,0,0,18,194.3,2,1,2,86.1,81.6,-1.97,4.9,2,1,0,3.8,0.07,0,3.0,consistently_engaged,0.797,False
STU_0102,15,5,0,3,0,18,162.9,2,0,0,76.1,81.2,-4.34,19.52,0,0,0,1.5,,0,,consistently_engaged,0.763,False
STU_0102,16,5,0,1,0,17,148.6,2,1,4,91.5,81.8,2.72,40.53,2,1,0,0.4,0.98,0,3.0,consistently_engaged,0.808,False
STU_0103,1,5,0,1,0,18,156.6,2,1,2,74.3,74.3,0.0,0.0,2,1,1,0.4,,0,,consistently_engaged,0.805,False
STU_0103,2,4,1,1,0,16,175.3,3,0,2,84.6,79.4,10.36,26.82,1,2,0,0.8,0.35,0,5.0,consistently_engaged,0.823,False
STU_0103,3,5,0,1,0,18,172.9,2,0,1,75.3,78.1,0.54,21.61,1,1,0,1.9,,0,,consistently_engaged,0.783,False
STU_0103,4,3,2,0,1,17,157.5,2,0,1,89.1,80.8,2.23,32.7,1,0,0,4.1,0.57,0,4.0,consistently_engaged,0.776,False
STU_0103,5,3,2,0,1,17,179.8,1,0,1,91.0,82.9,7.81,48.46,2,1,0,0.4,,0,,consistently_engaged,0.802,False
STU_0103,6,5,0,0,0,22,154.4,2,0,2,91.3,84.3,1.11,0.96,0,0,0,1.1,0.08,0,5.0,consistently_engaged,0.79,False
STU_0103,7,3,2,0,1,15,177.6,2,0,0,71.0,82.4,-9.98,89.93,3,1,1,2.0,,0,,consistently_engaged,0.79,False
STU_0103,8,5,0,0,0,17,192.3,2,0,2,84.0,82.6,-3.65,70.31,2,1,0,0.8,0.35,0,4.0,consistently_engaged,0.802,False
STU_0103,9,4,1,2,0,17,120.4,2,0,1,80.0,82.3,4.48,29.46,0,1,0,0.2,,0,,consistently_engaged,0.801,False
STU_0103,10,4,1,0,1,12,161.3,3,0,1,78.7,81.9,-2.63,5.04,1,1,0,0.4,0.78,0,5.0,consistently_engaged,0.792,False
STU_0103,11,5,0,1,0,24,186.1,3,0,0,81.5,81.9,0.78,1.3,1,0,0,0.7,,0,,consistently_engaged,0.815,False
STU_0103,12,4,1,0,0,19,187.4,2,0,2,80.9,81.8,1.09,1.44,3,1,0,3.8,0.76,0,4.0,consistently_engaged,0.837,False
STU_0103,13,5,0,0,0,16,172.0,2,0,1,82.7,81.9,0.56,0.51,3,1,0,0.4,,0,,consistently_engaged,0.832,False
STU_0103,14,5,0,0,0,18,172.0,2,0,1,90.6,82.5,4.83,17.66,0,0,0,0.3,0.8,0,3.0,consistently_engaged,0.828,False
STU_0103,15,5,0,1,0,16,184.6,3,0,2,88.4,82.9,2.86,11.15,0,2,0,0.4,,0,,consistently_engaged,0.844,False
STU_0103,16,5,0,1,0,16,170.7,3,0,3,80.7,82.8,-4.93,17.81,4,0,0,1.9,0.71,0,5.0,consistently_engaged,0.796,False
STU_0104,1,5,0,1,0,15,158.7,2,0,4,89.9,89.9,0.0,0.0,2,2,0,0.7,,0,,consistently_engaged,0.846,False
STU_0104,2,5,0,0,0,17,164.1,1,0,2,81.6,85.8,-8.25,17.01,1,1,0,2.3,0.81,0,4.0,consistently_engaged,0.836,False
STU_0104,3,4,1,1,0,15,135.6,2,0,0,82.8,84.8,-3.56,13.34,1,0,0,0.9,,0,,consistently_engaged,0.813,False
STU_0104,4,4,1,0,0,16,163.9,2,0,3,81.6,84.0,-0.0,0.28,2,1,0,1.1,0.82,0,4.0,consistently_engaged,0.817,False
STU_0104,5,5,0,1,0,16,171.2,1,0,4,85.6,84.3,1.44,2.84,1,1,0,2.6,,0,,consistently_engaged,0.807,False
STU_0104,6,5,0,0,0,16,167.2,2,0,3,93.4,85.8,5.88,23.85,6,0,0,0.0,0.3,0,5.0,consistently_engaged,0.837,False
STU_0104,7,4,1,1,0,21,148.0,2,0,4,72.9,84.0,-6.4,71.79,1,0,0,0.4,,0,,consistently_engaged,0.841,False
STU_0104,8,3,2,0,0,20,168.2,2,0,3,85.2,84.1,-4.1,71.34,1,2,1,0.8,0.52,0,4.0,consistently_engaged,0.835,False
STU_0104,9,5,0,0,0,17,159.4,2,0,3,87.2,84.5,7.16,40.13,5,1,1,0.7,,0,,consistently_engaged,0.778,False
STU_0104,10,4,1,0,0,17,112.4,2,0,2,90.3,85.0,2.55,4.4,2,0,0,1.6,0.68,0,4.0,consistently_engaged,0.74,False
STU_0104,11,5,0,0,0,16,158.0,3,0,3,68.2,83.5,-9.51,95.69,1,0,1,1.8,,0,,consistently_engaged,0.744,False
STU_0104,12,4,1,0,0,15,147.0,2,1,2,82.4,83.4,-3.93,83.96,0,1,0,4.3,0.32,0,5.0,consistently_engaged,0.754,False
STU_0104,13,3,2,1,0,14,138.6,2,0,0,77.2,82.9,4.51,34.78,3,2,0,2.7,,0,,consistently_engaged,0.761,False
STU_0104,14,4,1,0,0,8,85.2,2,3,1,94.0,83.7,5.79,49.39,1,1,0,0.4,0.56,0,4.0,consistently_engaged,0.755,False
STU_0104,15,5,0,0,0,12,197.1,2,0,7,84.5,83.8,3.66,47.43,2,1,0,0.4,,0,,consistently_engaged,0.785,False
STU_0104,16,5,0,1,0,15,152.4,2,0,0,88.5,84.1,-2.73,15.14,2,1,0,4.9,1.0,0,4.0,consistently_engaged,0.826,False
STU_0105,1,5,0,0,0,20,181.8,2,0,3,97.8,97.8,0.0,0.0,1,1,0,0.4,,0,,consistently_engaged,0.887,False
STU_0105,2,4,1,0,1,20,222.5,2,0,6,92.9,95.4,-4.91,6.02,3,0,1,1.6,0.45,0,4.0,consistently_engaged,0.892,False
STU_0105,3,5,0,0,0,16,184.2,2,0,2,73.2,88.0,-12.32,113.37,0,0,0,0.9,,0,,consistently_engaged,0.874,False
STU_0105,4,5,0,0,0,19,163.6,2,0,1,86.0,87.5,-3.46,66.81,3,0,0,0.3,0.73,0,5.0,consistently_engaged,0.84,False
STU_0105,5,4,1,1,0,14,127.9,2,0,3,86.5,87.3,6.64,37.9,1,2,0,5.2,,0,,consistently_engaged,0.816,False
STU_0105,6,5,0,0,0,10,168.7,2,0,2,78.9,85.9,-3.53,11.88,2,0,0,0.3,0.71,0,5.0,consistently_engaged,0.83,False
STU_0105,7,4,1,0,0,15,170.3,2,0,2,86.4,86.0,-0.02,12.56,2,0,0,0.8,,1,,consistently_engaged,0.788,False
STU_0105,8,4,1,0,1,11,186.1,2,0,1,80.9,85.3,0.98,10.08,0,0,0,0.4,0.63,0,3.0,consistently_engaged,0.782,False
STU_0105,9,5,0,2,0,19,182.0,2,0,3,79.9,84.7,-3.27,8.28,3,0,0,0.7,,0,,consistently_engaged,0.786,False
STU_0105,10,5,0,1,0,17,149.5,2,0,0,84.7,84.7,1.92,4.38,0,1,1,1.8,0.7,0,5.0,consistently_engaged,0.754,False
STU_0105,11,4,1,0,0,12,142.7,3,1,1,93.3,85.5,6.73,30.95,1,1,0,1.4,,0,,consistently_engaged,0.752,False
STU_0105,12,4,1,0,0,13,146.7,2,0,1,75.1,84.6,-4.8,55.29,3,1,0,0.6,0.27,0,3.0,consistently_engaged,0.745,False
STU_0105,13,2,3,0,2,18,107.5,2,1,3,87.1,84.8,-3.12,57.06,3,0,0,1.6,,1,,consistently_engaged,0.789,False
STU_0105,14,4,1,0,0,15,126.5,2,0,2,73.6,84.0,-0.74,36.3,3,0,0,3.3,0.32,0,3.0,consistently_engaged,0.759,False
STU_0105,15,5,0,0,0,18,83.4,2,0,2,89.0,84.4,0.94,46.65,0,0,0,2.6,,0,,consistently_engaged,0.748,False
STU_0105,16,5,0,0,0,17,165.5,2,0,2,73.8,83.7,0.1,51.58,3,1,0,0.3,0.25,0,4.0,consistently_engaged,0.754,False
STU_0106,1,3,2,1,1,16,109.1,2,1,1,78.9,78.9,0.0,0.0,1,2,0,1.2,,0,,consistently_engaged,0.754,False
STU_0106,2,5,0,1,0,16,110.8,2,0,3,79.3,79.1,0.46,0.05,4,0,0,1.6,0.76,0,4.0,consistently_engaged,0.793,False
STU_0106,3,5,0,0,0,15,129.7,2,1,2,88.4,82.2,4.75,19.17,1,1,0,0.1,,0,,consistently_engaged,0.804,False
STU_0106,4,5,0,0,0,19,188.3,2,2,0,82.6,82.3,1.63,14.01,1,0,0,0.9,0.6,0,4.0,consistently_engaged,0.817,False
STU_0106,5,5,0,0,0,12,186.6,2,0,1,88.9,83.6,0.26,8.16,2,0,0,0.3,,0,,consistently_engaged,0.824,False
STU_0106,6,5,0,1,0,19,124.2,1,0,1,88.5,84.4,2.95,8.3,1,1,0,1.9,0.46,0,4.0,consistently_engaged,0.801,False
STU_0106,7,5,0,0,0,19,144.5,2,0,1,71.7,82.6,-8.62,64.52,1,0,0,2.3,,0,,consistently_engaged,0.766,False
STU_0106,8,5,0,0,0,15,150.8,2,0,2,81.3,82.4,-3.63,47.55,1,0,0,2.8,0.53,0,3.0,consistently_engaged,0.741,False
STU_0106,9,5,0,0,0,18,140.9,3,0,2,83.7,82.6,6.03,27.07,2,2,0,0.8,,0,,consistently_engaged,0.728,False
STU_0106,10,5,0,0,0,17,95.4,2,0,1,71.2,81.4,-5.03,29.43,0,0,1,0.2,-0.06,0,3.0,consistently_engaged,0.723,False
STU_0106,11,4,1,0,1,18,152.3,2,0,0,73.8,80.8,-4.95,29.16,1,1,0,2.3,,0,,consistently_engaged,0.759,False
STU_0106,12,5,0,0,0,15,167.9,1,0,0,64.4,79.4,-3.39,15.76,2,1,0,0.2,0.96,0,5.0,consistently_engaged,0.756,False
STU_0106,13,4,1,1,0,18,132.7,2,0,1,70.2,78.7,-1.82,15.07,1,1,0,2.0,,0,,consistently_engaged,0.731,False
STU_0106,14,4,1,0,0,14,158.6,3,2,3,75.7,78.5,5.64,21.19,2,1,0,0.1,-0.04,0,3.0,consistently_engaged,0.732,False
STU_0106,15,5,0,0,0,18,139.1,3,0,1,83.0,78.8,6.41,27.54,2,1,1,3.2,,0,,consistently_engaged,0.812,False
STU_0106,16,5,0,1,0,14,207.9,3,1,2,72.9,78.4,-1.41,18.31,1,1,0,0.7,1.0,0,5.0,consistently_engaged,0.814,False
STU_0107,1,4,1,1,0,13,181.3,2,0,4,77.9,77.9,0.0,0.0,1,0,1,1.0,,0,,consistently_engaged,0.81,False
STU_0107,2,5,0,0,0,19,163.3,2,0,0,89.6,83.8,11.66,33.96,4,0,0,0.4,0.5,0,5.0,consistently_engaged,0.844,False
STU_0107,3,5,0,0,0,15,159.5,2,0,3,86.1,84.5,4.07,23.83,1,0,1,0.9,,0,,consistently_engaged,0.842,False
STU_0107,4,5,0,0,0,18,177.6,2,0,1,85.8,84.8,-1.9,2.99,4,0,1,0.4,1.0,0,5.0,consistently_engaged,0.838,False
STU_0107,5,4,1,0,0,23,157.9,2,0,1,89.7,85.8,1.81,3.14,3,0,0,1.0,,0,,consistently_engaged,0.92,False
STU_0107,6,5,0,0,0,16,149.7,2,0,5,97.5,87.8,5.85,23.69,2,0,1,0.1,0.27,0,5.0,consistently_engaged,0.913,False
STU_0107,7,5,0,0,0,21,179.6,1,1,4,83.2,87.1,-3.26,34.35,1,0,1,2.4,,0,,consistently_engaged,0.872,False
STU_0107,8,4,1,0,1,18,167.7,1,0,5,84.3,86.8,-6.61,42.4,4,0,1,1.4,0.53,0,4.0,consistently_engaged,0.861,False
STU_0107,9,4,1,0,1,15,148.7,1,0,1,72.3,85.1,-5.45,29.34,3,0,1,3.1,,0,,consistently_engaged,0.824,False
STU_0107,10,5,0,1,0,16,188.7,3,0,1,83.0,84.9,-0.65,28.93,1,0,0,1.1,0.52,0,5.0,consistently_engaged,0.849,False
STU_0107,11,5,0,0,0,19,174.3,3,0,2,100.0,86.3,13.87,130.39,2,1,0,2.3,,0,,consistently_engaged,0.86,False
STU_0107,12,4,1,0,1,19,198.4,2,0,4,87.6,86.4,2.34,51.61,3,1,1,0.4,0.62,0,5.0,consistently_engaged,0.896,False
STU_0107,13,4,1,1,0,20,209.1,3,0,0,90.4,86.7,-4.81,28.05,0,0,0,1.5,,0,,consistently_engaged,0.87,False
STU_0107,14,5,0,0,0,17,139.7,2,0,0,94.3,87.3,3.34,7.5,2,0,1,0.4,0.55,0,5.0,consistently_engaged,0.871,False
STU_0107,15,4,1,0,0,20,152.4,2,0,1,87.2,87.3,-1.58,8.4,1,1,1,0.2,,0,,consistently_engaged,0.86,False
STU_0107,16,5,0,1,0,18,184.3,2,0,3,87.3,87.3,-3.53,11.12,0,2,0,0.5,0.64,0,5.0,consistently_engaged,0.828,False
STU_0108,1,5,0,1,0,17,163.4,3,0,2,84.4,84.4,0.0,0.0,2,1,0,0.4,,0,,consistently_engaged,0.801,False
STU_0108,2,5,0,0,0,16,125.4,3,0,4,75.1,79.7,-9.21,21.22,6,0,0,0.3,0.9,0,4.0,consistently_engaged,0.799,False
STU_0108,3,4,1,0,1,17,175.5,2,0,1,71.2,76.9,-6.6,30.54,4,0,1,1.1,,0,,consistently_engaged,0.78,False
STU_0108,4,5,0,1,0,17,135.7,3,0,3,86.6,79.3,5.75,43.11,3,1,0,0.8,0.47,0,4.0,consistently_engaged,0.766,False
STU_0108,5,4,1,1,1,17,160.5,2,0,5,88.9,81.2,8.87,62.21,0,1,0,0.6,,0,,consistently_engaged,0.788,False
STU_0108,6,4,1,1,0,16,169.1,2,0,1,77.4,80.6,-4.6,24.57,0,0,0,1.7,0.96,0,5.0,consistently_engaged,0.763,False
STU_0108,7,5,0,0,0,18,152.8,2,1,2,88.7,81.8,-0.13,28.56,1,0,0,5.2,,0,,consistently_engaged,0.763,False
STU_0108,8,4,1,0,1,15,147.9,1,1,2,80.2,81.6,1.36,22.77,2,0,1,1.3,-0.02,0,4.0,consistently_engaged,0.74,False
STU_0108,9,4,1,0,0,15,204.7,2,0,1,72.4,80.5,-8.11,43.86,2,1,0,1.6,,0,,consistently_engaged,0.732,False
STU_0108,10,4,1,1,1,19,141.3,2,2,2,86.6,81.2,3.22,33.58,1,0,0,2.7,0.6,0,4.0,consistently_engaged,0.763,False
STU_0108,11,4,1,0,0,21,204.1,2,0,3,92.4,82.2,10.0,70.53,1,2,1,1.2,,1,,consistently_engaged,0.843,False
STU_0108,12,5,0,0,0,18,200.1,2,0,2,83.2,82.3,-1.69,14.47,2,0,0,1.2,0.53,0,5.0,consistently_engaged,0.826,False
STU_0108,13,5,0,0,0,14,134.2,2,0,1,79.2,82.0,-6.63,30.8,1,0,0,0.5,,0,,consistently_engaged,0.837,False
STU_0108,14,5,0,0,0,19,181.3,2,0,1,74.9,81.5,-4.18,11.65,0,2,0,0.4,1.0,0,5.0,consistently_engaged,0.822,False
STU_0108,15,5,0,0,0,14,140.0,2,0,7,76.0,81.1,-1.61,3.34,1,1,1,2.9,,0,,consistently_engaged,0.774,False
STU_0108,16,4,1,1,0,11,138.0,2,0,3,81.7,81.2,3.44,9.1,4,1,0,1.2,0.35,0,4.0,consistently_engaged,0.756,False
STU_0109,1,5,0,1,0,16,145.5,3,0,2,99.1,99.1,0.0,0.0,2,1,0,1.2,,0,,consistently_engaged,0.855,False
STU_0109,2,4,1,0,1,17,158.6,2,0,3,80.0,89.6,-19.05,90.76,1,0,0,0.8,0.02,0,4.0,consistently_engaged,0.843,False
STU_0109,3,5,0,1,0,16,150.3,1,0,3,83.6,87.6,-7.74,68.37,3,1,1,0.9,,0,,consistently_engaged,0.874,False
STU_0109,4,5,0,0,0,17,182.0,3,0,1,89.7,88.1,4.82,15.83,4,1,0,0.3,0.93,0,5.0,consistently_engaged,0.904,False
STU_0109,5,5,0,1,0,19,171.2,2,0,2,95.2,89.5,5.8,22.46,5,1,1,0.4,,0,,consistently_engaged,0.849,False
STU_0109,6,5,0,0,0,13,164.1,1,0,2,88.0,89.3,-0.82,9.44,1,2,0,0.1,0.88,0,3.0,consistently_engaged,0.853,False
STU_0109,7,3,2,0,0,19,158.9,2,0,2,78.1,87.7,-8.55,49.18,2,0,0,0.3,,0,,consistently_engaged,0.781,False
STU_0109,8,5,0,0,0,13,156.2,2,1,3,83.3,87.1,-2.38,16.43,0,0,0,0.5,1.0,0,5.0,consistently_engaged,0.808,False
STU_0109,9,5,0,1,0,17,146.1,2,0,1,75.3,85.8,-1.41,10.9,3,1,1,2.9,,0,,consistently_engaged,0.803,False
STU_0109,10,5,0,0,0,14,146.6,2,1,1,78.2,85.0,-2.55,10.87,0,2,1,2.0,1.0,0,4.0,consistently_engaged,0.783,False
STU_0109,11,5,0,0,0,16,132.7,1,0,2,85.6,85.1,5.15,18.88,1,1,1,0.1,,0,,consistently_engaged,0.802,False
STU_0109,12,5,0,1,0,18,145.4,2,0,0,77.8,84.5,-0.19,12.97,0,1,0,1.6,0.66,0,5.0,consistently_engaged,0.769,False
STU_0109,13,4,1,1,0,16,158.5,2,1,1,86.5,84.6,0.46,15.39,0,1,1,3.6,,0,,consistently_engaged,0.783,False
STU_0109,14,5,0,1,0,21,204.7,2,0,0,81.7,84.4,1.94,12.8,2,1,0,0.1,-0.37,0,4.0,consistently_engaged,0.848,False
STU_0109,15,5,0,1,0,15,166.2,1,0,1,74.7,83.8,-5.93,23.73,1,0,1,0.1,,1,,consistently_engaged,0.826,False
STU_0109,16,5,0,0,0,16,237.0,2,0,2,82.2,83.7,0.29,11.86,2,2,1,0.5,0.69,0,5.0,consistently_engaged,0.887,False
STU_0110,1,5,0,1,0,19,182.7,2,0,2,83.7,83.7,0.0,0.0,2,0,0,0.1,,0,,consistently_engaged,0.789,False
STU_0110,2,5,0,0,0,17,133.7,3,1,4,83.2,83.5,-0.58,0.09,1,1,1,2.1,0.73,0,5.0,consistently_engaged,0.776,False
STU_0110,3,5,0,1,0,9,142.5,2,0,0,72.7,79.9,-5.5,25.53,0,1,0,0.2,,0,,consistently_engaged,0.724,False
STU_0110,4,5,0,0,0,19,122.6,2,0,1,78.1,79.4,-2.54,18.08,3,1,0,1.8,0.28,0,5.0,consistently_engaged,0.776,False
STU_0110,5,5,0,0,0,16,155.9,2,0,1,74.0,78.4,0.64,5.16,3,0,0,3.0,,0,,consistently_engaged,0.782,False
STU_0110,6,4,1,0,0,15,154.4,2,0,1,86.2,79.7,4.05,25.48,2,0,1,0.4,0.78,0,4.0,consistently_engaged,0.782,False
STU_0110,7,5,0,0,0,14,181.0,2,0,1,75.2,79.0,0.6,29.86,2,1,0,1.0,,0,,consistently_engaged,0.788,False
STU_0110,8,4,1,1,0,16,165.3,2,1,3,88.0,80.1,0.93,31.91,1,2,1,1.7,0.1,0,5.0,consistently_engaged,0.822,False
STU_0110,9,5,0,0,0,19,156.0,2,0,4,75.4,79.6,0.11,35.79,2,0,1,0.6,,0,,consistently_engaged,0.854,False
STU_0110,10,4,1,1,0,17,175.2,2,0,0,84.8,80.1,-1.6,28.49,3,1,0,1.6,0.82,1,4.0,consistently_engaged,0.848,False
STU_0110,11,4,1,0,0,19,174.8,2,0,2,94.9,81.5,9.71,62.91,4,1,0,0.1,,0,,consistently_engaged,0.908,False
STU_0110,12,5,0,0,0,15,182.5,3,0,1,94.6,82.6,4.86,21.72,3,0,0,2.3,0.97,0,4.0,consistently_engaged,0.915,False
STU_0110,13,5,0,0,0,15,179.3,2,0,2,89.7,83.1,-2.6,5.65,4,1,0,1.0,,0,,consistently_engaged,0.905,False
STU_0110,14,5,0,0,0,17,211.9,2,0,3,96.3,84.1,0.84,7.76,0,1,0,4.2,0.88,0,5.0,consistently_engaged,0.926,False
STU_0110,15,5,0,0,0,18,176.6,2,1,4,96.2,84.9,3.26,9.51,5,1,0,1.1,,0,,consistently_engaged,0.917,False
STU_0110,16,3,2,1,0,17,193.0,2,0,0,80.7,84.6,-7.79,53.77,2,0,1,1.2,0.48,0,4.0,consistently_engaged,0.834,False
STU_0111,1,4,1,0,1,23,208.5,3,0,2,82.2,82.2,0.0,0.0,4,0,0,2.9,,0,,consistently_engaged,0.799,False
STU_0111,2,5,0,0,0,14,143.9,2,0,4,74.9,78.6,-7.34,13.47,7,2,1,0.6,0.93,0,4.0,consistently_engaged,0.708,False
STU_0111,3,4,1,0,0,16,149.5,2,0,0,78.8,78.6,-1.7,9.0,2,0,1,0.7,,0,,consistently_engaged,0.714,False
STU_0111,4,5,0,0,0,20,128.2,2,0,3,75.9,78.0,0.5,2.79,2,1,0,0.1,-0.03,0,4.0,consistently_engaged,0.699,False
STU_0111,5,4,1,0,0,14,135.2,1,1,0,84.5,79.3,2.82,12.61,2,1,0,3.1,,0,,consistently_engaged,0.759,False
STU_0111,6,4,1,1,0,19,120.4,2,0,2,90.4,81.1,7.25,35.42,1,2,1,0.8,0.94,0,3.0,consistently_engaged,0.771,False
STU_0111,7,5,0,1,0,15,179.8,1,0,3,81.0,81.1,-1.74,15.12,1,1,0,0.5,,0,,consistently_engaged,0.765,False
STU_0111,8,5,0,2,0,18,125.4,2,0,3,90.9,82.3,0.27,20.89,2,1,1,0.2,0.17,0,4.0,consistently_engaged,0.815,False
STU_0111,9,3,2,0,1,13,169.8,2,1,1,100.0,84.3,9.51,60.36,1,1,0,1.8,,0,,consistently_engaged,0.858,False
STU_0111,10,5,0,1,0,21,144.3,3,0,5,88.4,84.7,-1.25,24.72,5,0,0,0.4,0.58,0,5.0,consistently_engaged,0.877,False
STU_0111,11,5,0,0,0,14,174.1,3,0,0,92.3,85.4,-3.84,23.11,3,0,1,0.4,,0,,consistently_engaged,0.867,False
STU_0111,12,5,0,1,0,18,123.9,1,0,1,81.1,85.0,-3.67,21.73,0,1,1,1.4,1.0,0,4.0,consistently_engaged,0.82,False
STU_0111,13,5,0,0,0,16,166.3,2,0,2,86.6,85.2,-2.87,21.07,2,0,0,0.5,,0,,consistently_engaged,0.848,False
STU_0111,14,5,0,0,0,17,165.7,2,0,3,86.2,85.2,2.55,6.26,2,0,0,0.3,0.23,0,4.0,consistently_engaged,0.903,False
STU_0111,15,4,1,0,1,22,194.9,2,0,4,83.4,85.1,-1.59,2.01,1,1,0,2.5,,0,,consistently_engaged,0.899,False
STU_0111,16,5,0,0,0,23,169.4,1,0,1,89.1,85.4,1.48,5.49,3,2,0,1.8,1.0,0,4.0,consistently_engaged,0.895,False
STU_0112,1,4,1,0,0,16,246.7,2,0,3,90.3,90.3,0.0,0.0,4,1,0,0.6,,0,,consistently_engaged,0.861,False
STU_0112,2,4,1,0,0,17,175.5,2,1,1,84.7,87.5,-5.6,7.84,3,0,1,0.0,0.77,0,5.0,consistently_engaged,0.877,False
STU_0112,3,5,0,0,0,10,151.2,2,0,2,91.0,88.7,0.36,8.0,1,1,0,0.5,,0,,consistently_engaged,0.854,False
STU_0112,4,5,0,0,0,18,185.1,3,0,1,86.7,88.2,0.99,6.99,4,0,0,1.1,1.0,0,5.0,consistently_engaged,0.848,False
STU_0112,5,4,1,0,0,15,188.2,2,0,4,100.0,90.6,4.48,30.71,2,2,0,0.1,,0,,consistently_engaged,0.88,False
STU_0112,6,5,0,1,0,14,222.0,3,0,2,78.6,88.6,-4.03,77.62,4,0,0,0.2,0.93,0,5.0,consistently_engaged,0.862,False
STU_0112,7,4,1,0,0,20,146.9,2,0,3,91.7,89.0,-4.16,77.33,2,1,0,0.6,,0,,consistently_engaged,0.878,False
STU_0112,8,5,0,0,0,15,187.0,2,0,7,92.8,89.5,7.1,41.45,2,1,0,0.8,0.79,0,5.0,consistently_engaged,0.863,False
STU_0112,9,4,1,0,1,20,149.6,2,0,4,96.4,90.3,2.35,4.0,2,0,0,1.0,,0,,consistently_engaged,0.874,False
STU_0112,10,5,0,0,0,16,196.7,2,0,1,71.7,88.4,-10.57,118.81,0,1,0,0.6,1.0,0,4.0,consistently_engaged,0.812,False
STU_0112,11,4,1,0,0,24,169.2,1,1,1,74.9,87.2,-10.72,120.02,5,0,0,2.9,,0,,consistently_engaged,0.835,False
STU_0112,12,2,3,0,1,16,126.3,2,0,1,76.0,86.2,2.18,3.42,1,1,0,0.8,0.69,0,5.0,consistently_engaged,0.836,False
STU_0112,13,4,1,0,0,20,152.9,2,0,2,79.8,85.7,2.43,4.32,3,0,0,0.5,,0,,consistently_engaged,0.846,False
STU_0112,14,4,1,0,0,23,153.1,3,1,4,83.6,85.6,3.77,9.46,3,0,1,2.2,0.06,0,5.0,consistently_engaged,0.83,False
STU_0112,15,5,0,1,0,20,162.2,2,0,4,92.7,86.1,6.45,29.26,0,1,0,0.4,,0,,consistently_engaged,0.842,False
STU_0112,16,4,1,1,1,14,196.1,1,0,2,85.2,86.0,0.79,15.78,2,0,0,1.6,0.92,0,4.0,consistently_engaged,0.831,False
STU_0113,1,5,0,1,0,15,162.5,3,1,2,83.3,83.3,0.0,0.0,5,2,1,2.7,,0,,consistently_engaged,0.865,False
STU_0113,2,5,0,0,0,17,129.3,2,1,2,91.1,87.2,7.71,14.88,5,0,0,1.3,0.99,0,4.0,consistently_engaged,0.856,False
STU_0113,3,5,0,0,0,15,172.2,2,0,1,77.0,83.8,-3.16,32.93,4,1,0,0.2,,0,,consistently_engaged,0.871,False
STU_0113,4,5,0,0,0,13,178.9,3,0,1,94.5,86.5,1.72,57.11,4,1,0,0.4,0.41,0,5.0,consistently_engaged,0.895,False
STU_0113,5,4,1,0,0,18,199.9,1,0,2,93.5,87.9,8.25,64.24,3,1,0,0.1,,0,,consistently_engaged,0.897,False
STU_0113,6,4,1,0,0,23,167.1,1,0,3,87.9,87.9,-3.28,8.34,1,0,1,0.3,1.0,0,5.0,consistently_engaged,0.892,False
STU_0113,7,5,0,0,0,20,168.1,2,0,2,74.4,86.0,-9.57,64.52,3,0,1,0.3,,0,,consistently_engaged,0.865,False
STU_0113,8,5,0,1,0,18,155.8,2,0,3,100.0,87.7,6.03,109.45,2,2,0,0.0,0.57,0,5.0,consistently_engaged,0.895,False
STU_0113,9,5,0,0,0,18,189.1,2,0,3,88.6,87.8,7.12,109.78,2,1,0,1.6,,0,,consistently_engaged,0.927,False
STU_0113,10,5,0,0,0,15,142.3,2,0,2,91.8,88.2,-4.12,23.01,2,0,0,0.1,0.42,0,4.0,consistently_engaged,0.878,False
STU_0113,11,4,1,0,0,15,203.3,2,0,1,84.8,87.9,-1.92,8.1,2,1,0,0.5,,0,,consistently_engaged,0.844,False
STU_0113,12,5,0,0,0,17,218.3,1,0,0,77.6,87.0,-7.06,33.19,5,1,0,0.2,0.52,0,4.0,consistently_engaged,0.907,False
STU_0113,13,4,1,1,0,23,165.9,2,1,0,87.3,87.1,1.27,16.84,0,1,0,2.8,,0,,consistently_engaged,0.882,False
STU_0113,14,5,0,0,0,9,229.9,2,0,2,95.7,87.7,9.04,54.62,3,0,0,0.4,0.47,1,4.0,consistently_engaged,0.896,False
STU_0113,15,5,0,0,0,13,151.0,2,0,6,88.9,87.8,0.78,13.28,4,0,0,1.3,,0,,consistently_engaged,0.883,False
STU_0113,16,5,0,0,0,18,155.3,2,0,5,79.3,87.2,-8.21,45.4,2,2,0,0.3,0.41,0,5.0,consistently_engaged,0.937,False
STU_0114,1,4,1,1,0,18,102.0,2,0,2,78.1,78.1,0.0,0.0,1,1,0,5.1,,0,,consistently_engaged,0.799,False
STU_0114,2,4,1,1,0,16,158.4,2,1,1,71.1,74.6,-6.96,12.11,4,0,1,1.1,0.48,0,4.0,consistently_engaged,0.752,False
STU_0114,3,5,0,0,0,18,121.9,1,1,1,75.7,74.9,-1.19,8.34,0,1,0,0.1,,0,,consistently_engaged,0.711,False
STU_0114,4,5,0,0,0,15,145.2,2,0,3,81.3,76.5,5.08,17.28,3,1,0,0.2,0.44,0,4.0,consistently_engaged,0.717,False
STU_0114,5,5,0,0,0,13,146.3,2,0,4,85.0,78.2,4.64,14.53,0,1,0,1.8,,0,,consistently_engaged,0.707,False
STU_0114,6,4,1,0,0,16,149.1,2,0,0,76.8,78.0,-2.25,11.23,0,0,1,1.1,0.58,0,4.0,consistently_engaged,0.682,False
STU_0114,7,4,1,0,0,15,178.4,2,0,3,88.2,79.4,1.63,23.21,0,0,0,2.1,,0,,consistently_engaged,0.724,False
STU_0114,8,5,0,1,0,17,157.3,2,1,2,79.0,79.4,1.12,24.55,2,2,0,1.1,0.52,0,2.0,consistently_engaged,0.708,False
STU_0114,9,5,0,0,0,18,143.9,2,0,3,77.3,79.1,-5.45,22.96,4,1,0,0.6,,0,,consistently_engaged,0.703,False
STU_0114,10,3,2,0,1,12,152.2,2,1,2,76.3,78.9,-1.35,1.24,2,0,0,11.3,0.43,0,5.0,consistently_engaged,0.666,False
STU_0114,11,3,2,0,1,16,148.0,2,2,2,78.1,78.8,0.41,0.56,1,0,0,1.1,,0,,consistently_engaged,0.715,False
STU_0114,12,4,1,1,0,17,160.5,2,0,2,73.8,78.4,-1.27,3.2,1,0,1,5.2,0.51,0,4.0,consistently_engaged,0.722,False
STU_0114,13,3,2,0,1,11,121.0,2,0,1,84.0,78.8,2.93,17.51,0,0,0,1.2,,0,,consistently_engaged,0.71,False
STU_0114,14,4,1,0,1,14,158.2,1,0,1,85.4,79.3,5.83,26.91,1,0,1,0.3,0.64,0,4.0,consistently_engaged,0.786,False
STU_0114,15,3,2,1,0,18,144.6,2,0,1,84.9,79.7,0.45,0.35,2,2,0,0.1,,0,,consistently_engaged,0.784,False
STU_0114,16,5,0,0,0,17,76.8,2,0,2,90.1,80.3,2.32,5.4,1,0,1,1.7,0.37,0,4.0,consistently_engaged,0.793,False
STU_0115,1,5,0,0,0,16,168.9,2,1,2,92.3,92.3,0.0,0.0,0,1,0,0.2,,0,,consistently_engaged,0.812,False
STU_0115,2,3,2,1,0,16,139.3,2,2,1,85.0,88.7,-7.33,13.43,3,0,1,2.0,0.37,0,3.0,consistently_engaged,0.817,False
STU_0115,3,4,1,0,1,13,164.5,2,1,1,83.1,86.8,-4.6,15.76,4,1,0,1.5,,0,,consistently_engaged,0.805,False
STU_0115,4,5,0,0,0,15,133.8,2,1,2,73.9,83.6,-5.53,23.38,2,1,0,0.6,0.86,0,3.0,consistently_engaged,0.787,False
STU_0115,5,4,1,1,1,19,193.9,3,0,1,76.1,82.1,-3.5,15.37,1,2,1,2.1,,0,,consistently_engaged,0.778,False
STU_0115,6,4,1,1,1,13,168.6,1,1,2,80.2,81.8,3.13,6.73,0,2,0,3.2,0.74,0,5.0,consistently_engaged,0.78,False
STU_0115,7,4,1,0,1,16,147.6,3,0,2,76.5,81.0,0.17,3.4,2,0,1,0.5,,0,,consistently_engaged,0.767,False
STU_0115,8,4,1,0,0,17,176.4,2,0,1,76.7,80.5,-1.76,2.92,1,0,0,0.5,1.0,0,5.0,consistently_engaged,0.728,False
STU_0115,9,5,0,1,0,20,128.6,2,0,0,86.0,81.1,4.77,19.82,3,0,1,6.4,,0,,consistently_engaged,0.746,False
STU_0115,10,5,0,0,0,19,183.0,2,0,0,77.3,80.7,0.31,18.15,1,0,0,3.8,0.72,0,3.0,consistently_engaged,0.774,False
STU_0115,11,4,1,0,0,18,141.5,2,0,1,93.2,81.9,3.58,42.09,1,1,1,0.8,,0,,consistently_engaged,0.815,False
STU_0115,12,4,1,0,0,18,148.1,3,0,2,78.2,81.6,0.46,52.86,2,1,0,0.1,0.02,0,3.0,consistently_engaged,0.814,False
STU_0115,13,4,1,0,1,14,146.8,2,1,2,82.8,81.6,-5.19,39.07,2,1,0,1.5,,0,,consistently_engaged,0.818,False
STU_0115,14,5,0,1,0,17,157.2,3,0,3,88.0,82.1,4.88,15.93,1,1,0,0.1,0.9,0,4.0,consistently_engaged,0.803,False
STU_0115,15,5,0,0,0,11,160.4,3,0,2,72.6,81.5,-5.11,41.1,1,1,0,7.6,,0,,consistently_engaged,0.8,False
STU_0115,16,4,1,0,0,13,128.1,2,0,2,88.8,81.9,0.4,55.85,3,0,0,2.3,1.0,0,3.0,consistently_engaged,0.746,False
STU_0116,1,5,0,0,0,20,210.9,2,0,2,75.1,75.1,0.0,0.0,1,1,1,2.3,,0,,consistently_engaged,0.908,False
STU_0116,2,3,2,1,1,12,178.3,3,1,4,91.7,83.4,16.6,68.93,3,1,0,0.4,0.29,0,4.0,consistently_engaged,0.881,False
STU_0116,3,5,0,0,0,17,234.4,2,0,4,86.2,84.3,5.52,47.61,3,0,0,0.2,,0,,consistently_engaged,0.884,False
STU_0116,4,5,0,0,0,18,182.1,3,0,5,87.1,85.0,-2.3,5.91,1,1,0,3.1,0.75,0,4.0,consistently_engaged,0.872,False
STU_0116,5,5,0,0,0,19,157.1,3,0,2,87.8,85.6,0.82,0.45,2,1,1,1.3,,0,,consistently_engaged,0.828,False
STU_0116,6,4,1,1,0,14,122.9,2,0,1,82.3,85.0,-2.4,5.95,1,2,0,2.4,0.84,0,4.0,consistently_engaged,0.828,False
STU_0116,7,4,1,2,1,15,154.6,2,0,5,80.6,84.4,-3.61,9.45,3,1,0,3.4,,0,,consistently_engaged,0.846,False
STU_0116,8,4,1,0,0,20,136.9,2,0,2,82.9,84.2,0.31,1.0,1,1,0,0.7,0.15,0,5.0,consistently_engaged,0.778,False
STU_0116,9,5,0,1,0,16,104.6,2,1,1,76.2,83.3,-2.19,7.79,3,0,0,0.8,,0,,consistently_engaged,0.758,False
STU_0116,10,4,1,0,0,18,146.5,2,0,1,88.1,83.8,2.56,23.58,4,2,0,0.2,1.0,0,3.0,consistently_engaged,0.802,False
STU_0116,11,3,2,0,1,18,125.2,2,0,0,64.1,82.0,-6.07,95.91,2,0,0,2.0,,0,,consistently_engaged,0.751,False
STU_0116,12,3,2,0,1,19,156.6,2,0,2,79.3,81.8,-4.37,98.26,3,0,1,3.4,0.9,0,4.0,consistently_engaged,0.723,False
STU_0116,13,4,1,0,1,18,140.1,2,0,1,59.9,80.1,-2.06,69.42,4,0,1,2.9,,0,,consistently_engaged,0.724,False
STU_0116,14,5,0,0,0,15,142.5,3,0,2,91.2,80.9,5.94,165.93,0,0,1,6.1,0.49,0,5.0,consistently_engaged,0.736,False
STU_0116,15,4,1,0,0,16,131.9,2,0,2,74.2,80.5,7.12,163.24,2,1,0,3.6,,0,,consistently_engaged,0.739,False
STU_0116,16,5,0,0,0,12,171.7,2,1,2,75.3,80.1,-7.95,60.37,1,2,1,2.4,0.85,1,4.0,consistently_engaged,0.76,False
STU_0117,1,5,0,0,0,18,190.3,2,1,3,82.2,82.2,0.0,0.0,0,0,0,0.0,,0,,consistently_engaged,0.861,False
STU_0117,2,5,0,0,0,15,182.8,2,0,0,87.9,85.1,5.71,8.15,4,1,0,2.9,1.0,0,3.0,consistently_engaged,0.908,False
STU_0117,3,5,0,0,0,22,155.2,1,0,2,95.4,88.5,6.58,29.07,4,1,1,2.7,,0,,consistently_engaged,0.875,False
STU_0117,4,5,0,0,0,24,172.1,1,0,4,96.8,90.6,4.46,15.25,0,0,1,0.1,0.47,0,5.0,consistently_engaged,0.868,False
STU_0117,5,4,1,1,1,19,163.7,2,0,4,84.5,89.4,-5.42,30.12,2,1,1,0.7,,0,,consistently_engaged,0.849,False
STU_0117,6,4,1,0,0,14,202.2,2,0,1,86.5,88.9,-5.17,29.11,1,0,0,0.3,0.37,0,5.0,consistently_engaged,0.894,False
STU_0117,7,5,0,1,0,17,152.6,3,1,1,70.7,86.3,-6.91,49.34,2,1,1,0.2,,0,,consistently_engaged,0.851,False
STU_0117,8,5,0,0,0,24,133.6,2,0,2,84.7,86.1,-0.92,49.69,2,1,1,0.2,0.71,0,5.0,consistently_engaged,0.835,False
STU_0117,9,4,1,0,0,17,145.9,2,1,0,78.0,85.2,3.64,32.45,2,0,0,0.3,,0,,consistently_engaged,0.781,False
STU_0117,10,5,0,0,0,12,119.8,2,0,1,79.9,84.7,-2.38,7.85,1,0,0,2.2,0.37,0,4.0,consistently_engaged,0.757,False
STU_0117,11,5,0,0,0,18,143.4,1,2,1,78.7,84.1,0.33,0.62,2,1,0,0.7,,0,,consistently_engaged,0.761,False
STU_0117,12,3,2,0,1,19,123.5,3,0,1,85.9,84.3,2.98,9.91,0,2,0,1.0,0.41,0,3.0,consistently_engaged,0.743,False
STU_0117,13,5,0,0,0,17,94.1,2,0,4,80.9,84.0,1.11,9.09,2,2,0,0.5,,0,,consistently_engaged,0.753,False
STU_0117,14,5,0,0,0,15,163.1,1,0,2,79.5,83.7,-3.22,7.59,5,0,1,0.5,-0.08,0,4.0,consistently_engaged,0.781,False
STU_0117,15,5,0,0,0,16,147.1,2,0,1,92.7,84.3,5.92,35.47,2,1,0,0.9,,0,,consistently_engaged,0.816,False
STU_0117,16,5,0,0,0,17,148.3,2,0,1,79.0,84.0,-0.23,40.72,3,1,0,0.9,0.25,0,3.0,consistently_engaged,0.823,False
STU_0118,1,5,0,0,0,16,163.6,2,0,3,85.3,85.3,0.0,0.0,1,2,0,1.1,,0,,consistently_engaged,0.825,False
STU_0118,2,4,1,0,0,17,150.8,2,0,1,97.4,91.3,12.16,37.0,0,0,0,0.9,0.8,0,4.0,consistently_engaged,0.866,False
STU_0118,3,5,0,0,0,20,128.1,2,0,0,79.1,87.3,-3.06,57.77,3,1,0,0.2,,0,,consistently_engaged,0.859,False
STU_0118,4,5,0,0,0,15,158.1,2,0,4,93.4,88.8,-2.03,61.49,2,0,0,0.4,0.91,0,4.0,consistently_engaged,0.825,False
STU_0118,5,5,0,0,0,12,158.6,2,0,4,90.9,89.2,5.87,38.51,2,0,1,1.4,,0,,consistently_engaged,0.88,False
STU_0118,6,5,0,0,0,22,156.0,3,0,2,84.0,88.3,-4.66,15.51,3,2,0,0.2,1.0,0,5.0,consistently_engaged,0.898,False
STU_0118,7,5,0,0,0,16,185.3,2,0,2,94.0,89.2,1.56,17.27,6,1,0,0.2,,0,,consistently_engaged,0.869,False
STU_0118,8,5,0,0,0,14,179.9,2,0,1,88.0,89.0,1.97,16.75,3,0,0,0.7,0.71,0,4.0,consistently_engaged,0.865,False
STU_0118,9,3,2,0,0,18,179.5,2,0,3,82.0,88.2,-6.0,24.01,2,1,0,0.3,,0,,consistently_engaged,0.812,False
STU_0118,10,4,1,2,1,15,120.6,1,0,2,92.8,88.7,2.41,19.59,2,1,1,0.0,0.14,0,4.0,consistently_engaged,0.878,False
STU_0118,11,5,0,0,0,17,144.8,1,0,2,80.7,88.0,-0.65,29.51,6,0,1,0.2,,0,,consistently_engaged,0.914,False
STU_0118,12,4,1,1,0,17,201.9,2,0,3,94.7,88.5,0.94,38.49,0,1,0,0.8,0.91,0,4.0,consistently_engaged,0.917,False
STU_0118,13,3,2,0,1,20,178.7,1,0,1,88.2,88.5,3.74,32.73,3,1,1,0.6,,0,,consistently_engaged,0.886,False
STU_0118,14,5,0,0,0,17,198.2,3,0,2,85.0,88.2,-4.86,16.39,2,0,0,0.4,0.53,0,5.0,consistently_engaged,0.943,False
STU_0118,15,5,0,0,0,21,179.6,1,0,0,96.9,88.8,4.38,25.6,0,1,0,0.0,,0,,consistently_engaged,0.98,False
STU_0118,16,5,0,0,0,13,185.4,2,0,3,99.7,89.5,7.37,40.92,3,0,1,0.1,0.82,0,4.0,consistently_engaged,0.98,False
STU_0119,1,5,0,0,0,16,183.8,2,0,0,84.7,84.7,0.0,0.0,2,1,1,0.7,,0,,consistently_engaged,0.786,False
STU_0119,2,5,0,1,0,20,186.4,2,0,2,70.7,77.7,-14.04,49.28,1,1,0,2.5,0.78,0,5.0,consistently_engaged,0.775,False
STU_0119,3,3,2,0,1,11,165.2,2,0,2,83.9,79.8,-0.39,41.51,0,1,0,1.1,,0,,consistently_engaged,0.803,False
STU_0119,4,5,0,0,0,16,150.2,3,0,3,85.2,81.1,7.29,43.32,1,1,0,0.7,-0.02,0,5.0,consistently_engaged,0.829,False
STU_0119,5,5,0,0,0,15,118.8,2,0,3,82.7,81.5,-0.6,1.05,3,1,0,4.0,,0,,consistently_engaged,0.852,False
STU_0119,6,3,2,0,1,16,161.5,3,0,0,90.5,83.0,2.62,10.43,3,1,0,0.3,0.31,0,4.0,consistently_engaged,0.856,False
STU_0119,7,5,0,0,0,14,159.8,2,1,4,87.1,83.5,2.16,10.06,1,2,0,1.2,,0,,consistently_engaged,0.851,False
STU_0119,8,4,1,1,1,14,208.4,2,1,1,82.2,83.4,-4.15,11.58,1,0,0,0.9,0.73,0,4.0,consistently_engaged,0.851,False
STU_0119,9,4,1,1,0,18,170.8,3,0,0,75.5,82.5,-5.78,22.49,5,1,1,2.1,,0,,consistently_engaged,0.808,False
STU_0119,10,5,0,0,0,21,228.8,3,0,1,86.2,82.9,2.03,19.67,2,0,0,0.4,1.0,1,5.0,consistently_engaged,0.868,False
STU_0119,11,4,1,0,0,16,184.0,3,0,3,100.0,84.4,12.26,100.65,1,1,1,4.7,,0,,consistently_engaged,0.91,False
STU_0119,12,4,1,0,1,16,222.3,2,0,7,88.1,84.7,0.95,37.05,3,1,0,3.1,1.0,0,4.0,consistently_engaged,0.95,False
STU_0119,13,5,0,0,0,21,158.3,2,0,2,88.5,85.0,-5.73,30.24,0,1,1,0.0,,0,,consistently_engaged,0.914,False
STU_0119,14,4,1,0,0,23,173.8,2,0,2,91.1,85.5,1.48,1.73,4,2,0,0.2,0.52,0,5.0,consistently_engaged,0.872,False
STU_0119,15,5,0,0,0,13,187.7,1,1,2,90.0,85.8,0.75,1.11,4,1,0,0.5,,0,,consistently_engaged,0.881,False
STU_0119,16,5,0,1,0,15,128.5,1,0,4,81.0,85.5,-5.07,20.68,4,1,0,1.4,1.0,0,5.0,consistently_engaged,0.837,False
STU_0120,1,5,0,0,0,17,155.6,2,0,3,87.4,87.4,0.0,0.0,2,0,1,0.0,,1,,consistently_engaged,0.863,False
STU_0120,2,5,0,0,0,21,246.8,2,0,2,99.7,93.6,12.37,38.26,2,0,0,0.9,0.57,0,2.0,consistently_engaged,0.945,False
STU_0120,3,5,0,0,0,16,203.6,1,0,2,99.2,95.4,5.91,32.54,4,1,1,0.2,,0,,consistently_engaged,0.917,False
STU_0120,4,5,0,0,0,22,159.7,2,0,3,84.6,92.7,-7.55,48.89,3,2,0,0.0,0.73,0,5.0,consistently_engaged,0.944,False
STU_0120,5,5,0,0,0,23,211.4,2,0,0,95.9,93.4,-1.67,38.7,6,2,1,0.9,,0,,consistently_engaged,0.98,False
STU_0120,6,5,0,0,0,16,144.5,2,0,2,87.6,92.4,1.46,22.55,3,0,0,0.6,1.0,0,5.0,consistently_engaged,0.971,False
STU_0120,7,4,1,0,0,22,186.6,2,0,3,95.7,92.9,-0.05,15.09,1,0,0,0.2,,0,,consistently_engaged,0.98,False
STU_0120,8,5,0,2,0,22,159.6,2,0,1,88.0,92.3,0.24,14.07,3,0,1,0.6,0.86,0,5.0,consistently_engaged,0.98,False
STU_0120,9,5,0,0,0,25,189.8,2,0,2,99.6,93.1,1.95,23.25,3,1,0,2.3,,0,,consistently_engaged,0.975,False
STU_0120,10,5,0,0,0,18,148.7,2,0,4,86.5,92.4,-0.76,34.34,3,1,1,0.2,0.56,0,4.0,consistently_engaged,0.98,False
STU_0120,11,5,0,0,0,18,158.1,2,0,0,90.7,92.3,-4.46,29.91,5,0,0,0.3,,0,,consistently_engaged,0.958,False
STU_0120,12,5,0,0,0,20,153.2,2,0,2,94.5,92.5,4.01,10.73,1,0,1,0.3,0.3,0,4.0,consistently_engaged,0.933,False
STU_0120,13,5,0,0,0,16,181.5,2,0,1,79.1,91.4,-5.82,43.18,4,0,0,3.2,,0,,consistently_engaged,0.932,False
STU_0120,14,5,0,0,0,16,149.1,2,0,1,97.0,91.8,1.23,62.85,3,0,1,0.0,0.42,0,5.0,consistently_engaged,0.869,False
STU_0120,15,4,1,1,0,20,149.9,1,1,1,84.7,91.4,2.81,55.95,1,1,1,0.0,,0,,consistently_engaged,0.801,False
STU_0120,16,4,1,0,0,21,185.2,2,0,3,81.5,90.7,-7.74,44.52,3,0,0,0.1,0.07,0,4.0,consistently_engaged,0.826,False
STU_0121,1,5,0,1,0,16,185.8,2,0,6,81.6,81.6,0.0,0.0,1,2,0,2.4,,0,,consistently_engaged,0.779,False
STU_0121,2,3,2,0,1,19,174.7,3,1,0,77.9,79.8,-3.65,3.33,1,0,1,0.2,0.02,0,4.0,consistently_engaged,0.818,False
STU_0121,3,5,0,0,0,18,195.1,1,0,0,81.7,80.4,0.07,3.08,2,0,1,1.6,,0,,consistently_engaged,0.858,False
STU_0121,4,5,0,0,0,17,175.4,2,0,4,85.5,81.7,3.78,9.52,3,1,1,0.2,0.45,0,3.0,consistently_engaged,0.857,False
STU_0121,5,4,1,0,0,15,190.3,2,0,1,84.6,82.3,1.42,2.57,3,1,0,1.1,,0,,consistently_engaged,0.862,False
STU_0121,6,5,0,0,0,13,212.9,1,0,1,91.6,83.8,3.06,9.77,4,1,0,1.0,-0.0,0,5.0,consistently_engaged,0.849,False
STU_0121,7,4,1,0,0,19,185.4,2,0,0,79.9,83.3,-2.33,23.17,6,0,0,0.3,,0,,consistently_engaged,0.806,False
STU_0121,8,5,0,0,0,17,169.0,2,0,3,80.9,83.0,-5.37,28.17,1,1,0,1.2,0.85,0,5.0,consistently_engaged,0.835,False
STU_0121,9,5,0,0,0,15,140.1,3,0,2,82.7,82.9,1.37,1.28,2,2,0,1.0,,0,,consistently_engaged,0.824,False
STU_0121,10,5,0,0,0,16,124.3,2,0,2,77.9,82.4,-1.49,3.86,2,1,0,5.6,0.12,0,4.0,consistently_engaged,0.763,False
STU_0121,11,3,2,0,0,18,150.1,2,2,2,76.9,81.9,-2.89,6.34,0,0,0,5.3,,0,,consistently_engaged,0.754,False
STU_0121,12,5,0,0,0,18,155.3,2,0,1,85.8,82.3,3.95,15.89,1,0,0,0.6,0.21,0,4.0,consistently_engaged,0.716,False
STU_0121,13,4,1,1,0,16,148.6,2,4,3,82.0,82.2,2.55,13.35,3,0,0,2.2,,0,,consistently_engaged,0.697,False
STU_0121,14,5,0,0,0,18,184.1,1,1,1,80.3,82.1,-2.77,5.35,0,0,0,3.1,0.98,0,3.0,consistently_engaged,0.726,False
STU_0121,15,3,2,0,0,13,168.1,2,0,4,78.9,81.9,-1.53,1.56,1,2,0,2.5,,0,,consistently_engaged,0.757,False
STU_0121,16,5,0,0,0,19,182.6,2,0,3,73.7,81.4,-3.27,7.98,2,1,0,0.2,0.92,0,4.0,consistently_engaged,0.78,False
STU_0122,1,5,0,0,0,20,126.1,1,1,0,85.7,85.7,0.0,0.0,1,2,1,1.3,,0,,consistently_engaged,0.796,False
STU_0122,2,4,1,0,1,17,150.0,2,0,1,95.0,90.3,9.33,21.76,2,1,0,1.3,0.58,0,4.0,consistently_engaged,0.843,False
STU_0122,3,5,0,0,0,18,171.4,1,0,3,96.1,92.3,5.25,22.05,2,1,0,2.5,,0,,consistently_engaged,0.862,False
STU_0122,4,4,1,0,0,16,216.4,2,0,4,76.3,88.3,-9.37,83.11,3,1,0,0.2,0.65,1,5.0,consistently_engaged,0.836,False
STU_0122,5,4,1,1,1,16,140.1,3,0,0,97.8,90.2,0.81,95.67,3,1,1,0.2,,0,,consistently_engaged,0.804,False
STU_0122,6,5,0,1,0,19,161.4,1,0,4,86.2,89.5,4.97,77.26,3,1,0,0.5,1.0,0,4.0,consistently_engaged,0.848,False
STU_0122,7,4,1,0,0,17,134.6,2,0,2,86.9,89.1,-5.43,28.05,2,0,0,0.3,,0,,consistently_engaged,0.818,False
STU_0122,8,4,1,0,1,20,150.8,3,0,5,85.9,88.7,-0.13,0.17,1,1,1,0.7,0.11,0,4.0,consistently_engaged,0.837,False
STU_0122,9,5,0,1,0,13,192.6,2,1,0,92.6,89.2,2.86,8.75,0,1,0,3.4,,0,,consistently_engaged,0.8,False
STU_0122,10,4,1,0,1,11,165.9,1,0,1,76.8,87.9,-4.58,42.24,1,1,0,2.5,0.92,0,4.0,consistently_engaged,0.768,False
STU_0122,11,4,1,0,0,17,132.8,2,0,1,78.6,87.1,-7.0,50.12,4,0,0,3.0,,0,,consistently_engaged,0.801,False
STU_0122,12,5,0,0,0,17,144.4,3,0,0,75.5,86.1,-0.64,1.65,2,1,1,0.9,0.58,0,4.0,consistently_engaged,0.814,False
STU_0122,13,5,0,0,0,14,105.8,3,0,1,81.5,85.8,1.45,6.07,2,0,1,0.1,,0,,consistently_engaged,0.799,False
STU_0122,14,3,2,0,1,17,178.8,2,0,5,95.8,86.5,10.17,72.74,1,0,1,0.3,0.11,0,4.0,consistently_engaged,0.85,False
STU_0122,15,5,0,1,0,16,153.6,2,2,2,96.0,87.1,7.24,46.01,3,1,0,0.0,,0,,consistently_engaged,0.836,False
STU_0122,16,5,0,2,0,17,165.9,2,0,1,77.6,86.5,-9.14,74.99,1,1,1,7.1,0.9,0,4.0,consistently_engaged,0.814,False
STU_0123,1,5,0,0,0,16,151.8,2,0,5,79.7,79.7,0.0,0.0,0,0,0,0.8,,0,,consistently_engaged,0.74,False
STU_0123,2,3,2,0,1,11,154.9,2,0,2,84.4,82.0,4.72,5.57,4,0,0,0.6,0.79,0,5.0,consistently_engaged,0.767,False
STU_0123,3,3,2,0,2,16,209.9,2,0,1,81.2,81.7,0.77,3.87,5,1,0,1.5,,0,,consistently_engaged,0.744,False
STU_0123,4,5,0,0,0,17,191.7,2,1,3,80.5,81.4,-1.92,2.8,2,0,0,3.0,0.45,0,4.0,consistently_engaged,0.767,False
STU_0123,5,4,1,0,0,18,108.0,3,1,3,84.3,82.0,1.58,2.75,2,1,1,0.6,,0,,consistently_engaged,0.793,False
STU_0123,6,5,0,0,0,13,124.0,2,1,4,90.2,83.4,4.83,15.77,1,1,0,1.5,1.0,0,3.0,consistently_engaged,0.795,False
STU_0123,7,5,0,0,0,19,151.8,2,1,2,88.8,84.2,2.21,6.21,2,0,0,0.7,,0,,consistently_engaged,0.813,False
STU_0123,8,5,0,1,0,15,165.9,2,0,0,77.2,83.3,-6.49,33.73,1,0,0,0.5,0.4,0,4.0,consistently_engaged,0.78,False
STU_0123,9,5,0,0,0,17,141.8,2,0,2,91.8,84.2,1.53,39.55,3,1,0,1.1,,0,,consistently_engaged,0.807,False
STU_0123,10,5,0,1,0,23,139.9,2,0,0,77.5,83.6,0.15,46.45,1,0,0,1.1,0.53,0,5.0,consistently_engaged,0.775,False
STU_0123,11,5,0,0,0,11,130.4,2,0,0,100.0,85.1,4.08,86.25,4,0,1,2.9,,0,,consistently_engaged,0.806,False
STU_0123,12,5,0,0,0,18,146.7,2,0,3,85.0,85.1,3.71,87.39,2,2,0,0.5,1.0,0,5.0,consistently_engaged,0.824,False
STU_0123,13,4,1,0,1,12,163.0,2,0,3,91.6,85.6,-4.19,37.91,0,0,1,3.6,,0,,consistently_engaged,0.869,False
STU_0123,14,5,0,0,0,12,124.2,1,0,4,96.2,86.3,5.63,21.36,1,1,0,2.4,0.07,0,4.0,consistently_engaged,0.87,False
STU_0123,15,4,1,0,1,19,150.6,2,0,4,93.5,86.8,0.93,3.55,3,0,1,1.5,,0,,consistently_engaged,0.879,False
STU_0123,16,5,0,1,0,25,187.6,2,0,1,85.8,86.7,-5.2,19.37,3,1,0,0.6,0.91,0,5.0,consistently_engaged,0.91,False
STU_0124,1,5,0,2,0,20,202.5,2,1,1,97.8,97.8,0.0,0.0,2,2,0,0.6,,0,,consistently_engaged,0.929,False
STU_0124,2,5,0,0,0,22,190.7,2,1,2,94.2,96.0,-3.59,3.21,2,1,0,0.5,0.4,0,5.0,consistently_engaged,0.896,False
STU_0124,3,4,1,0,0,21,209.8,1,0,0,93.7,95.2,-2.02,3.26,1,1,0,0.0,,0,,consistently_engaged,0.88,False
STU_0124,4,5,0,0,0,21,146.4,2,0,1,86.8,93.1,-3.71,11.52,2,1,0,3.9,0.48,0,5.0,consistently_engaged,0.867,False
STU_0124,5,3,2,0,1,14,131.7,2,0,4,90.8,92.7,-1.49,8.15,1,1,0,1.0,,0,,consistently_engaged,0.823,False
STU_0124,6,4,1,0,0,14,168.3,2,0,1,91.8,92.5,2.53,4.75,0,1,0,0.8,0.84,0,4.0,consistently_engaged,0.791,False
STU_0124,7,5,0,0,0,14,125.0,1,0,1,81.6,91.0,-4.57,20.95,4,1,0,0.8,,0,,consistently_engaged,0.859,False
STU_0124,8,5,0,1,0,20,162.3,1,0,0,88.7,90.7,-1.59,18.16,1,1,0,0.7,0.53,0,5.0,consistently_engaged,0.903,False
STU_0124,9,5,0,0,0,17,181.7,2,0,1,88.7,90.5,3.53,11.03,0,2,0,0.4,,0,,consistently_engaged,0.915,False
STU_0124,10,5,0,0,0,14,180.7,3,0,2,94.4,90.9,2.85,7.16,0,0,1,0.0,0.59,0,4.0,consistently_engaged,0.861,False
STU_0124,11,4,1,0,0,17,176.1,3,0,1,74.4,89.4,-7.13,70.25,2,0,1,1.8,,0,,consistently_engaged,0.817,False
STU_0124,12,5,0,0,0,20,115.3,3,0,1,72.9,88.0,-10.74,95.67,3,0,1,0.9,0.3,0,5.0,consistently_engaged,0.808,False
STU_0124,13,3,2,0,1,18,194.6,1,1,2,88.1,88.0,6.84,46.91,1,0,0,1.0,,0,,consistently_engaged,0.846,False
STU_0124,14,5,0,1,0,17,199.4,3,0,0,95.4,88.5,11.27,88.16,2,1,0,0.4,0.18,0,4.0,consistently_engaged,0.88,False
STU_0124,15,4,1,0,1,17,181.9,3,0,4,92.8,88.8,2.35,9.1,1,1,0,0.8,,0,,consistently_engaged,0.919,False
STU_0124,16,4,1,0,1,14,167.5,1,0,3,83.0,88.5,-6.19,28.44,1,0,0,1.8,0.97,0,5.0,consistently_engaged,0.907,False
STU_0125,1,5,0,0,0,13,115.8,3,1,1,75.8,75.8,0.0,0.0,4,0,0,0.5,,1,,consistently_engaged,0.853,False
STU_0125,2,5,0,0,0,17,207.2,2,0,1,95.4,85.6,19.54,95.5,0,1,0,0.1,0.51,0,4.0,consistently_engaged,0.857,False
STU_0125,3,4,1,1,0,16,150.4,2,1,0,85.7,85.6,4.93,63.67,1,0,1,3.8,,0,,consistently_engaged,0.885,False
STU_0125,4,4,1,0,1,20,164.6,2,0,3,80.4,84.3,-7.48,38.43,0,1,0,0.7,1.0,1,5.0,consistently_engaged,0.918,False
STU_0125,5,5,0,0,0,14,178.8,2,0,4,96.0,86.7,5.17,42.12,0,1,1,0.1,,0,,consistently_engaged,0.955,False
STU_0125,6,5,0,0,0,19,155.2,2,0,2,83.2,86.1,1.39,46.33,2,1,0,1.8,1.0,0,5.0,consistently_engaged,0.974,False
STU_0125,7,5,0,0,0,18,180.0,2,0,5,100.0,88.1,1.99,51.54,2,1,0,0.0,,0,,consistently_engaged,0.98,False
STU_0125,8,5,0,0,0,17,180.0,2,0,4,87.5,88.0,2.17,50.86,0,1,0,2.4,1.0,0,4.0,consistently_engaged,0.93,False
STU_0125,9,4,1,0,1,21,173.2,2,0,0,88.0,88.0,-5.98,33.23,1,1,0,0.2,,0,,consistently_engaged,0.873,False
STU_0125,10,5,0,0,0,17,154.6,2,0,2,87.6,88.0,0.04,0.06,2,1,1,0.6,0.94,0,4.0,consistently_engaged,0.914,False
STU_0125,11,4,1,0,1,22,152.8,2,0,0,85.6,87.8,-1.2,1.09,4,1,0,0.3,,0,,consistently_engaged,0.91,False
STU_0125,12,5,0,0,0,20,199.6,2,0,7,92.5,88.1,2.43,8.2,0,1,0,0.3,1.0,0,4.0,consistently_engaged,0.936,False
STU_0125,13,5,0,2,0,17,174.8,2,1,1,87.5,88.1,0.92,8.28,3,0,0,0.1,,0,,consistently_engaged,0.877,False
STU_0125,14,5,0,0,0,20,170.5,2,0,2,89.3,88.2,-1.57,4.22,2,0,0,3.7,1.0,0,4.0,consistently_engaged,0.899,False
STU_0125,15,5,0,0,0,18,161.4,2,0,1,76.2,87.4,-5.63,33.51,2,0,1,0.5,,0,,consistently_engaged,0.878,False
STU_0125,16,5,0,2,0,17,197.8,2,0,0,86.9,87.4,-1.19,32.44,2,1,0,2.3,1.0,0,5.0,consistently_engaged,0.887,False
STU_0126,1,5,0,1,0,16,144.0,3,0,2,85.9,85.9,0.0,0.0,1,0,0,0.2,,0,,consistently_engaged,0.823,False
STU_0126,2,5,0,1,0,12,171.2,2,1,1,89.4,87.6,3.52,3.1,2,1,0,0.0,0.65,0,5.0,consistently_engaged,0.81,False
STU_0126,3,5,0,0,0,13,156.4,3,0,1,78.5,84.6,-3.68,20.53,2,0,0,0.4,,0,,consistently_engaged,0.858,False
STU_0126,4,5,0,1,0,21,176.9,2,1,1,85.5,84.8,-1.92,20.28,0,0,1,0.5,0.74,0,4.0,consistently_engaged,0.866,False
STU_0126,5,4,1,0,0,16,168.1,2,0,2,80.7,84.0,1.09,8.64,4,1,0,1.9,,0,,consistently_engaged,0.846,False
STU_0126,6,4,1,1,0,25,137.1,2,0,0,93.3,85.5,3.88,26.95,1,1,0,1.6,-0.43,0,5.0,consistently_engaged,0.84,False
STU_0126,7,5,0,0,0,18,152.3,2,0,3,79.5,84.7,-0.59,38.91,0,0,0,1.1,,0,,consistently_engaged,0.839,False
STU_0126,8,4,1,0,1,17,142.6,2,1,4,80.6,84.2,-6.35,39.15,1,2,1,0.2,0.92,0,3.0,consistently_engaged,0.836,False
STU_0126,9,3,2,1,1,14,131.3,2,0,1,88.3,84.6,4.39,15.31,5,1,0,0.8,,0,,consistently_engaged,0.828,False
STU_0126,10,5,0,0,0,19,194.7,2,2,4,91.2,85.3,5.3,20.03,3,0,0,0.0,0.23,0,4.0,consistently_engaged,0.804,False
STU_0126,11,4,1,1,1,18,163.9,2,0,1,84.9,85.3,-1.71,6.7,4,0,0,1.6,,0,,consistently_engaged,0.798,False
STU_0126,12,5,0,0,0,15,187.9,2,0,2,75.2,84.4,-8.01,43.39,5,1,0,2.1,0.71,0,4.0,consistently_engaged,0.824,False
STU_0126,13,5,0,0,0,11,145.8,2,0,1,71.0,83.4,-6.96,33.92,1,1,0,0.4,,0,,consistently_engaged,0.795,False
STU_0126,14,5,0,1,0,13,157.0,2,1,2,83.8,83.4,4.32,28.71,0,1,1,0.1,0.37,0,5.0,consistently_engaged,0.792,False
STU_0126,15,5,0,0,0,17,177.4,2,0,4,81.9,83.3,5.46,32.07,3,2,0,0.9,,0,,consistently_engaged,0.789,False
STU_0126,16,5,0,2,0,18,120.8,1,0,1,64.4,82.1,-9.73,76.5,2,0,0,1.2,0.61,0,4.0,consistently_engaged,0.728,False
STU_0127,1,5,0,0,0,17,166.3,2,0,1,94.0,94.0,0.0,0.0,1,2,1,0.2,,0,,consistently_engaged,0.827,False
STU_0127,2,5,0,1,0,18,141.3,2,0,1,92.7,93.3,-1.35,0.46,2,1,1,0.7,0.31,0,4.0,consistently_engaged,0.846,False
STU_0127,3,3,2,0,1,18,212.5,1,0,2,86.0,90.9,-4.02,12.37,1,0,0,0.1,,0,,consistently_engaged,0.823,False
STU_0127,4,5,0,0,0,15,199.6,3,0,3,89.0,90.4,-1.82,7.48,3,1,0,5.5,1.0,0,5.0,consistently_engaged,0.792,False
STU_0127,5,4,1,0,0,13,154.9,2,0,0,100.0,92.3,7.01,36.26,3,1,0,0.5,,0,,consistently_engaged,0.819,False
STU_0127,6,5,0,0,0,25,147.0,2,1,1,95.1,92.8,3.02,20.11,4,0,0,1.2,1.0,0,5.0,consistently_engaged,0.84,False
STU_0127,7,5,0,0,0,15,147.3,1,0,1,89.5,92.3,-5.24,18.36,4,0,0,5.1,,0,,consistently_engaged,0.832,False
STU_0127,8,5,0,0,0,16,148.1,2,0,1,78.0,90.5,-8.51,50.23,1,0,1,0.7,0.36,0,4.0,consistently_engaged,0.826,False
STU_0127,9,5,0,0,0,19,174.3,2,0,1,89.8,90.5,0.14,29.94,0,1,0,2.8,,0,,consistently_engaged,0.797,False
STU_0127,10,5,0,0,0,18,160.0,2,0,3,86.3,90.0,4.12,24.26,0,1,0,1.1,0.3,0,5.0,consistently_engaged,0.736,False
STU_0127,11,3,2,2,1,22,205.6,2,1,0,77.3,88.9,-6.24,27.65,4,0,0,2.5,,0,,consistently_engaged,0.783,False
STU_0127,12,3,2,0,2,25,216.0,2,0,2,78.5,88.0,-3.88,15.82,3,1,1,3.8,1.0,0,4.0,consistently_engaged,0.806,False
STU_0127,13,4,1,0,0,15,127.7,2,0,4,78.0,87.3,0.36,0.26,5,1,0,0.6,,0,,consistently_engaged,0.84,False
STU_0127,14,4,1,1,1,20,138.6,2,0,1,73.7,86.3,-2.4,4.63,0,1,0,0.5,0.41,0,5.0,consistently_engaged,0.816,False
STU_0127,15,5,0,0,0,14,165.2,2,0,0,81.3,86.0,1.66,9.68,0,1,0,0.5,,0,,consistently_engaged,0.819,False
STU_0127,16,4,1,0,1,18,155.4,2,0,2,79.5,85.6,2.87,10.47,2,1,1,3.7,1.0,0,4.0,consistently_engaged,0.878,False
STU_0128,1,5,0,0,0,17,180.9,2,0,1,83.3,83.3,0.0,0.0,5,0,1,1.6,,0,,consistently_engaged,0.884,False
STU_0128,2,5,0,0,0,19,170.3,2,0,1,82.8,83.1,-0.57,0.08,1,0,0,0.3,0.39,0,4.0,consistently_engaged,0.907,False
STU_0128,3,4,1,0,0,19,200.4,2,0,1,94.5,86.9,5.56,28.94,3,1,0,3.7,,0,,consistently_engaged,0.909,False
STU_0128,4,5,0,0,0,20,173.7,2,0,0,85.7,86.6,1.46,24.66,3,1,1,0.0,0.94,0,3.0,consistently_engaged,0.886,False
STU_0128,5,5,0,0,0,23,158.3,2,0,0,95.6,88.4,0.57,19.59,2,1,0,0.7,,0,,consistently_engaged,0.87,False
STU_0128,6,5,0,0,0,10,171.3,2,0,4,88.4,88.4,1.33,17.53,2,0,0,0.8,0.72,0,4.0,consistently_engaged,0.908,False
STU_0128,7,5,0,0,0,16,188.4,2,0,2,92.5,89.0,-1.56,8.81,2,0,0,1.1,,0,,consistently_engaged,0.92,False
STU_0128,8,5,0,0,0,21,104.8,3,0,2,87.3,88.8,-0.53,4.99,5,1,0,1.6,1.0,0,4.0,consistently_engaged,0.934,False
STU_0128,9,5,0,0,0,20,123.9,1,0,2,88.1,88.7,-2.16,5.14,2,1,0,1.1,,0,,consistently_engaged,0.893,False
STU_0128,10,4,1,0,0,15,181.9,2,0,2,83.6,88.2,-1.84,3.85,2,2,1,1.4,1.0,1,5.0,consistently_engaged,0.898,False
STU_0128,11,4,1,0,0,14,179.3,2,0,1,83.3,87.7,-2.41,4.87,0,0,1,0.0,,0,,consistently_engaged,0.896,False
STU_0128,12,5,0,1,0,23,168.1,2,0,4,81.9,87.2,-0.87,0.57,3,1,1,0.9,0.74,0,4.0,consistently_engaged,0.905,False
STU_0128,13,5,0,0,0,16,153.0,2,0,2,94.8,87.8,5.76,33.64,2,0,0,1.2,,0,,consistently_engaged,0.854,False
STU_0128,14,4,1,1,0,16,148.2,2,0,0,87.2,87.8,2.68,28.26,1,1,0,0.2,0.52,0,4.0,consistently_engaged,0.866,False
STU_0128,15,4,1,0,0,17,183.1,1,0,2,79.7,87.3,-7.57,38.25,3,0,1,0.5,,0,,consistently_engaged,0.897,False
STU_0128,16,5,0,0,0,22,201.5,2,0,1,100.0,88.0,6.38,70.2,1,1,0,0.2,0.76,0,5.0,consistently_engaged,0.931,False
STU_0129,1,5,0,1,0,19,168.5,2,0,4,83.4,83.4,0.0,0.0,0,0,1,1.4,,1,,consistently_engaged,0.814,False
STU_0129,2,5,0,0,0,15,147.4,2,0,4,77.0,80.2,-6.46,10.43,0,1,0,0.6,0.96,0,4.0,consistently_engaged,0.799,False
STU_0129,3,5,0,0,0,16,153.9,2,0,3,82.3,80.9,-0.55,7.97,1,1,1,2.0,,0,,consistently_engaged,0.783,False
STU_0129,4,4,1,0,0,16,153.5,2,0,3,80.3,80.8,1.64,4.88,1,2,1,3.6,0.33,0,3.0,consistently_engaged,0.755,False
STU_0129,5,4,1,0,1,16,161.2,2,0,3,82.0,81.0,-0.2,0.83,4,0,1,0.9,,0,,consistently_engaged,0.74,False
STU_0129,6,5,0,0,0,20,154.9,2,1,1,67.6,78.8,-6.34,41.16,2,1,0,1.3,0.19,0,4.0,consistently_engaged,0.705,False
STU_0129,7,5,0,1,0,7,111.2,1,0,2,81.5,79.1,-0.25,44.41,7,1,0,4.8,,0,,consistently_engaged,0.721,False
STU_0129,8,5,0,1,0,14,129.7,1,0,3,76.3,78.8,4.37,32.83,2,0,1,0.1,0.83,0,3.0,consistently_engaged,0.74,False
STU_0129,9,5,0,0,0,18,134.5,2,1,0,72.5,78.1,-4.46,13.37,3,0,0,0.9,,0,,consistently_engaged,0.747,False
STU_0129,10,5,0,0,0,10,141.3,2,0,1,76.1,77.9,-0.09,3.03,2,1,0,0.2,1.0,0,4.0,consistently_engaged,0.764,False
STU_0129,11,3,2,0,1,11,127.7,2,0,2,85.1,78.6,6.27,27.81,3,1,0,5.3,,0,,consistently_engaged,0.758,False
STU_0129,12,5,0,0,0,16,197.2,2,3,3,82.8,78.9,3.32,14.39,2,1,0,1.7,0.56,0,3.0,consistently_engaged,0.781,False
STU_0129,13,5,0,1,0,18,183.1,3,0,1,83.4,79.3,-0.82,0.94,1,0,0,0.3,,0,,consistently_engaged,0.762,False
STU_0129,14,4,1,0,0,17,114.5,3,0,2,75.0,78.9,-3.87,14.54,2,2,0,4.9,0.82,0,4.0,consistently_engaged,0.674,False
STU_0129,15,2,3,0,1,15,135.6,2,0,1,76.1,78.8,-3.68,13.96,1,1,0,0.3,,0,,consistently_engaged,0.654,False
STU_0129,16,4,1,0,1,12,195.6,2,0,2,88.3,79.4,6.63,36.28,3,0,1,7.7,0.78,0,2.0,consistently_engaged,0.719,False
STU_0130,1,5,0,0,0,13,184.0,2,1,1,76.8,76.8,0.0,0.0,1,0,1,0.2,,0,,consistently_engaged,0.8,False
STU_0130,2,4,1,0,1,16,220.0,3,0,2,91.2,84.0,14.42,52.0,5,1,0,0.4,1.0,0,5.0,consistently_engaged,0.813,False
STU_0130,3,5,0,0,0,17,177.1,3,0,0,80.8,82.9,2.05,36.83,1,0,0,0.9,,0,,consistently_engaged,0.813,False
STU_0130,4,4,1,1,0,18,143.8,2,0,2,76.0,81.2,-7.61,40.26,2,1,1,3.0,0.65,0,3.0,consistently_engaged,0.756,False
STU_0130,5,5,0,0,0,13,174.2,3,1,3,76.3,80.2,-2.25,4.94,4,0,0,0.7,,0,,consistently_engaged,0.743,False
STU_0130,6,3,2,0,0,15,153.2,2,0,1,71.4,78.7,-2.3,5.11,3,1,0,1.5,0.75,0,3.0,consistently_engaged,0.762,False
STU_0130,7,5,0,0,0,18,161.4,2,1,2,86.2,79.8,4.95,38.24,1,0,0,0.3,,0,,consistently_engaged,0.804,False
STU_0130,8,5,0,0,0,16,167.6,2,0,0,85.6,80.5,7.11,47.12,3,0,0,1.9,0.55,0,3.0,consistently_engaged,0.814,False
STU_0130,9,5,0,1,0,19,161.1,2,0,2,91.7,81.8,2.71,7.42,3,1,1,0.1,,0,,consistently_engaged,0.868,False
STU_0130,10,5,0,0,0,10,160.3,1,0,7,76.6,81.3,-4.47,38.01,1,1,0,0.7,0.77,0,5.0,consistently_engaged,0.825,False
STU_0130,11,3,2,1,0,13,115.2,2,0,2,84.8,81.6,-3.41,37.66,1,0,0,1.2,,0,,consistently_engaged,0.854,False
STU_0130,12,5,0,1,0,19,199.5,2,0,1,80.7,81.5,2.05,11.19,0,2,0,0.2,1.0,0,5.0,consistently_engaged,0.851,False
STU_0130,13,5,0,0,0,17,184.9,2,1,5,85.3,81.8,0.23,4.21,2,0,1,0.1,,0,,consistently_engaged,0.879,False
STU_0130,14,5,0,0,0,25,113.3,2,0,2,86.7,82.2,2.96,6.42,1,1,1,4.8,0.53,1,4.0,consistently_engaged,0.898,False
STU_0130,15,5,0,0,0,15,169.3,2,0,1,90.8,82.7,2.72,5.36,4,1,0,1.3,,0,,consistently_engaged,0.897,False
STU_0130,16,5,0,0,0,21,136.0,3,0,1,88.6,83.1,0.97,2.78,3,0,0,0.8,0.97,0,5.0,consistently_engaged,0.91,False
STU_0131,1,5,0,0,0,13,168.4,2,0,9,88.8,88.8,0.0,0.0,1,1,0,1.6,,0,,consistently_engaged,0.849,False
STU_0131,2,5,0,1,0,20,151.8,2,0,3,85.6,87.2,-3.12,2.44,1,2,0,0.7,1.0,0,4.0,consistently_engaged,0.855,False
STU_0131,3,5,0,0,0,14,173.5,2,0,0,90.7,88.4,0.96,4.31,6,0,0,2.6,,0,,consistently_engaged,0.875,False
STU_0131,4,5,0,0,0,21,199.3,3,0,1,85.6,87.7,-0.04,5.73,2,1,0,0.7,0.46,0,3.0,consistently_engaged,0.877,False
STU_0131,5,5,0,0,0,19,138.4,2,0,3,96.4,89.4,2.85,19.51,1,1,1,0.1,,0,,consistently_engaged,0.894,False
STU_0131,6,5,0,0,0,15,207.3,1,0,1,81.6,88.1,-1.98,39.0,2,0,0,0.8,0.94,0,4.0,consistently_engaged,0.931,False
STU_0131,7,5,0,2,0,21,191.1,1,0,1,96.9,89.4,0.27,50.34,1,0,0,2.3,,0,,consistently_engaged,0.97,False
STU_0131,8,4,1,0,1,16,158.4,2,0,1,95.1,90.1,6.77,46.75,1,0,0,0.3,0.6,0,5.0,consistently_engaged,0.948,False
STU_0131,9,5,0,0,0,16,176.7,3,0,2,91.1,90.2,-2.89,5.85,0,0,1,0.2,,0,,consistently_engaged,0.89,False
STU_0131,10,5,0,1,0,12,175.6,2,0,1,85.7,89.8,-4.74,15.11,2,2,0,2.5,0.66,0,5.0,consistently_engaged,0.859,False
STU_0131,11,4,1,1,1,15,166.6,2,0,3,90.1,89.8,-0.53,5.63,0,1,1,2.8,,0,,consistently_engaged,0.882,False
STU_0131,12,4,1,0,0,20,158.2,2,0,4,93.5,90.1,3.92,10.3,2,1,1,0.3,0.3,0,5.0,consistently_engaged,0.902,False
STU_0131,13,5,0,0,0,15,164.3,1,0,0,93.5,90.4,1.69,2.57,1,1,0,0.6,,0,,consistently_engaged,0.879,False
STU_0131,14,5,0,0,0,20,174.8,2,0,0,86.1,90.1,-3.68,11.97,5,0,0,0.7,0.71,0,4.0,consistently_engaged,0.895,False
STU_0131,15,5,0,0,0,18,160.8,2,0,2,89.1,90.0,-2.18,9.05,0,2,0,2.2,,1,,consistently_engaged,0.894,False
STU_0131,16,4,1,0,1,17,223.3,2,0,6,82.0,89.5,-2.08,8.57,1,1,0,0.3,0.51,0,5.0,consistently_engaged,0.918,False
STU_0132,1,5,0,0,0,20,153.1,2,0,3,84.5,84.5,0.0,0.0,2,1,0,1.2,,0,,consistently_engaged,0.886,False
STU_0132,2,5,0,0,0,19,172.0,3,0,2,100.0,92.3,15.49,59.96,4,1,1,1.2,1.0,0,5.0,consistently_engaged,0.878,False
STU_0132,3,4,1,0,0,18,184.7,3,0,3,78.9,87.8,-2.81,79.7,3,1,1,0.8,,0,,consistently_engaged,0.837,False
STU_0132,4,4,1,0,1,12,149.0,1,0,2,87.1,87.6,-6.43,75.47,3,1,0,0.2,0.72,0,4.0,consistently_engaged,0.793,False
STU_0132,5,4,1,0,1,23,173.6,3,0,1,73.1,84.7,-2.89,33.2,5,2,0,0.8,,0,,consistently_engaged,0.771,False
STU_0132,6,4,1,0,0,14,211.2,2,0,1,82.1,84.3,-2.51,33.75,0,0,0,1.4,0.52,0,5.0,consistently_engaged,0.765,False
STU_0132,7,5,0,0,0,17,143.2,1,0,0,84.2,84.3,5.57,23.29,3,1,1,2.1,,0,,consistently_engaged,0.836,False
STU_0132,8,5,0,1,0,15,193.2,2,0,1,88.5,84.8,3.18,6.97,4,1,0,1.7,1.0,0,4.0,consistently_engaged,0.83,False
STU_0132,9,5,0,0,0,18,170.8,2,0,5,80.1,84.3,-2.05,11.6,1,0,0,3.3,,0,,consistently_engaged,0.794,False
STU_0132,10,5,0,0,0,18,156.1,3,2,5,74.4,83.3,-7.01,33.14,0,1,0,0.6,0.44,0,4.0,consistently_engaged,0.769,False
STU_0132,11,4,1,1,1,14,182.0,2,0,3,79.7,83.0,-0.22,6.65,1,1,1,1.8,,0,,consistently_engaged,0.74,False
STU_0132,12,4,1,1,1,20,142.1,2,1,2,72.8,82.1,-0.84,8.71,2,0,0,0.4,1.0,0,4.0,consistently_engaged,0.712,False
STU_0132,13,4,1,0,0,15,123.1,1,0,2,85.0,82.3,2.64,24.97,3,0,0,1.9,,0,,consistently_engaged,0.708,False
STU_0132,14,5,0,0,0,15,151.1,2,1,3,70.7,81.5,-1.02,39.57,0,1,0,0.2,0.09,0,3.0,consistently_engaged,0.739,False
STU_0132,15,4,1,1,1,15,127.1,2,0,0,77.6,81.2,-3.7,33.85,3,0,0,0.6,,0,,consistently_engaged,0.728,False
STU_0132,16,5,0,1,0,15,112.2,1,1,2,74.6,80.8,1.94,7.87,0,0,0,3.3,0.11,0,4.0,consistently_engaged,0.713,False
STU_0133,1,4,1,1,0,22,196.9,2,0,2,86.3,86.3,0.0,0.0,2,1,0,0.9,,0,,consistently_engaged,0.849,False
STU_0133,2,5,0,0,0,20,163.8,2,0,4,79.0,82.7,-7.33,13.43,0,1,0,0.6,1.0,0,3.0,consistently_engaged,0.831,False
STU_0133,3,5,0,0,0,18,148.3,2,0,3,88.6,84.7,1.14,16.82,1,0,0,1.2,,0,,consistently_engaged,0.823,False
STU_0133,4,4,1,0,1,16,165.2,2,0,1,76.7,82.7,-1.15,26.62,1,1,0,1.7,0.42,1,3.0,consistently_engaged,0.768,False
STU_0133,5,5,0,0,0,17,192.4,2,0,1,72.8,80.7,-7.89,45.09,1,0,0,0.1,,0,,consistently_engaged,0.738,False
STU_0133,6,5,0,0,0,15,189.4,2,0,1,82.7,81.0,3.0,16.51,0,0,0,3.1,0.18,0,3.0,consistently_engaged,0.762,False
STU_0133,7,5,0,0,0,15,230.5,2,1,1,80.4,80.9,3.77,17.75,2,0,0,0.1,,0,,consistently_engaged,0.826,False
STU_0133,8,5,0,1,0,17,189.3,2,0,0,73.9,80.1,-4.39,13.78,0,2,1,0.5,0.78,0,4.0,consistently_engaged,0.823,False
STU_0133,9,3,2,0,1,19,169.9,2,0,3,89.1,81.1,4.38,38.74,3,1,1,0.2,,1,,consistently_engaged,0.802,False
STU_0133,10,5,0,0,0,19,117.3,2,0,1,80.3,81.0,3.2,38.76,2,1,1,0.5,0.87,1,3.0,consistently_engaged,0.807,False
STU_0133,11,4,1,0,0,20,151.0,2,1,3,89.1,81.7,-0.03,17.08,3,2,1,0.6,,0,,consistently_engaged,0.882,False
STU_0133,12,4,1,0,0,14,179.0,2,0,3,88.0,82.3,3.85,15.2,0,1,0,0.6,0.74,0,4.0,consistently_engaged,0.899,False
STU_0133,13,4,1,0,1,20,180.8,2,0,1,80.7,82.1,-4.19,13.92,1,0,0,0.9,,0,,consistently_engaged,0.928,False
STU_0133,14,4,1,0,1,21,164.8,2,0,1,89.7,82.7,0.81,15.23,3,1,0,0.5,0.74,0,5.0,consistently_engaged,0.935,False
STU_0133,15,5,0,0,0,15,204.4,2,0,4,86.4,82.9,2.87,13.76,3,0,0,0.8,,0,,consistently_engaged,0.98,False
STU_0133,16,5,0,0,0,17,175.5,2,0,3,90.0,83.4,0.16,2.56,3,1,0,0.2,0.98,0,5.0,consistently_engaged,0.971,False
STU_0134,1,4,1,0,1,17,227.9,2,0,2,78.6,78.6,0.0,0.0,1,1,1,0.6,,0,,consistently_engaged,0.841,False
STU_0134,2,5,0,0,0,13,208.9,1,0,3,81.4,80.0,2.8,1.96,4,1,1,3.1,0.79,0,5.0,consistently_engaged,0.839,False
STU_0134,3,5,0,0,0,19,167.9,2,0,0,100.0,86.7,10.68,89.8,4,2,0,1.3,,0,,consistently_engaged,0.844,False
STU_0134,4,5,0,0,0,20,148.5,2,1,2,80.1,85.0,-0.7,82.68,2,1,1,0.2,0.32,0,4.0,consistently_engaged,0.847,False
STU_0134,5,5,0,0,0,13,186.9,1,1,2,92.1,86.5,-3.93,67.31,1,1,0,2.5,,0,,consistently_engaged,0.848,False
STU_0134,6,5,0,0,0,18,204.6,3,0,4,92.0,87.4,5.96,32.06,2,1,0,0.3,1.0,0,5.0,consistently_engaged,0.898,False
STU_0134,7,5,0,0,0,19,188.3,2,0,5,87.8,87.4,-2.18,4.08,3,2,0,0.7,,0,,consistently_engaged,0.931,False
STU_0134,8,5,0,0,0,24,183.4,2,0,3,83.0,86.9,-4.48,13.39,4,1,0,0.5,0.63,0,4.0,consistently_engaged,0.873,False
STU_0134,9,4,1,1,0,17,168.1,2,0,5,76.3,85.7,-5.72,22.02,5,0,1,1.6,,0,,consistently_engaged,0.871,False
STU_0134,10,5,0,0,0,17,137.8,2,0,0,77.6,84.9,-2.71,8.39,6,0,0,2.5,0.58,0,4.0,consistently_engaged,0.863,False
STU_0134,11,4,1,1,0,17,134.3,1,0,2,90.2,85.4,6.91,38.87,3,1,0,0.8,,0,,consistently_engaged,0.88,False
STU_0134,12,5,0,1,0,21,151.8,2,0,2,100.0,86.6,11.19,83.93,4,1,0,1.0,0.6,0,5.0,consistently_engaged,0.868,False
STU_0134,13,5,0,0,0,18,196.0,2,0,1,99.0,87.6,4.44,19.63,1,1,1,1.9,,0,,consistently_engaged,0.911,False
STU_0134,14,4,1,0,0,14,168.3,2,0,4,89.3,87.7,-5.37,23.57,2,1,0,1.9,1.0,0,4.0,consistently_engaged,0.906,False
STU_0134,15,4,1,0,1,21,210.4,2,0,4,79.8,87.2,-9.6,61.39,0,0,1,2.9,,0,,consistently_engaged,0.923,False
STU_0134,16,5,0,0,0,15,179.6,2,0,1,85.9,87.1,-1.69,15.13,1,2,0,0.5,0.67,0,5.0,consistently_engaged,0.898,False
STU_0135,1,4,1,0,1,17,190.3,2,0,1,94.0,94.0,0.0,0.0,0,0,0,2.1,,0,,consistently_engaged,0.925,False
STU_0135,2,3,2,0,2,18,152.5,3,0,2,92.3,93.2,-1.64,0.67,7,0,0,0.3,1.0,0,4.0,consistently_engaged,0.935,False
STU_0135,3,5,0,0,0,16,207.1,2,0,0,89.3,91.9,-2.32,3.68,5,2,1,0.3,,0,,consistently_engaged,0.92,False
STU_0135,4,4,1,0,0,17,164.0,1,0,2,80.9,89.1,-5.74,23.62,1,1,0,0.3,1.0,0,5.0,consistently_engaged,0.906,False
STU_0135,5,5,0,0,0,21,170.7,2,0,0,99.8,91.3,5.2,59.68,1,2,0,2.0,,0,,consistently_engaged,0.952,False
STU_0135,6,5,0,0,0,19,169.1,2,0,2,90.5,91.1,4.81,59.48,2,1,0,1.1,0.76,0,5.0,consistently_engaged,0.927,False
STU_0135,7,5,0,0,0,21,187.6,2,0,0,95.9,91.8,-1.95,14.46,3,0,0,0.7,,0,,consistently_engaged,0.94,False
STU_0135,8,5,0,0,0,21,187.0,2,0,3,87.2,91.2,-1.62,12.61,1,1,1,0.3,0.84,0,5.0,consistently_engaged,0.95,False
STU_0135,9,5,0,0,0,17,162.2,2,1,4,94.8,91.6,-0.53,14.7,1,1,0,1.0,,0,,consistently_engaged,0.956,False
STU_0135,10,5,0,0,0,19,173.7,2,0,5,90.2,91.5,1.46,9.68,3,1,0,0.4,1.0,0,5.0,consistently_engaged,0.948,False
STU_0135,11,4,1,0,0,18,214.8,2,0,4,93.0,91.6,-0.89,3.65,0,0,0,0.4,,0,,consistently_engaged,0.921,False
STU_0135,12,5,0,0,0,16,146.4,2,0,3,90.7,91.5,0.3,1.51,3,0,0,0.5,0.43,0,5.0,consistently_engaged,0.929,False
STU_0135,13,5,0,0,0,18,195.3,3,0,3,82.9,90.9,-5.05,18.76,3,1,0,0.4,,0,,consistently_engaged,0.973,False
STU_0135,14,5,0,0,0,20,200.9,2,1,2,90.2,90.8,-0.26,12.83,3,2,1,1.3,0.71,0,5.0,consistently_engaged,0.98,False
STU_0135,15,5,0,0,0,19,177.9,2,0,1,79.3,90.1,-1.82,20.82,0,0,1,0.1,,0,,consistently_engaged,0.944,False
STU_0135,16,5,0,0,0,19,157.1,2,0,3,90.7,90.1,0.22,27.86,2,0,0,0.1,0.1,0,5.0,consistently_engaged,0.945,False
STU_0136,1,5,0,0,0,19,189.3,2,0,2,92.7,92.7,0.0,0.0,2,1,0,0.5,,0,,consistently_engaged,0.895,False
STU_0136,2,5,0,0,0,20,175.3,1,0,1,86.6,89.7,-6.03,9.08,7,1,1,0.5,0.5,0,5.0,consistently_engaged,0.926,False
STU_0136,3,5,0,0,0,22,178.4,2,0,2,83.8,87.7,-4.43,13.66,1,0,0,0.0,,0,,consistently_engaged,0.921,False
STU_0136,4,5,0,0,0,19,184.1,2,0,2,90.9,88.5,2.11,8.41,3,0,1,0.1,0.74,0,5.0,consistently_engaged,0.882,False
STU_0136,5,5,0,0,0,17,160.0,2,0,1,89.9,88.8,3.03,9.72,2,1,0,1.9,,0,,consistently_engaged,0.893,False
STU_0136,6,4,1,0,1,18,150.3,2,1,2,84.5,88.0,-3.2,7.89,4,1,0,0.0,1.0,0,5.0,consistently_engaged,0.86,False
STU_0136,7,4,1,0,1,14,181.8,2,0,1,89.4,88.2,-0.24,5.94,4,1,1,0.1,,0,,consistently_engaged,0.827,False
STU_0136,8,5,0,0,0,17,130.7,2,0,3,80.7,87.3,-1.86,12.52,1,1,0,2.5,1.0,0,5.0,consistently_engaged,0.817,False
STU_0136,9,5,0,0,0,22,169.4,2,0,3,86.9,87.3,-1.23,13.2,1,0,1,0.0,,0,,consistently_engaged,0.815,False
STU_0136,10,5,0,1,0,12,153.9,3,0,1,90.9,87.6,5.09,17.53,2,1,1,0.5,0.84,0,4.0,consistently_engaged,0.824,False
STU_0136,11,5,0,0,0,16,201.3,2,0,4,82.6,87.2,-2.15,11.52,3,0,0,0.3,,0,,consistently_engaged,0.802,False
STU_0136,12,5,0,1,0,17,136.3,3,1,3,82.4,86.8,-4.25,15.69,3,1,0,6.0,0.44,0,4.0,consistently_engaged,0.803,False
STU_0136,13,4,1,1,1,15,132.2,2,0,5,90.9,87.1,4.13,15.54,4,0,0,3.5,,0,,consistently_engaged,0.771,False
STU_0136,14,4,1,0,0,16,142.4,2,0,0,78.7,86.5,-1.85,25.88,2,0,0,0.3,0.38,0,3.0,consistently_engaged,0.764,False
STU_0136,15,5,0,0,0,20,146.4,2,1,1,84.7,86.4,-3.11,24.63,1,0,0,0.4,,0,,consistently_engaged,0.801,False
STU_0136,16,4,1,0,0,19,151.6,2,0,3,85.8,86.3,3.53,9.58,2,0,0,1.1,0.88,0,4.0,consistently_engaged,0.815,False
STU_0137,1,4,1,0,0,17,181.5,2,0,1,76.5,76.5,0.0,0.0,4,1,1,0.9,,1,,consistently_engaged,0.83,False
STU_0137,2,4,1,0,1,17,126.9,2,1,2,81.0,78.7,4.49,5.04,0,2,0,1.4,0.84,0,3.0,consistently_engaged,0.799,False
STU_0137,3,5,0,0,0,17,175.1,2,0,1,78.8,78.8,1.18,3.37,1,1,0,3.0,,0,,consistently_engaged,0.809,False
STU_0137,4,5,0,0,0,11,165.7,2,0,2,79.2,78.9,-0.86,0.86,1,0,0,0.5,0.7,0,3.0,consistently_engaged,0.807,False
STU_0137,5,4,1,0,0,16,147.1,1,1,2,94.0,81.9,7.61,50.1,2,1,0,5.6,,0,,consistently_engaged,0.812,False
STU_0137,6,5,0,1,0,15,204.1,3,1,3,84.7,82.4,2.72,37.39,1,0,0,1.2,0.76,0,5.0,consistently_engaged,0.841,False
STU_0137,7,4,1,0,0,22,163.3,1,0,3,82.4,82.4,-5.79,25.22,3,1,0,6.4,,1,,consistently_engaged,0.835,False
STU_0137,8,5,0,0,0,18,180.1,3,0,2,82.7,82.4,-1.01,1.0,2,2,0,1.8,0.81,0,5.0,consistently_engaged,0.82,False
STU_0137,9,5,0,0,0,18,134.7,2,0,1,86.0,82.8,1.79,2.7,1,1,1,2.6,,0,,consistently_engaged,0.766,False
STU_0137,10,4,1,1,0,15,160.1,3,0,2,71.6,81.7,-5.53,37.98,2,0,0,3.0,0.62,0,4.0,consistently_engaged,0.776,False
STU_0137,11,4,1,0,0,14,137.5,2,0,1,85.6,82.0,-0.23,44.84,2,0,0,1.3,,0,,consistently_engaged,0.81,False
STU_0137,12,4,1,0,0,15,162.8,1,0,1,87.2,82.5,7.78,48.84,1,1,0,0.2,0.87,0,3.0,consistently_engaged,0.831,False
STU_0137,13,5,0,2,0,15,182.7,1,0,2,78.4,82.2,-3.57,14.41,3,1,0,2.5,,0,,consistently_engaged,0.813,False
STU_0137,14,5,0,0,0,16,145.1,3,0,3,75.4,81.7,-5.87,24.77,5,2,0,3.0,1.0,0,4.0,consistently_engaged,0.821,False
STU_0137,15,5,0,0,0,13,182.8,3,0,5,87.3,82.1,4.44,25.51,1,0,0,0.0,,0,,consistently_engaged,0.781,False
STU_0137,16,5,0,1,0,20,168.0,2,0,1,72.1,81.4,-1.65,42.6,3,2,0,3.1,0.72,0,5.0,consistently_engaged,0.798,False
STU_0138,1,5,0,0,0,18,133.4,2,0,5,93.0,93.0,0.0,0.0,1,1,1,1.6,,0,,consistently_engaged,0.907,False
STU_0138,2,4,1,0,1,19,174.4,2,0,3,91.1,92.0,-1.92,0.92,2,1,0,1.0,0.58,0,5.0,consistently_engaged,0.903,False
STU_0138,3,5,0,0,0,20,186.6,2,0,0,87.1,90.4,-2.92,5.89,3,0,0,2.7,,0,,consistently_engaged,0.918,False
STU_0138,4,4,1,0,0,22,185.8,3,0,0,100.0,92.8,4.47,28.97,4,0,0,8.0,1.0,0,5.0,consistently_engaged,0.939,False
STU_0138,5,5,0,0,0,16,211.9,1,0,2,87.8,91.8,0.31,35.07,2,2,0,2.3,,0,,consistently_engaged,0.956,False
STU_0138,6,5,0,0,0,20,170.1,2,0,4,97.9,92.8,-1.04,28.62,3,2,0,6.4,1.0,0,5.0,consistently_engaged,0.978,False
STU_0138,7,5,0,0,0,19,199.7,2,0,3,95.0,93.1,3.6,18.24,2,1,0,0.4,,0,,consistently_engaged,0.98,False
STU_0138,8,5,0,0,0,22,181.9,2,0,1,91.7,92.9,-3.1,6.41,1,0,1,2.2,0.75,0,5.0,consistently_engaged,0.944,False
STU_0138,9,5,0,0,0,13,167.7,2,0,0,95.8,93.3,0.42,3.09,2,1,1,0.3,,0,,consistently_engaged,0.918,False
STU_0138,10,4,1,0,0,20,191.3,2,0,0,96.4,93.6,2.36,4.36,4,0,0,0.4,0.63,0,4.0,consistently_engaged,0.87,False
STU_0138,11,4,1,0,0,18,154.8,2,0,3,84.8,92.8,-5.49,28.48,3,0,0,0.9,,0,,consistently_engaged,0.877,False
STU_0138,12,5,0,0,0,18,185.4,2,0,3,77.1,91.5,-9.69,63.41,3,1,0,0.5,0.46,0,4.0,consistently_engaged,0.849,False
STU_0138,13,4,1,0,1,17,181.4,1,0,4,86.6,91.1,0.89,17.1,2,2,0,0.2,,0,,consistently_engaged,0.834,False
STU_0138,14,5,0,1,0,19,192.2,2,0,1,97.4,91.5,10.18,69.25,1,0,0,0.3,0.51,0,4.0,consistently_engaged,0.859,False
STU_0138,15,3,2,0,0,15,157.9,1,1,3,69.1,90.1,-8.75,136.31,1,1,0,0.3,,0,,consistently_engaged,0.792,False
STU_0138,16,5,0,0,0,15,178.6,3,0,1,69.9,88.8,-13.78,173.64,3,2,0,1.3,1.0,0,5.0,consistently_engaged,0.772,False
STU_0139,1,5,0,0,0,17,172.9,3,0,1,74.8,74.8,0.0,0.0,0,1,1,0.0,,0,,consistently_engaged,0.873,False
STU_0139,2,4,1,1,0,15,121.9,2,0,1,84.3,79.5,9.5,22.58,1,0,1,0.6,0.29,0,5.0,consistently_engaged,0.887,False
STU_0139,3,5,0,0,0,23,152.1,1,1,2,85.6,81.6,5.42,23.29,2,0,0,0.3,,0,,consistently_engaged,0.876,False
STU_0139,4,5,0,0,0,18,149.7,2,1,1,79.3,81.0,-2.49,7.39,5,1,0,0.9,1.0,0,5.0,consistently_engaged,0.861,False
STU_0139,5,5,0,0,0,22,166.5,2,0,2,81.8,81.2,-1.91,6.75,2,1,1,1.2,,0,,consistently_engaged,0.866,False
STU_0139,6,5,0,0,0,15,141.1,2,0,2,84.8,81.8,2.77,5.13,4,0,0,3.3,0.68,0,4.0,consistently_engaged,0.884,False
STU_0139,7,5,0,0,0,22,142.9,2,0,0,85.5,82.3,1.86,2.62,2,1,0,0.2,,0,,consistently_engaged,0.88,False
STU_0139,8,5,0,0,0,22,146.0,2,0,2,82.9,82.4,-0.97,1.25,3,0,0,4.2,1.0,0,4.0,consistently_engaged,0.888,False
STU_0139,9,5,0,0,0,18,148.7,2,0,2,79.0,82.0,-3.24,7.07,2,1,0,0.2,,0,,consistently_engaged,0.868,False
STU_0139,10,3,2,0,0,16,126.7,2,1,2,83.8,82.2,0.46,4.25,0,1,0,1.4,0.56,0,4.0,consistently_engaged,0.848,False
STU_0139,11,5,0,1,0,20,160.6,2,0,2,87.8,82.7,4.37,12.74,3,0,0,1.6,,0,,consistently_engaged,0.871,False
STU_0139,12,5,0,0,0,22,161.3,2,0,1,74.1,82.0,-4.86,33.05,3,0,0,0.8,0.62,0,4.0,consistently_engaged,0.91,False
STU_0139,13,5,0,0,0,17,181.8,2,1,0,87.7,82.4,-0.02,41.5,2,1,0,0.6,,0,,consistently_engaged,0.892,False
STU_0139,14,3,2,1,0,14,156.0,2,0,3,87.6,82.8,6.74,40.9,4,0,0,1.4,1.0,0,4.0,consistently_engaged,0.836,False
STU_0139,15,5,0,0,0,17,136.4,1,2,1,83.8,82.9,-1.98,3.34,7,2,0,0.7,,0,,consistently_engaged,0.795,False
STU_0139,16,4,1,0,1,15,150.0,3,0,3,79.8,82.7,-3.91,10.17,1,1,1,0.2,0.56,0,5.0,consistently_engaged,0.823,False
STU_0140,1,3,2,0,1,21,171.3,2,0,2,83.7,83.7,0.0,0.0,2,0,0,0.2,,0,,consistently_engaged,0.762,False
STU_0140,2,3,2,0,0,16,125.7,2,1,1,65.1,74.4,-18.61,86.63,2,0,0,1.5,0.05,0,5.0,consistently_engaged,0.703,False
STU_0140,3,4,1,1,0,19,188.4,1,1,1,85.8,78.2,1.01,86.28,1,0,0,0.5,,1,,consistently_engaged,0.763,False
STU_0140,4,4,1,0,0,13,161.4,3,2,2,75.0,77.4,4.94,71.03,1,1,0,2.2,0.19,1,3.0,consistently_engaged,0.761,False
STU_0140,5,5,0,0,0,23,139.4,2,0,3,84.8,78.9,-0.45,23.76,3,0,1,0.7,,0,,consistently_engaged,0.782,False
STU_0140,6,5,0,1,0,13,180.5,2,0,1,81.7,79.4,3.35,16.89,1,1,0,0.2,0.64,0,4.0,consistently_engaged,0.785,False
STU_0140,7,4,1,0,1,14,210.5,3,0,1,88.9,80.7,2.04,8.76,4,1,1,1.5,,0,,consistently_engaged,0.796,False
STU_0140,8,4,1,1,0,14,160.2,3,0,6,79.2,80.5,-1.24,16.97,2,0,0,2.3,0.78,0,5.0,consistently_engaged,0.789,False
STU_0140,9,5,0,2,0,15,171.7,2,0,3,70.4,79.4,-9.24,57.02,1,0,0,0.4,,0,,consistently_engaged,0.757,False
STU_0140,10,4,1,0,0,17,124.8,1,0,1,84.3,79.9,2.56,32.96,1,1,1,2.1,0.48,0,5.0,consistently_engaged,0.778,False
STU_0140,11,5,0,1,0,19,164.7,2,0,4,80.1,79.9,4.85,33.91,2,0,0,2.9,,0,,consistently_engaged,0.754,False
STU_0140,12,5,0,0,0,13,162.6,3,0,1,79.6,79.9,-2.38,4.51,0,2,0,0.6,0.83,0,4.0,consistently_engaged,0.765,False
STU_0140,13,5,0,0,0,20,182.4,2,0,3,81.5,80.0,0.67,0.64,1,0,0,2.2,,0,,consistently_engaged,0.778,False
STU_0140,14,4,1,1,0,16,155.3,2,0,3,95.7,81.1,8.04,51.51,2,1,0,0.8,0.97,1,5.0,consistently_engaged,0.786,False
STU_0140,15,5,0,1,0,13,128.7,2,0,1,82.3,81.2,0.41,42.26,1,0,0,1.3,,0,,consistently_engaged,0.775,False
STU_0140,16,3,2,1,1,20,148.2,2,0,2,91.7,81.9,-1.97,31.42,2,0,0,2.7,0.49,0,5.0,consistently_engaged,0.826,False
STU_0141,1,5,0,1,0,19,157.9,2,0,2,75.9,75.9,0.0,0.0,1,0,1,0.8,,0,,consistently_engaged,0.857,False
STU_0141,2,5,0,2,0,14,191.8,2,0,3,80.7,78.3,4.77,5.69,1,0,0,1.2,-0.13,0,4.0,consistently_engaged,0.834,False
STU_0141,3,4,1,0,0,17,114.5,2,0,1,79.6,78.7,1.86,4.19,1,1,0,1.9,,0,,consistently_engaged,0.752,False
STU_0141,4,4,1,1,0,16,141.1,2,1,1,74.0,77.6,-3.33,8.55,1,1,0,0.8,0.06,0,4.0,consistently_engaged,0.742,False
STU_0141,5,2,3,0,2,20,164.9,2,0,1,74.5,76.9,-2.58,6.49,2,1,1,0.1,,0,,consistently_engaged,0.735,False
STU_0141,6,5,0,0,0,21,183.0,2,0,2,80.0,77.4,2.99,7.41,3,0,0,1.2,0.59,0,4.0,consistently_engaged,0.762,False
STU_0141,7,5,0,0,0,18,126.4,2,0,5,69.8,76.4,-2.34,17.41,2,0,0,0.0,,0,,consistently_engaged,0.716,False
STU_0141,8,4,1,1,0,20,112.3,2,0,0,76.9,76.4,-1.54,18.28,0,0,0,2.3,0.92,0,4.0,consistently_engaged,0.685,False
STU_0141,9,4,1,0,0,14,119.7,2,0,0,88.6,77.8,9.39,59.89,2,1,0,0.3,,0,,consistently_engaged,0.713,False
STU_0141,10,5,0,1,0,18,156.5,2,0,5,82.5,78.2,2.79,22.63,1,1,1,1.4,0.08,0,4.0,consistently_engaged,0.755,False
STU_0141,11,5,0,1,0,18,155.2,2,0,2,78.1,78.2,-5.24,18.48,5,1,0,1.0,,0,,consistently_engaged,0.771,False
STU_0141,12,5,0,0,0,18,185.6,2,0,2,80.7,78.4,-0.88,3.29,1,0,0,1.0,0.04,0,5.0,consistently_engaged,0.752,False
STU_0141,13,5,0,1,0,16,182.0,2,0,3,79.9,78.6,0.92,1.23,1,0,0,2.2,,0,,consistently_engaged,0.779,False
STU_0141,14,4,1,0,0,14,135.3,3,1,2,76.9,78.4,-1.9,2.68,3,1,0,0.1,0.77,0,4.0,consistently_engaged,0.751,False
STU_0141,15,5,0,0,0,19,130.6,2,1,5,82.7,78.7,1.4,5.57,0,1,0,0.0,,0,,consistently_engaged,0.769,False
STU_0141,16,5,0,0,0,13,149.7,1,0,0,84.9,79.1,3.98,11.3,2,1,0,0.8,0.03,0,3.0,consistently_engaged,0.755,False
STU_0142,1,3,2,0,1,18,192.5,2,0,4,85.8,85.8,0.0,0.0,2,0,0,2.1,,0,,consistently_engaged,0.848,False
STU_0142,2,4,1,0,0,23,172.0,2,0,4,76.0,80.9,-9.87,24.35,1,0,0,0.2,1.0,0,5.0,consistently_engaged,0.841,False
STU_0142,3,5,0,0,0,12,203.5,2,1,1,91.4,84.4,2.75,40.48,3,0,1,1.8,,0,,consistently_engaged,0.825,False
STU_0142,4,5,0,1,0,15,166.9,3,0,2,100.0,88.3,12.01,98.68,1,1,1,0.7,1.0,0,5.0,consistently_engaged,0.856,False
STU_0142,5,4,1,0,0,20,161.2,2,0,2,92.4,89.1,0.53,14.8,4,1,0,0.6,,0,,consistently_engaged,0.852,False
STU_0142,6,4,1,1,1,18,186.4,3,0,0,72.7,86.4,-13.67,132.92,0,1,0,1.5,1.0,0,4.0,consistently_engaged,0.796,False
STU_0142,7,5,0,0,0,18,133.6,1,1,1,85.6,86.3,-3.4,67.27,0,0,0,2.0,,1,,consistently_engaged,0.762,False
STU_0142,8,5,0,0,0,14,130.3,2,1,0,78.1,85.2,2.71,28.29,1,0,1,0.4,0.73,0,5.0,consistently_engaged,0.747,False
STU_0142,9,5,0,0,0,19,153.0,1,1,4,95.7,86.4,5.06,52.34,4,2,1,0.1,,0,,consistently_engaged,0.822,False
STU_0142,10,5,0,0,0,18,170.3,2,0,2,77.2,85.5,-0.42,72.77,3,1,1,0.5,0.54,0,4.0,consistently_engaged,0.84,False
STU_0142,11,5,0,0,0,17,162.0,2,0,0,82.5,85.2,-6.62,60.61,4,1,0,0.6,,0,,consistently_engaged,0.827,False
STU_0142,12,3,2,1,2,21,169.0,2,0,1,79.9,84.8,1.34,4.62,3,2,0,2.9,0.69,0,5.0,consistently_engaged,0.833,False
STU_0142,13,5,0,0,0,22,179.6,2,0,2,97.4,85.7,7.45,59.37,1,0,0,0.0,,0,,consistently_engaged,0.863,False
STU_0142,14,5,0,0,0,21,205.2,1,0,2,93.3,86.3,6.7,55.79,4,0,0,1.1,1.0,0,3.0,consistently_engaged,0.941,False
STU_0142,15,4,1,0,0,15,158.7,2,0,2,89.9,86.5,-3.73,9.3,2,1,0,1.5,,0,,consistently_engaged,0.906,False
STU_0142,16,5,0,0,0,22,178.0,2,0,3,90.7,86.8,-1.32,2.1,3,0,0,0.7,0.52,0,5.0,consistently_engaged,0.937,False
STU_0143,1,4,1,0,0,17,164.1,2,0,4,87.3,87.3,0.0,0.0,3,1,0,2.1,,0,,consistently_engaged,0.805,False
STU_0143,2,4,1,0,1,23,158.4,2,0,3,92.8,90.0,5.47,7.48,1,1,0,0.7,0.03,0,4.0,consistently_engaged,0.837,False
STU_0143,3,5,0,0,0,16,174.8,3,0,3,81.6,87.2,-2.84,20.72,0,0,0,0.8,,0,,consistently_engaged,0.843,False
STU_0143,4,4,1,0,0,17,199.4,2,0,1,79.2,85.2,-6.79,34.99,4,1,0,3.0,1.0,0,5.0,consistently_engaged,0.815,False
STU_0143,5,4,1,0,1,16,136.0,2,0,0,90.2,86.2,4.29,22.31,2,1,0,0.1,,0,,consistently_engaged,0.798,False
STU_0143,6,4,1,0,1,15,112.7,2,0,1,76.6,84.6,-1.3,34.81,0,2,0,0.2,0.56,0,4.0,consistently_engaged,0.799,False
STU_0143,7,3,2,1,0,19,218.5,2,0,3,87.3,85.0,-1.46,34.22,1,1,0,0.2,,0,,consistently_engaged,0.832,False
STU_0143,8,5,0,1,0,22,160.6,2,0,2,82.2,84.6,2.8,19.04,1,1,1,0.3,0.59,0,5.0,consistently_engaged,0.779,False
STU_0143,9,4,1,1,1,19,140.5,2,0,2,82.1,84.4,-2.59,5.85,1,0,1,0.1,,0,,consistently_engaged,0.788,False
STU_0143,10,4,1,1,0,21,190.5,1,0,1,77.0,83.6,-2.61,5.96,1,1,0,2.3,0.28,0,4.0,consistently_engaged,0.793,False
STU_0143,11,4,1,1,0,18,198.8,2,0,2,88.2,84.0,3.06,21.14,2,0,0,0.4,,0,,consistently_engaged,0.813,False
STU_0143,12,5,0,1,0,19,106.2,1,0,2,84.5,84.1,3.79,21.94,2,1,0,4.0,0.93,0,4.0,consistently_engaged,0.78,False
STU_0143,13,5,0,1,0,15,158.3,2,0,1,74.6,83.3,-6.8,33.04,2,0,0,0.8,,0,,consistently_engaged,0.765,False
STU_0143,14,3,2,0,1,19,161.6,3,0,5,81.1,83.2,-1.73,17.0,0,1,1,0.0,1.0,0,4.0,consistently_engaged,0.75,False
STU_0143,15,5,0,0,0,18,178.1,2,0,1,88.4,83.5,6.9,31.77,2,1,1,2.4,,0,,consistently_engaged,0.793,False
STU_0143,16,5,0,0,0,22,160.7,2,0,1,86.3,83.7,2.62,9.46,2,2,1,1.4,0.78,0,4.0,consistently_engaged,0.787,False
STU_0144,1,5,0,0,0,18,131.6,2,0,0,88.9,88.9,0.0,0.0,3,1,0,2.4,,0,,consistently_engaged,0.789,False
STU_0144,2,4,1,0,0,16,186.5,2,0,2,85.9,87.4,-3.08,2.37,4,0,0,0.8,0.59,0,3.0,consistently_engaged,0.75,False
STU_0144,3,5,0,1,0,13,178.5,2,1,1,90.7,88.5,0.9,4.07,1,0,0,2.7,,0,,consistently_engaged,0.706,False
STU_0144,4,2,3,0,0,17,124.9,2,0,1,75.4,85.2,-5.22,40.82,3,1,0,5.3,0.52,0,4.0,consistently_engaged,0.707,False
STU_0144,5,4,1,0,0,17,88.0,2,0,4,77.5,83.7,-6.62,46.02,2,0,0,0.5,,0,,consistently_engaged,0.687,False
STU_0144,6,4,1,0,0,14,144.1,2,0,1,57.8,79.4,-8.8,77.87,4,0,1,0.5,0.35,0,3.0,consistently_engaged,0.63,False
STU_0144,7,5,0,1,0,14,107.1,2,0,3,68.9,77.9,-4.29,64.86,0,0,1,2.3,,0,,consistently_engaged,0.646,False
STU_0144,8,4,1,0,0,15,134.0,1,0,3,74.1,77.4,8.11,45.86,1,0,0,4.9,-0.19,0,5.0,consistently_engaged,0.65,False
STU_0144,9,3,2,0,1,14,91.4,2,0,1,74.7,77.1,2.88,6.64,3,0,0,1.4,,0,,consistently_engaged,0.626,False
STU_0144,10,4,1,0,1,12,179.2,2,0,2,69.5,76.4,-2.26,5.28,1,0,0,2.0,-0.08,0,4.0,consistently_engaged,0.645,False
STU_0144,11,5,0,0,0,11,154.8,2,1,0,74.0,76.1,-0.34,5.24,2,1,0,0.1,,0,,consistently_engaged,0.686,False
STU_0144,12,5,0,0,0,15,141.6,2,0,4,89.9,77.3,10.18,76.31,2,0,0,0.1,0.41,1,4.0,consistently_engaged,0.782,False
STU_0144,13,5,0,2,0,17,153.8,3,0,6,89.3,78.2,7.66,54.13,3,1,0,3.4,,0,,consistently_engaged,0.762,False
STU_0144,14,5,0,1,0,17,191.3,2,0,2,79.9,78.3,-4.99,20.98,1,0,0,0.6,0.87,0,4.0,consistently_engaged,0.766,False
STU_0144,15,5,0,0,0,13,127.7,2,2,1,72.0,77.9,-8.66,50.14,2,0,0,0.3,,0,,consistently_engaged,0.79,False
STU_0144,16,5,0,1,0,14,157.8,2,0,0,69.9,77.4,-5.02,18.64,1,0,0,0.5,0.17,0,5.0,consistently_engaged,0.718,False
STU_0145,1,4,1,0,1,13,156.3,1,0,2,91.8,91.8,0.0,0.0,4,0,0,1.5,,0,,consistently_engaged,0.858,False
STU_0145,2,5,0,0,0,17,178.8,2,0,0,85.6,88.7,-6.2,9.6,2,0,0,0.3,0.65,0,4.0,consistently_engaged,0.849,False
STU_0145,3,5,0,0,0,19,155.6,2,0,0,83.7,87.0,-4.04,11.91,4,1,0,0.1,,0,,consistently_engaged,0.838,False
STU_0145,4,5,0,1,0,17,163.3,3,0,2,89.2,87.6,1.83,5.31,5,1,0,3.0,0.58,0,4.0,consistently_engaged,0.848,False
STU_0145,5,5,0,0,0,17,150.0,2,0,3,95.3,89.1,5.8,22.43,3,0,1,0.3,,0,,consistently_engaged,0.872,False
STU_0145,6,4,1,0,1,14,180.4,2,1,4,90.2,89.3,0.48,7.04,5,0,1,0.2,1.0,0,4.0,consistently_engaged,0.891,False
STU_0145,7,5,0,0,0,15,187.7,2,0,1,85.8,88.8,-4.71,14.85,0,0,1,0.2,,0,,consistently_engaged,0.887,False
STU_0145,8,4,1,0,0,16,169.3,2,0,3,77.6,87.4,-6.3,27.29,4,0,0,1.6,0.65,0,4.0,consistently_engaged,0.856,False
STU_0145,9,5,0,0,0,16,157.8,3,0,3,93.1,88.0,3.63,40.19,3,1,0,2.2,,0,,consistently_engaged,0.84,False
STU_0145,10,5,0,0,0,16,161.1,2,0,0,81.3,87.3,1.84,43.85,1,1,0,0.2,0.7,0,5.0,consistently_engaged,0.777,False
STU_0145,11,4,1,0,0,15,167.1,2,0,1,85.5,87.2,-3.81,24.03,2,1,0,1.7,,0,,consistently_engaged,0.755,False
STU_0145,12,4,1,0,0,11,121.8,2,0,1,98.6,88.1,8.66,54.39,3,1,0,0.6,0.49,0,4.0,consistently_engaged,0.8,False
STU_0145,13,3,2,0,0,16,158.8,1,2,1,77.5,87.3,-3.99,75.51,2,0,0,1.2,,0,,consistently_engaged,0.82,False
STU_0145,14,5,0,0,0,17,159.4,1,0,3,83.4,87.0,-7.6,78.88,5,1,0,1.0,1.0,0,5.0,consistently_engaged,0.83,False
STU_0145,15,4,1,0,0,17,144.1,3,0,1,81.6,86.7,2.06,6.07,0,1,0,0.2,,0,,consistently_engaged,0.872,False
STU_0145,16,4,1,0,0,18,204.8,2,0,4,92.9,87.1,4.75,24.46,3,1,0,2.1,0.63,0,4.0,consistently_engaged,0.905,False
STU_0146,1,4,1,0,1,20,137.0,1,0,1,86.9,86.9,0.0,0.0,2,1,1,2.8,,0,,consistently_engaged,0.921,False
STU_0146,2,5,0,0,0,19,186.7,2,0,0,82.9,84.9,-4.0,4.01,2,1,1,4.3,0.72,0,5.0,consistently_engaged,0.916,False
STU_0146,3,4,1,0,1,20,198.2,2,0,1,89.6,86.5,1.37,7.68,2,0,0,0.3,,0,,consistently_engaged,0.936,False
STU_0146,4,5,0,1,0,15,155.5,2,0,2,94.2,88.4,5.64,21.48,7,0,0,0.3,1.0,0,5.0,consistently_engaged,0.93,False
STU_0146,5,5,0,0,0,22,180.1,2,0,2,88.4,88.4,-0.61,6.1,1,2,1,0.4,,0,,consistently_engaged,0.888,False
STU_0146,6,4,1,0,0,16,128.1,2,0,6,89.8,88.6,-2.21,6.02,2,0,1,0.4,0.61,0,5.0,consistently_engaged,0.867,False
STU_0146,7,5,0,0,0,16,205.1,2,0,3,88.9,88.7,0.26,0.3,2,1,0,0.2,,0,,consistently_engaged,0.888,False
STU_0146,8,5,0,0,0,21,167.7,2,1,0,90.3,88.9,0.25,0.3,3,1,0,0.1,1.0,0,5.0,consistently_engaged,0.872,False
STU_0146,9,4,1,0,0,23,184.2,2,0,1,90.4,89.0,0.72,0.42,3,0,0,0.9,,0,,consistently_engaged,0.875,False
STU_0146,10,4,1,0,0,21,203.9,3,2,6,87.0,88.8,-1.62,2.43,5,1,0,0.7,1.0,0,4.0,consistently_engaged,0.871,False
STU_0146,11,4,1,0,1,14,199.9,2,1,4,82.1,88.2,-4.16,11.68,2,1,1,0.3,,0,,consistently_engaged,0.838,False
STU_0146,12,5,0,0,0,16,147.1,1,0,1,77.3,87.3,-4.84,15.59,1,0,0,0.3,0.53,1,4.0,consistently_engaged,0.862,False
STU_0146,13,4,1,0,1,20,210.5,3,0,1,96.9,88.1,7.41,69.21,4,1,0,1.5,,0,,consistently_engaged,0.904,False
STU_0146,14,5,0,0,0,19,167.6,1,0,0,92.7,88.4,7.68,70.48,1,0,0,0.5,0.88,0,5.0,consistently_engaged,0.865,False
STU_0146,15,4,1,0,0,17,193.4,2,0,3,71.9,87.3,-12.47,118.91,2,0,0,1.3,,0,,consistently_engaged,0.852,False
STU_0146,16,5,0,0,0,23,185.2,1,0,2,85.8,87.2,-3.45,74.54,0,0,0,0.5,1.0,0,4.0,consistently_engaged,0.896,False
STU_0147,1,5,0,0,0,16,213.4,3,0,6,93.0,93.0,0.0,0.0,2,1,0,0.5,,0,,consistently_engaged,0.971,False
STU_0147,2,5,0,0,0,16,193.9,2,0,4,100.0,96.5,7.04,12.38,2,2,0,0.1,0.74,0,5.0,consistently_engaged,0.946,False
STU_0147,3,4,1,0,0,19,142.0,2,0,1,89.3,94.1,-1.86,19.87,1,2,0,0.5,,0,,consistently_engaged,0.931,False
STU_0147,4,5,0,0,0,23,151.8,3,1,1,84.9,91.8,-7.53,40.07,4,1,1,0.1,1.0,0,5.0,consistently_engaged,0.891,False
STU_0147,5,4,1,0,1,17,176.2,2,0,0,95.5,92.5,3.14,18.88,2,1,0,0.2,,0,,consistently_engaged,0.87,False
STU_0147,6,4,1,0,1,17,226.7,2,0,3,83.4,91.0,-0.75,28.93,2,2,0,0.1,1.0,1,4.0,consistently_engaged,0.854,False
STU_0147,7,5,0,0,0,20,170.6,2,0,3,80.5,89.5,-7.52,42.32,2,2,0,0.1,,0,,consistently_engaged,0.895,False
STU_0147,8,4,1,0,1,22,151.2,2,0,4,98.6,90.7,7.59,63.02,7,2,0,0.6,0.52,0,4.0,consistently_engaged,0.934,False
STU_0147,9,5,0,0,0,17,107.2,2,0,1,95.7,91.2,7.6,63.12,1,1,1,0.7,,0,,consistently_engaged,0.944,False
STU_0147,10,3,2,0,1,15,198.0,2,0,2,100.0,92.1,0.69,3.21,1,1,0,0.6,0.76,0,3.0,consistently_engaged,0.951,False
STU_0147,11,4,1,0,0,13,167.6,2,0,1,91.5,92.0,-2.11,12.08,1,1,1,0.3,,0,,consistently_engaged,0.946,False
STU_0147,12,5,0,0,0,14,160.9,2,0,3,84.0,91.4,-7.98,42.55,3,0,1,2.1,0.6,0,5.0,consistently_engaged,0.907,False
STU_0147,13,5,0,0,0,21,201.7,2,0,1,91.9,91.4,0.19,13.02,4,2,1,1.0,,0,,consistently_engaged,0.923,False
STU_0147,14,4,1,1,0,25,130.5,1,0,2,89.6,91.3,2.76,10.81,4,0,0,3.1,1.0,0,5.0,consistently_engaged,0.944,False
STU_0147,15,4,1,0,1,25,169.2,2,0,1,100.0,91.9,4.06,20.07,2,1,0,0.8,,0,,consistently_engaged,0.958,False
STU_0147,16,5,0,0,0,15,204.6,2,0,2,94.5,92.0,2.48,18.21,2,0,0,0.3,0.51,0,4.0,consistently_engaged,0.928,False
STU_0148,1,4,1,0,1,18,170.6,1,0,1,77.7,77.7,0.0,0.0,1,1,0,0.8,,0,,consistently_engaged,0.842,False
STU_0148,2,4,1,2,0,16,203.6,1,0,2,81.0,79.4,3.3,2.72,2,1,0,0.3,0.49,0,4.0,consistently_engaged,0.86,False
STU_0148,3,4,1,1,0,19,198.0,3,0,4,90.7,83.2,6.49,30.37,2,0,0,2.1,,0,,consistently_engaged,0.863,False
STU_0148,4,5,0,0,0,19,152.1,2,0,2,92.3,85.5,5.65,24.89,2,0,0,0.5,0.12,0,4.0,consistently_engaged,0.9,False
STU_0148,5,5,0,0,0,18,159.2,2,0,2,95.3,87.4,2.31,3.67,2,0,1,0.3,,1,,consistently_engaged,0.954,False
STU_0148,6,5,0,0,0,22,215.8,1,0,1,100.0,89.5,3.83,9.95,3,2,0,1.1,1.0,0,4.0,consistently_engaged,0.954,False
STU_0148,7,5,0,0,0,18,185.8,1,0,2,94.7,90.3,-0.34,5.63,3,1,0,1.1,,0,,consistently_engaged,0.939,False
STU_0148,8,5,0,1,0,19,188.6,2,0,1,91.5,90.4,-4.25,12.3,2,0,1,2.8,1.0,0,5.0,consistently_engaged,0.865,False
STU_0148,9,5,0,1,0,20,168.4,2,0,3,88.1,90.2,-3.3,7.28,3,1,0,1.1,,0,,consistently_engaged,0.89,False
STU_0148,10,5,0,0,0,16,186.9,1,1,1,94.2,90.6,1.36,6.39,3,1,1,2.0,0.93,0,4.0,consistently_engaged,0.912,False
STU_0148,11,4,1,0,1,18,152.1,3,0,2,90.9,90.6,1.44,6.37,2,2,1,1.0,,0,,consistently_engaged,0.922,False
STU_0148,12,5,0,0,0,14,225.1,2,0,4,93.8,90.9,-0.19,2.16,4,0,1,0.6,1.0,0,5.0,consistently_engaged,0.91,False
STU_0148,13,5,0,1,0,23,176.6,3,0,4,83.7,90.3,-3.61,18.17,2,1,0,1.9,,0,,consistently_engaged,0.902,False
STU_0148,14,5,0,0,0,12,182.0,2,0,0,90.2,90.3,-1.83,17.58,3,0,0,0.4,0.34,0,5.0,consistently_engaged,0.914,False
STU_0148,15,4,1,0,1,19,179.2,2,0,0,93.8,90.5,5.05,17.48,2,0,0,1.9,,0,,consistently_engaged,0.869,False
STU_0148,16,5,0,1,0,20,148.9,1,0,3,93.9,90.7,1.85,2.98,5,1,1,0.6,0.99,0,4.0,consistently_engaged,0.901,False
STU_0149,1,5,0,0,0,17,168.9,2,0,0,94.4,94.4,0.0,0.0,2,1,0,0.1,,0,,consistently_engaged,0.859,False
STU_0149,2,5,0,0,0,17,127.9,2,1,3,84.3,89.4,-10.07,25.34,0,0,0,1.1,0.49,0,5.0,consistently_engaged,0.87,False
STU_0149,3,5,0,1,0,21,177.2,2,0,3,88.5,89.1,-2.92,17.04,1,0,0,0.2,,0,,consistently_engaged,0.862,False
STU_0149,4,5,0,1,0,15,214.0,3,0,0,94.2,90.4,4.95,16.43,4,0,0,0.1,0.69,0,5.0,consistently_engaged,0.857,False
STU_0149,5,5,0,0,0,20,172.0,3,0,0,93.6,91.0,2.5,6.41,2,0,1,0.5,,0,,consistently_engaged,0.866,False
STU_0149,6,4,1,1,0,23,165.3,2,0,0,85.8,90.1,-4.22,14.65,2,1,1,0.0,0.88,0,5.0,consistently_engaged,0.86,False
STU_0149,7,5,0,0,0,13,190.8,2,0,0,85.6,89.5,-3.99,13.78,0,0,0,0.8,,0,,consistently_engaged,0.796,False
STU_0149,8,5,0,0,0,17,160.5,2,0,2,83.7,88.8,-1.03,0.86,2,1,0,0.7,1.0,0,4.0,consistently_engaged,0.785,False
STU_0149,9,4,1,1,1,19,192.7,1,0,0,95.8,89.5,5.1,28.08,1,0,0,1.7,,0,,consistently_engaged,0.838,False
STU_0149,10,4,1,0,0,20,177.6,2,0,2,85.4,89.1,0.82,28.47,2,0,0,0.2,0.15,0,4.0,consistently_engaged,0.826,False
STU_0149,11,5,0,0,0,21,166.4,3,0,0,79.0,88.2,-8.37,47.6,2,1,1,2.9,,0,,consistently_engaged,0.803,False
STU_0149,12,5,0,0,0,20,149.4,2,0,2,88.9,88.3,1.77,16.7,4,1,1,0.8,0.92,0,4.0,consistently_engaged,0.778,False
STU_0149,13,5,0,1,0,17,180.8,3,0,1,81.3,87.7,1.15,17.81,2,0,0,0.4,,0,,consistently_engaged,0.722,False
STU_0149,14,5,0,0,0,14,139.1,3,0,1,76.8,87.0,-6.06,25.02,2,0,0,7.9,0.99,0,2.0,consistently_engaged,0.706,False
STU_0149,15,3,2,0,0,10,95.6,3,0,1,71.7,85.9,-4.81,15.45,2,0,0,1.6,,0,,consistently_engaged,0.696,False
STU_0149,16,4,1,0,1,15,143.7,2,0,1,81.2,85.6,2.19,14.92,2,1,0,0.3,0.76,0,4.0,consistently_engaged,0.75,False
STU_0150,1,4,1,0,1,21,161.3,3,0,2,76.2,76.2,0.0,0.0,7,2,0,0.0,,0,,consistently_engaged,0.894,False
STU_0150,2,5,0,0,0,21,139.0,2,0,1,99.3,87.8,23.03,132.6,1,1,0,0.8,0.42,0,5.0,consistently_engaged,0.922,False
STU_0150,3,5,0,0,0,22,139.0,2,0,4,90.6,88.7,7.18,90.2,0,0,0,0.5,,0,,consistently_engaged,0.907,False
STU_0150,4,5,0,0,0,20,136.6,2,0,1,87.2,88.3,-6.02,25.69,4,0,1,1.1,0.89,0,3.0,consistently_engaged,0.923,False
STU_0150,5,5,0,0,0,18,169.7,2,1,2,88.2,88.3,-1.19,2.0,5,2,1,3.1,,0,,consistently_engaged,0.912,False
STU_0150,6,5,0,0,0,20,172.1,2,0,5,85.0,87.8,-1.13,1.83,2,0,0,0.9,0.95,0,4.0,consistently_engaged,0.911,False
STU_0150,7,4,1,0,0,19,197.2,2,0,2,98.4,89.3,5.09,32.63,2,1,1,0.9,,1,,consistently_engaged,0.921,False
STU_0150,8,5,0,0,0,23,207.4,3,0,2,95.7,90.1,5.35,33.49,3,1,0,0.6,1.0,0,4.0,consistently_engaged,0.919,False
STU_0150,9,4,1,0,0,17,162.3,2,0,3,98.0,91.0,-0.2,1.43,2,1,0,1.2,,0,,consistently_engaged,0.941,False
STU_0150,10,5,0,0,0,20,175.1,3,1,0,87.9,90.7,-3.9,18.71,1,1,1,0.6,0.74,1,4.0,consistently_engaged,0.877,False
STU_0150,11,5,0,0,0,13,161.6,2,1,0,86.1,90.2,-5.94,27.41,3,0,0,0.3,,0,,consistently_engaged,0.851,False
STU_0150,12,5,0,0,0,19,143.5,3,0,1,83.8,89.7,-2.06,2.84,2,1,1,0.3,0.16,0,5.0,consistently_engaged,0.88,False
STU_0150,13,4,1,0,0,18,148.2,1,0,2,90.2,89.7,2.04,7.04,1,1,0,1.4,,0,,consistently_engaged,0.862,False
STU_0150,14,4,1,0,1,11,167.2,3,0,0,86.8,89.5,1.54,6.87,1,0,0,0.4,0.43,0,3.0,consistently_engaged,0.833,False
STU_0150,15,5,0,1,0,15,150.9,2,0,4,94.6,89.9,2.21,10.1,2,1,0,0.6,,0,,consistently_engaged,0.849,False
STU_0150,16,5,0,0,0,15,199.9,1,0,1,89.3,89.8,1.23,10.48,2,1,0,0.2,0.7,0,4.0,consistently_engaged,0.882,False
STU_0151,1,5,0,0,0,17,130.8,2,0,4,85.7,85.7,0.0,0.0,2,1,0,4.5,,1,,consistently_engaged,0.843,False
STU_0151,2,4,1,0,0,20,152.7,2,0,1,79.5,82.6,-6.2,9.6,1,2,1,1.0,0.72,0,4.0,consistently_engaged,0.847,False
STU_0151,3,5,0,1,0,16,152.0,2,1,1,81.4,82.2,-2.17,6.74,1,0,0,1.9,,0,,consistently_engaged,0.815,False
STU_0151,4,4,1,1,0,18,138.9,2,0,4,78.8,81.3,-0.32,1.13,0,1,1,4.5,0.59,0,4.0,consistently_engaged,0.825,False
STU_0151,5,5,0,0,0,25,140.1,2,0,1,87.1,82.5,2.88,11.96,2,1,0,1.7,,1,,consistently_engaged,0.806,False
STU_0151,6,5,0,0,0,20,166.8,2,0,4,82.2,82.4,1.66,11.52,5,0,0,1.2,0.46,0,5.0,consistently_engaged,0.829,False
STU_0151,7,3,2,1,0,14,203.8,1,0,1,75.4,81.4,-5.87,23.19,5,0,1,2.3,,0,,consistently_engaged,0.767,False
STU_0151,8,4,1,0,1,18,143.9,2,0,3,89.1,82.4,3.45,31.35,1,0,0,5.4,0.23,0,4.0,consistently_engaged,0.801,False
STU_0151,9,4,1,0,0,13,138.7,3,2,1,82.0,82.3,3.3,31.37,2,1,1,5.4,,0,,consistently_engaged,0.774,False
STU_0151,10,4,1,0,0,23,172.8,2,0,0,75.5,81.7,-6.79,30.76,3,0,1,3.5,0.7,0,4.0,consistently_engaged,0.789,False
STU_0151,11,5,0,1,0,17,146.3,1,0,1,81.5,81.6,-0.21,8.74,5,0,0,0.9,,0,,consistently_engaged,0.79,False
STU_0151,12,5,0,0,0,21,177.8,2,0,2,72.7,80.9,-1.41,13.65,0,0,0,0.9,0.7,0,4.0,consistently_engaged,0.831,False
STU_0151,13,5,0,0,0,17,150.9,2,0,3,83.1,81.1,0.8,21.16,0,1,0,0.2,,0,,consistently_engaged,0.819,False
STU_0151,14,5,0,0,0,19,209.0,2,1,0,89.2,81.7,8.28,46.72,3,1,0,0.2,1.0,0,5.0,consistently_engaged,0.845,False
STU_0151,15,4,1,0,0,18,159.4,3,0,1,82.6,81.7,-0.25,8.98,1,1,0,0.3,,0,,consistently_engaged,0.86,False
STU_0151,16,5,0,1,0,18,149.0,2,0,2,88.2,82.1,-0.54,8.34,2,2,0,0.2,0.97,0,5.0,consistently_engaged,0.882,False
STU_0152,1,5,0,0,0,21,178.2,1,0,1,81.2,81.2,0.0,0.0,3,2,0,0.9,,0,,consistently_engaged,0.882,False
STU_0152,2,5,0,0,0,22,212.3,2,0,1,88.4,84.8,7.14,12.74,6,2,0,0.1,0.93,0,4.0,consistently_engaged,0.859,False
STU_0152,3,5,0,0,0,18,118.9,2,0,1,92.4,87.3,5.6,21.43,1,0,0,0.6,,0,,consistently_engaged,0.895,False
STU_0152,4,4,1,0,1,19,173.0,2,0,6,92.0,88.5,1.82,3.33,0,2,0,0.5,0.19,0,4.0,consistently_engaged,0.844,False
STU_0152,5,4,1,0,0,19,181.7,2,0,4,82.2,87.2,-5.13,22.52,1,0,0,1.0,,0,,consistently_engaged,0.823,False
STU_0152,6,5,0,1,0,15,115.6,2,0,4,71.4,84.6,-10.3,70.83,3,0,0,0.1,1.0,0,5.0,consistently_engaged,0.734,False
STU_0152,7,5,0,0,0,14,195.7,2,0,3,88.5,85.2,3.15,49.65,2,1,0,1.2,,0,,consistently_engaged,0.812,False
STU_0152,8,5,0,1,0,16,140.6,3,0,2,88.7,85.6,8.67,65.77,1,0,1,3.5,0.71,0,3.0,consistently_engaged,0.802,False
STU_0152,9,4,1,0,1,11,172.6,2,0,2,78.1,84.8,-5.2,24.72,0,0,0,0.8,,0,,consistently_engaged,0.791,False
STU_0152,10,4,1,0,0,19,172.0,2,0,3,80.1,84.3,-4.31,21.39,1,1,0,0.1,0.89,0,4.0,consistently_engaged,0.775,False
STU_0152,11,5,0,0,0,17,162.0,3,0,0,82.5,84.1,2.21,3.26,4,1,0,0.9,,0,,consistently_engaged,0.763,False
STU_0152,12,4,1,0,0,11,133.4,2,0,0,82.6,84.0,1.25,1.31,2,2,0,0.4,0.67,0,4.0,consistently_engaged,0.78,False
STU_0152,13,4,1,0,1,19,183.2,2,0,2,94.6,84.8,6.04,32.07,2,0,0,0.6,,0,,consistently_engaged,0.847,False
STU_0152,14,4,1,0,0,17,210.9,2,0,3,84.4,84.8,0.88,27.72,7,0,0,4.6,0.34,0,5.0,consistently_engaged,0.821,False
STU_0152,15,5,0,0,0,15,171.3,1,0,3,94.6,85.4,0.03,23.19,1,0,0,0.2,,0,,consistently_engaged,0.821,False
STU_0152,16,4,1,0,0,21,151.5,2,0,2,86.0,85.5,0.79,20.28,0,0,0,1.3,0.56,0,4.0,consistently_engaged,0.81,False
STU_0153,1,4,1,1,0,17,134.9,2,0,1,88.6,88.6,0.0,0.0,3,0,0,1.7,,0,,consistently_engaged,0.84,False
STU_0153,2,5,0,0,0,21,192.0,2,0,1,84.9,86.7,-3.74,3.51,4,0,0,1.1,0.23,0,5.0,consistently_engaged,0.832,False
STU_0153,3,5,0,0,0,19,159.6,2,0,0,92.5,88.6,1.92,9.57,2,2,0,0.1,,0,,consistently_engaged,0.863,False
STU_0153,4,5,0,0,0,13,142.7,2,0,1,87.7,88.4,1.4,9.78,3,2,0,0.7,0.41,0,5.0,consistently_engaged,0.855,False
STU_0153,5,4,1,0,0,16,192.7,2,0,4,90.6,88.9,-0.91,3.88,3,0,0,1.3,,0,,consistently_engaged,0.828,False
STU_0153,6,5,0,0,0,17,160.6,2,0,2,85.9,88.4,-0.87,3.76,3,0,1,0.2,0.62,0,3.0,consistently_engaged,0.855,False
STU_0153,7,4,1,0,0,17,192.2,3,0,1,79.0,87.0,-5.82,22.86,1,0,1,0.0,,0,,consistently_engaged,0.86,False
STU_0153,8,4,1,0,1,20,180.0,2,0,2,77.8,85.9,-4.07,12.87,2,2,0,0.3,0.29,0,5.0,consistently_engaged,0.853,False
STU_0153,9,4,1,0,0,16,147.2,3,0,1,83.8,85.6,2.43,6.85,1,0,0,4.0,,0,,consistently_engaged,0.842,False
STU_0153,10,5,0,0,0,17,201.3,2,0,0,93.7,86.5,7.95,42.93,2,1,1,0.7,0.79,0,5.0,consistently_engaged,0.848,False
STU_0153,11,5,0,0,0,21,158.6,2,0,4,95.2,87.2,5.66,25.26,0,1,0,0.9,,0,,consistently_engaged,0.871,False
STU_0153,12,4,1,0,1,15,160.4,2,0,4,89.6,87.4,-2.04,5.51,1,1,0,0.4,0.89,0,4.0,consistently_engaged,0.761,False
STU_0153,13,4,1,0,0,18,188.0,3,1,3,79.5,86.8,-7.85,42.3,0,0,0,1.1,,0,,consistently_engaged,0.742,False
STU_0153,14,3,2,0,2,14,123.5,2,0,2,83.8,86.6,-2.93,17.33,0,1,0,0.4,0.25,0,4.0,consistently_engaged,0.699,False
STU_0153,15,5,0,0,0,16,145.1,2,0,3,75.8,85.9,-1.85,10.66,2,0,0,0.9,,0,,consistently_engaged,0.687,False
STU_0153,16,2,3,0,2,14,177.2,2,0,2,68.5,84.8,-7.64,38.93,1,0,0,1.0,0.83,0,3.0,consistently_engaged,0.661,False
STU_0154,1,5,0,1,0,17,153.3,1,0,2,85.2,85.2,0.0,0.0,3,1,0,0.8,,0,,consistently_engaged,0.852,False
STU_0154,2,5,0,2,0,10,145.2,2,2,3,83.4,84.3,-1.86,0.86,1,0,0,3.2,0.99,0,5.0,consistently_engaged,0.803,False
STU_0154,3,3,2,0,1,14,156.1,1,0,2,73.9,80.8,-5.64,24.43,4,1,0,0.5,,0,,consistently_engaged,0.793,False
STU_0154,4,5,0,0,0,12,143.5,2,1,1,82.8,81.3,-0.28,18.66,3,0,0,0.0,0.4,0,4.0,consistently_engaged,0.812,False
STU_0154,5,5,0,1,0,16,151.6,2,0,3,81.1,81.3,3.59,14.77,4,2,0,0.1,,0,,consistently_engaged,0.85,False
STU_0154,6,5,0,0,0,14,149.6,3,0,1,73.4,80.0,-4.69,16.69,3,1,1,1.6,0.91,0,5.0,consistently_engaged,0.876,False
STU_0154,7,5,0,0,0,15,192.4,3,0,1,87.6,81.1,3.24,33.59,0,1,1,0.4,,0,,consistently_engaged,0.911,False
STU_0154,8,3,2,0,1,22,167.8,2,0,3,85.5,81.6,6.06,39.14,4,0,0,0.5,1.0,0,4.0,consistently_engaged,0.888,False
STU_0154,9,5,0,0,0,22,182.1,2,0,2,89.9,82.5,1.18,3.26,4,2,1,0.3,,0,,consistently_engaged,0.966,False
STU_0154,10,5,0,0,0,17,193.6,2,0,3,92.1,83.5,3.3,7.56,5,0,1,0.0,1.0,0,5.0,consistently_engaged,0.966,False
STU_0154,11,5,0,0,0,23,211.4,2,0,1,89.9,84.1,-0.01,1.08,2,0,0,0.2,,0,,consistently_engaged,0.98,False
STU_0154,12,5,0,0,0,21,200.8,1,0,0,100.0,85.4,3.93,18.72,0,0,1,1.9,0.41,0,5.0,consistently_engaged,0.98,False
STU_0154,13,5,0,0,0,15,148.3,1,0,4,89.7,85.7,-0.11,23.08,3,1,0,2.7,,0,,consistently_engaged,0.98,False
STU_0154,14,5,0,0,0,15,173.7,1,0,1,90.6,86.1,-4.72,21.77,2,2,0,1.4,0.58,0,5.0,consistently_engaged,0.948,False
STU_0154,15,5,0,0,0,21,142.7,3,0,1,85.3,86.0,-2.22,5.38,0,1,0,0.0,,0,,consistently_engaged,0.893,False
STU_0154,16,3,2,0,1,13,162.3,3,0,5,93.1,86.5,1.28,10.7,1,1,1,0.7,1.0,0,4.0,consistently_engaged,0.864,False
STU_0155,1,5,0,0,0,18,137.3,2,0,4,85.3,85.3,0.0,0.0,0,0,0,1.3,,0,,consistently_engaged,0.834,False
STU_0155,2,5,0,0,0,17,153.7,1,0,1,89.5,87.4,4.19,4.4,4,1,0,2.5,0.66,0,4.0,consistently_engaged,0.827,False
STU_0155,3,4,1,0,0,18,123.1,2,0,1,86.4,87.0,0.56,3.14,1,0,0,2.1,,0,,consistently_engaged,0.794,False
STU_0155,4,3,2,1,2,18,134.7,1,1,3,82.7,85.9,-3.39,7.69,3,0,0,0.6,-0.05,1,5.0,consistently_engaged,0.805,False
STU_0155,5,4,1,1,1,14,224.0,2,0,2,76.8,84.1,-4.8,15.61,2,2,0,0.1,,0,,consistently_engaged,0.791,False
STU_0155,6,5,0,0,0,19,166.2,3,0,0,92.7,85.5,5.02,43.18,5,0,0,1.5,0.46,0,3.0,consistently_engaged,0.812,False
STU_0155,7,4,1,1,1,20,163.2,1,1,1,86.0,85.6,4.61,42.58,1,0,0,0.5,,0,,consistently_engaged,0.824,False
STU_0155,8,4,1,1,0,17,145.0,1,0,2,89.7,86.1,-1.51,7.48,0,0,1,1.2,0.64,0,4.0,consistently_engaged,0.856,False
STU_0155,9,4,1,1,0,16,214.5,2,0,1,76.1,85.0,-4.98,33.12,0,0,0,1.0,,0,,consistently_engaged,0.821,False
STU_0155,10,5,0,2,0,21,133.3,2,0,1,83.4,84.8,-3.16,30.98,1,0,0,0.5,0.7,0,5.0,consistently_engaged,0.819,False
STU_0155,11,4,1,1,1,19,163.2,2,0,4,84.6,84.8,4.29,14.28,0,0,1,0.9,,0,,consistently_engaged,0.844,False
STU_0155,12,4,1,0,0,18,122.0,2,0,2,85.1,84.8,0.88,0.56,0,1,0,2.6,1.0,0,4.0,consistently_engaged,0.795,False
STU_0155,13,5,0,0,0,13,181.7,2,1,2,79.9,84.5,-2.38,5.6,5,0,0,1.0,,0,,consistently_engaged,0.813,False
STU_0155,14,3,2,0,0,17,176.1,2,0,1,87.4,84.7,1.13,9.89,3,1,0,1.9,0.29,0,5.0,consistently_engaged,0.838,False
STU_0155,15,5,0,0,0,18,167.2,1,0,1,95.6,85.4,7.85,41.1,4,0,0,0.0,,0,,consistently_engaged,0.838,False
STU_0155,16,5,0,0,0,13,169.7,2,0,2,90.1,85.7,1.35,11.61,2,1,1,1.2,1.0,0,5.0,consistently_engaged,0.828,False
STU_0156,1,5,0,0,0,15,165.9,2,1,1,84.7,84.7,0.0,0.0,3,1,0,0.5,,0,,consistently_engaged,0.848,False
STU_0156,2,4,1,0,0,15,201.8,2,0,1,82.0,83.4,-2.76,1.9,4,1,1,0.8,0.5,0,4.0,consistently_engaged,0.887,False
STU_0156,3,5,0,0,0,24,168.4,2,0,2,89.8,85.5,2.51,10.35,2,2,0,2.5,,0,,consistently_engaged,0.888,False
STU_0156,4,4,1,0,0,21,202.3,3,0,1,92.5,87.3,5.27,19.89,3,0,1,0.5,0.47,0,5.0,consistently_engaged,0.846,False
STU_0156,5,5,0,0,0,18,174.0,2,2,3,94.4,88.7,2.33,3.65,2,1,0,1.8,,0,,consistently_engaged,0.842,False
STU_0156,6,4,1,0,0,20,190.9,2,1,3,79.7,87.2,-6.41,42.73,5,0,0,1.0,1.0,0,4.0,consistently_engaged,0.826,False
STU_0156,7,5,0,0,0,20,181.8,2,1,0,89.3,87.5,-2.58,37.17,2,2,1,0.1,,0,,consistently_engaged,0.848,False
STU_0156,8,4,1,0,0,10,163.4,2,0,3,73.7,85.8,-3.02,41.2,1,1,0,0.1,0.44,0,4.0,consistently_engaged,0.815,False
STU_0156,9,5,0,0,0,16,140.1,2,0,0,87.4,85.9,-0.92,48.39,2,0,0,2.3,,0,,consistently_engaged,0.79,False
STU_0156,10,5,0,0,0,15,126.0,2,0,2,71.0,84.4,-1.34,51.85,0,2,0,3.0,0.29,0,5.0,consistently_engaged,0.813,False
STU_0156,11,4,1,0,0,11,194.5,3,1,0,80.7,84.1,-3.35,45.57,0,0,0,0.8,,0,,consistently_engaged,0.824,False
STU_0156,12,5,0,1,0,19,178.0,3,0,2,87.7,84.4,8.37,47.1,3,2,0,5.5,0.77,0,5.0,consistently_engaged,0.818,False
STU_0156,13,4,1,0,1,12,127.2,2,0,0,90.8,84.9,5.05,17.82,1,1,0,1.2,,0,,consistently_engaged,0.799,False
STU_0156,14,4,1,0,1,23,146.7,2,1,0,88.2,85.1,0.23,1.88,1,0,0,0.4,0.43,0,3.0,consistently_engaged,0.827,False
STU_0156,15,5,0,1,0,13,173.2,2,0,0,84.1,85.1,-3.36,7.62,0,0,0,0.2,,0,,consistently_engaged,0.842,False
STU_0156,16,4,1,0,1,16,153.9,1,0,2,90.7,85.4,1.27,7.38,2,1,0,0.6,0.36,0,3.0,consistently_engaged,0.879,False
STU_0157,1,5,0,0,0,18,156.1,3,0,6,90.6,90.6,0.0,0.0,1,1,0,1.2,,0,,consistently_engaged,0.82,False
STU_0157,2,5,0,0,0,19,203.4,2,0,3,85.1,87.8,-5.47,7.49,1,1,0,0.7,1.0,0,4.0,consistently_engaged,0.897,False
STU_0157,3,5,0,0,0,18,203.6,2,0,5,100.0,91.9,4.71,37.81,1,0,0,0.5,,0,,consistently_engaged,0.92,False
STU_0157,4,5,0,0,0,12,188.8,3,0,2,95.1,92.7,4.99,38.37,2,0,0,1.2,0.69,0,5.0,consistently_engaged,0.878,False
STU_0157,5,4,1,0,1,17,182.2,2,0,5,79.9,90.1,-10.06,73.37,1,1,1,0.2,,0,,consistently_engaged,0.82,False
STU_0157,6,4,1,0,1,15,139.1,2,1,5,81.6,88.7,-6.75,46.24,2,0,0,0.9,0.54,0,5.0,consistently_engaged,0.831,False
STU_0157,7,5,0,0,0,20,146.4,2,0,2,87.7,88.6,3.89,11.16,0,1,0,1.6,,0,,consistently_engaged,0.833,False
STU_0157,8,4,1,0,0,19,175.6,2,0,2,89.1,88.6,3.74,10.53,2,0,0,1.0,0.21,0,4.0,consistently_engaged,0.844,False
STU_0157,9,5,0,1,0,20,205.0,1,0,2,91.6,88.9,1.95,2.59,2,0,0,1.8,,0,,consistently_engaged,0.853,False
STU_0157,10,5,0,1,0,17,151.8,1,0,1,90.5,89.1,0.73,1.04,3,1,0,0.3,1.0,0,4.0,consistently_engaged,0.874,False
STU_0157,11,4,1,0,0,20,151.2,1,0,3,92.5,89.4,0.49,0.67,0,0,0,0.7,,0,,consistently_engaged,0.861,False
STU_0157,12,5,0,0,0,18,152.1,2,0,1,85.1,89.1,-2.74,9.98,2,0,0,0.6,0.16,0,5.0,consistently_engaged,0.825,False
STU_0157,13,5,0,0,0,14,169.4,3,0,3,90.3,89.2,-1.1,9.83,1,2,0,0.3,,0,,consistently_engaged,0.836,False
STU_0157,14,4,1,0,1,15,171.7,2,0,1,87.6,89.0,1.27,4.63,2,1,0,1.3,0.6,0,4.0,consistently_engaged,0.83,False
STU_0157,15,5,0,1,0,16,178.0,2,0,3,84.6,88.7,-2.87,5.49,2,2,0,0.5,,0,,consistently_engaged,0.884,False
STU_0157,16,3,2,0,1,16,169.6,2,0,4,100.0,89.5,6.2,44.45,3,1,0,0.8,0.86,0,5.0,consistently_engaged,0.856,False
STU_0158,1,4,1,1,0,14,142.0,2,0,1,91.5,91.5,0.0,0.0,3,0,0,0.2,,0,,consistently_engaged,0.854,False
STU_0158,2,5,0,1,0,17,233.5,1,1,1,94.9,93.2,3.46,2.99,3,1,0,3.8,0.4,0,5.0,consistently_engaged,0.824,False
STU_0158,3,5,0,0,0,15,154.2,2,0,2,81.8,89.4,-4.85,30.99,1,0,0,0.3,,0,,consistently_engaged,0.848,False
STU_0158,4,4,1,0,1,19,174.1,2,0,2,92.5,90.2,-1.23,32.6,3,0,0,1.1,0.69,0,3.0,consistently_engaged,0.829,False
STU_0158,5,5,0,0,0,15,139.3,2,0,2,91.1,90.4,4.66,22.56,5,0,0,1.0,,0,,consistently_engaged,0.869,False
STU_0158,6,4,1,0,1,14,173.2,3,0,4,96.5,91.4,1.99,5.18,0,0,1,0.7,1.0,0,5.0,consistently_engaged,0.899,False
STU_0158,7,5,0,0,0,18,151.4,2,0,0,83.4,90.2,-3.85,28.8,4,0,0,0.0,,0,,consistently_engaged,0.931,False
STU_0158,8,5,0,0,0,18,207.0,2,0,1,88.8,90.1,-3.82,28.76,3,1,0,0.7,0.86,0,4.0,consistently_engaged,0.887,False
STU_0158,9,3,2,0,0,16,156.3,2,0,1,88.4,89.9,2.49,6.07,0,1,1,0.1,,0,,consistently_engaged,0.89,False
STU_0158,10,4,1,0,0,23,174.6,2,0,5,86.7,89.6,-1.07,0.84,3,1,0,0.2,0.05,0,4.0,consistently_engaged,0.897,False
STU_0158,11,5,0,0,0,24,183.0,2,0,0,86.9,89.3,-0.72,0.55,3,2,0,1.8,,0,,consistently_engaged,0.885,False
STU_0158,12,5,0,0,0,7,147.5,2,0,2,93.4,89.6,3.33,9.53,2,0,0,1.6,0.9,0,5.0,consistently_engaged,0.877,False
STU_0158,13,5,0,1,0,19,181.6,3,0,3,84.5,89.3,-1.21,13.94,8,0,0,0.7,,0,,consistently_engaged,0.878,False
STU_0158,14,3,2,0,1,19,178.5,2,0,0,80.8,88.6,-6.29,27.86,2,1,0,0.7,0.73,0,4.0,consistently_engaged,0.895,False
STU_0158,15,4,1,0,0,16,172.5,2,0,5,90.3,88.8,2.87,15.23,0,1,0,2.1,,0,,consistently_engaged,0.871,False
STU_0158,16,4,1,0,1,18,196.5,3,0,5,90.2,88.8,4.7,19.82,0,1,0,0.1,0.15,0,4.0,consistently_engaged,0.917,False
STU_0159,1,5,0,0,0,19,220.3,2,0,1,89.2,89.2,0.0,0.0,3,2,0,0.7,,0,,consistently_engaged,0.961,False
STU_0159,2,5,0,1,0,18,140.0,2,0,3,90.4,89.8,1.14,0.33,3,2,1,3.4,0.76,0,4.0,consistently_engaged,0.933,False
STU_0159,3,4,1,0,0,23,186.4,2,0,1,100.0,93.2,5.39,23.4,4,1,0,1.2,,1,,consistently_engaged,0.956,False
STU_0159,4,5,0,1,0,18,197.3,2,0,4,85.9,91.4,-2.22,34.52,3,1,0,0.2,0.55,0,4.0,consistently_engaged,0.978,False
STU_0159,5,5,0,0,0,18,158.8,2,0,1,84.0,89.9,-7.98,50.73,2,1,1,0.0,,0,,consistently_engaged,0.98,False
STU_0159,6,5,0,1,0,15,169.4,2,1,4,79.8,88.2,-3.05,6.51,3,1,1,1.4,1.0,0,4.0,consistently_engaged,0.955,False
STU_0159,7,5,0,0,0,20,190.2,2,0,5,94.5,89.1,5.22,37.99,2,0,0,0.7,,0,,consistently_engaged,0.98,False
STU_0159,8,5,0,0,0,21,187.4,3,0,1,100.0,90.5,10.09,72.51,1,0,0,0.7,0.64,0,4.0,consistently_engaged,0.98,False
STU_0159,9,5,0,0,0,17,183.1,2,0,4,86.9,90.1,-3.8,28.96,1,0,0,0.3,,0,,consistently_engaged,0.98,False
STU_0159,10,4,1,1,1,18,165.5,1,0,5,93.3,90.4,-3.37,28.73,2,1,0,0.7,1.0,0,5.0,consistently_engaged,0.959,False
STU_0159,11,5,0,0,0,20,220.4,2,0,6,82.9,89.7,-2.0,18.3,2,1,0,0.8,,0,,consistently_engaged,0.976,False
STU_0159,12,5,0,0,0,25,199.5,2,0,0,100.0,90.6,3.37,49.6,2,0,0,0.6,1.0,1,5.0,consistently_engaged,0.979,False
STU_0159,13,5,0,0,0,19,183.2,3,1,1,92.3,90.7,4.72,49.03,1,0,0,0.8,,1,,consistently_engaged,0.947,False
STU_0159,14,4,1,0,1,16,174.3,3,0,1,85.3,90.3,-7.33,35.85,2,1,1,1.9,1.0,0,4.0,consistently_engaged,0.94,False
STU_0159,15,5,0,0,0,22,188.2,2,0,1,94.6,90.6,1.16,15.61,3,1,0,0.6,,0,,consistently_engaged,0.914,False
STU_0159,16,5,0,1,0,24,218.5,2,0,1,93.8,90.8,4.22,17.59,1,0,0,0.3,0.95,0,5.0,consistently_engaged,0.927,False
STU_0160,1,5,0,1,0,13,193.0,2,0,2,88.1,88.1,0.0,0.0,4,1,0,0.3,,0,,consistently_engaged,0.802,False
STU_0160,2,5,0,0,0,17,159.9,2,0,2,82.4,85.3,-5.75,8.26,6,1,0,6.2,0.58,0,4.0,consistently_engaged,0.844,False
STU_0160,3,5,0,0,0,19,106.1,2,0,2,93.7,88.1,2.8,21.45,1,0,0,2.4,,0,,consistently_engaged,0.824,False
STU_0160,4,3,2,0,1,18,122.8,3,0,3,88.5,88.2,3.08,21.5,2,1,0,0.3,1.0,0,5.0,consistently_engaged,0.791,False
STU_0160,5,3,2,0,0,14,135.3,2,0,2,84.7,87.5,-4.53,13.8,3,0,1,1.2,,0,,consistently_engaged,0.781,False
STU_0160,6,5,0,0,0,18,166.3,2,0,1,75.8,85.5,-6.37,28.4,3,0,0,0.5,0.43,0,5.0,consistently_engaged,0.827,False
STU_0160,7,4,1,0,1,17,156.3,2,0,2,100.0,87.6,7.67,99.86,3,1,0,1.1,,0,,consistently_engaged,0.873,False
STU_0160,8,4,1,0,0,22,151.5,2,0,4,76.5,86.2,0.35,126.41,2,1,1,0.8,1.0,0,4.0,consistently_engaged,0.841,False
STU_0160,9,3,2,0,0,17,130.4,2,0,3,77.6,85.3,-11.18,117.05,7,1,0,0.2,,0,,consistently_engaged,0.819,False
STU_0160,10,4,1,0,0,12,171.1,2,1,1,80.9,84.8,2.18,3.41,2,1,0,0.2,0.86,0,5.0,consistently_engaged,0.816,False
STU_0160,11,4,1,0,0,13,157.2,3,0,4,91.7,85.4,7.03,36.13,2,1,0,0.6,,0,,consistently_engaged,0.817,False
STU_0160,12,5,0,0,0,19,143.7,2,0,1,86.3,85.5,2.73,19.55,0,0,1,0.8,1.0,0,4.0,consistently_engaged,0.829,False
STU_0160,13,4,1,0,1,16,164.9,3,0,2,87.9,85.7,-1.9,5.09,1,1,1,0.5,,0,,consistently_engaged,0.802,False
STU_0160,14,5,0,1,0,18,186.5,2,0,2,83.4,85.5,-1.44,3.42,0,0,0,0.1,0.49,0,4.0,consistently_engaged,0.846,False
STU_0160,15,5,0,1,0,13,171.3,1,0,3,90.2,85.9,1.14,7.86,2,1,1,1.6,,0,,consistently_engaged,0.849,False
STU_0160,16,5,0,1,0,21,123.5,2,0,2,80.2,85.5,-1.63,17.41,2,0,0,1.6,0.55,0,5.0,consistently_engaged,0.855,False
STU_0161,1,5,0,0,0,20,161.5,2,0,3,84.2,84.2,0.0,0.0,4,0,0,0.0,,0,,consistently_engaged,0.938,False
STU_0161,2,4,1,0,0,20,202.1,2,1,3,92.3,88.2,8.11,16.45,0,0,0,0.3,0.35,0,5.0,consistently_engaged,0.95,False
STU_0161,3,5,0,0,0,22,179.6,2,0,1,86.3,87.6,1.06,11.8,1,1,1,0.1,,0,,consistently_engaged,0.935,False
STU_0161,4,5,0,0,0,16,156.9,2,0,4,78.3,85.3,-7.0,32.88,0,1,0,0.0,1.0,0,4.0,consistently_engaged,0.936,False
STU_0161,5,4,1,0,0,22,162.8,2,0,0,83.5,84.9,-1.39,11.01,4,1,0,0.2,,1,,consistently_engaged,0.899,False
STU_0161,6,5,0,0,0,16,154.1,1,0,3,95.3,86.7,8.48,50.34,0,1,1,1.3,0.86,0,4.0,consistently_engaged,0.884,False
STU_0161,7,5,0,0,0,13,165.4,2,0,2,97.5,88.2,6.99,37.63,4,0,1,1.5,,0,,consistently_engaged,0.855,False
STU_0161,8,4,1,0,0,13,161.8,2,0,0,84.9,87.8,-5.2,30.29,3,0,1,0.5,0.79,0,5.0,consistently_engaged,0.842,False
STU_0161,9,4,1,0,0,14,140.7,2,0,3,80.8,87.0,-8.34,50.44,0,2,1,1.0,,0,,consistently_engaged,0.865,False
STU_0161,10,4,1,0,0,16,172.2,3,0,1,93.7,87.7,4.4,28.71,1,0,0,3.0,0.63,0,4.0,consistently_engaged,0.876,False
STU_0161,11,5,0,0,0,14,166.3,2,0,4,95.0,88.3,7.08,40.77,2,0,0,0.5,,0,,consistently_engaged,0.888,False
STU_0161,12,4,1,0,1,19,218.8,2,0,1,93.7,88.8,-0.01,0.39,5,2,0,1.4,1.0,0,5.0,consistently_engaged,0.878,False
STU_0161,13,4,1,0,0,10,205.2,2,0,4,80.8,88.2,-7.08,40.74,3,2,1,0.5,,0,,consistently_engaged,0.854,False
STU_0161,14,4,1,0,0,23,197.7,2,0,5,96.7,88.8,1.5,47.12,2,1,1,0.2,0.33,0,3.0,consistently_engaged,0.869,False
STU_0161,15,3,2,0,1,15,169.5,2,0,1,89.1,88.8,4.12,41.79,3,1,0,0.5,,0,,consistently_engaged,0.824,False
STU_0161,16,5,0,0,0,15,177.2,2,1,2,91.6,89.0,-2.55,9.96,5,1,0,0.2,0.33,0,4.0,consistently_engaged,0.802,False
STU_0162,1,5,0,0,0,17,157.7,2,0,3,90.2,90.2,0.0,0.0,2,0,0,1.7,,0,,consistently_engaged,0.85,False
STU_0162,2,5,0,0,0,25,154.3,2,0,1,96.8,93.5,6.54,10.68,4,2,0,0.1,0.21,0,5.0,consistently_engaged,0.905,False
STU_0162,3,5,0,0,0,18,160.0,3,0,0,88.0,91.6,-1.13,13.92,1,1,0,4.2,,0,,consistently_engaged,0.883,False
STU_0162,4,5,0,1,0,16,158.8,2,0,3,95.7,92.7,-0.54,15.35,2,2,0,0.9,0.93,0,5.0,consistently_engaged,0.911,False
STU_0162,5,5,0,0,0,16,175.0,2,1,2,86.5,91.4,-0.71,16.12,2,0,0,2.2,,0,,consistently_engaged,0.876,False
STU_0162,6,4,1,0,1,20,190.0,3,0,1,87.7,90.8,-4.0,16.54,0,0,0,0.7,0.7,0,3.0,consistently_engaged,0.944,False
STU_0162,7,5,0,0,0,18,151.7,3,0,1,91.3,90.9,2.37,4.07,2,0,1,1.8,,0,,consistently_engaged,0.873,False
STU_0162,8,4,1,0,1,13,170.4,1,0,0,91.3,90.9,1.81,2.9,2,0,0,2.1,1.0,0,4.0,consistently_engaged,0.86,False
STU_0162,9,5,0,0,0,19,156.3,2,0,1,86.7,90.5,-2.29,4.68,0,1,1,1.8,,0,,consistently_engaged,0.884,False
STU_0162,10,4,1,0,1,18,219.7,3,0,3,83.6,89.8,-3.83,9.93,1,0,0,0.6,0.61,0,4.0,consistently_engaged,0.89,False
STU_0162,11,4,1,0,1,19,179.8,2,0,3,96.2,90.4,4.77,28.8,2,0,1,2.4,,0,,consistently_engaged,0.928,False
STU_0162,12,5,0,0,0,18,163.5,2,0,1,94.6,90.7,5.5,31.39,4,0,0,0.4,0.6,1,5.0,consistently_engaged,0.945,False
STU_0162,13,5,0,0,0,16,193.0,2,0,2,92.1,90.8,-2.08,2.95,3,2,0,0.3,,0,,consistently_engaged,0.98,False
STU_0162,14,5,0,0,0,16,200.1,2,0,1,89.4,90.7,-2.6,4.52,4,0,0,0.5,1.0,0,5.0,consistently_engaged,0.965,False
STU_0162,15,5,0,0,0,10,171.4,3,0,3,93.1,90.9,0.5,2.35,3,0,0,2.6,,0,,consistently_engaged,0.936,False
STU_0162,16,4,1,0,1,20,214.4,3,0,2,99.5,91.4,5.06,17.52,2,2,0,0.9,1.0,0,5.0,consistently_engaged,0.943,False
STU_0163,1,5,0,0,0,19,202.9,2,1,3,80.9,80.9,0.0,0.0,0,1,0,1.9,,0,,consistently_engaged,0.874,False
STU_0163,2,4,1,1,0,18,150.7,2,0,4,94.5,87.7,13.62,46.37,3,1,1,0.2,0.69,0,4.0,consistently_engaged,0.866,False
STU_0163,3,4,1,0,0,16,207.2,2,0,4,74.9,83.4,-3.01,67.53,2,1,0,0.5,,0,,consistently_engaged,0.808,False
STU_0163,4,4,1,1,0,16,172.5,2,0,0,83.0,83.3,-5.76,64.96,3,0,1,0.3,0.93,0,3.0,consistently_engaged,0.871,False
STU_0163,5,5,0,0,0,18,207.6,2,0,4,84.2,83.5,4.69,17.31,2,1,0,0.2,,0,,consistently_engaged,0.914,False
STU_0163,6,4,1,0,0,17,143.0,1,0,2,86.5,84.0,1.73,2.05,3,0,1,0.4,1.0,0,5.0,consistently_engaged,0.853,False
STU_0163,7,5,0,0,0,15,146.0,2,0,4,89.7,84.8,2.72,4.97,0,0,0,0.6,,0,,consistently_engaged,0.763,False
STU_0163,8,4,1,0,0,14,162.0,1,0,2,83.2,84.6,-1.61,6.93,2,0,0,0.1,0.53,0,4.0,consistently_engaged,0.775,False
STU_0163,9,5,0,0,0,20,173.9,2,0,2,73.6,83.4,-8.03,43.6,1,0,0,0.6,,1,,consistently_engaged,0.765,False
STU_0163,10,3,2,0,2,15,192.4,2,0,1,86.1,83.7,1.43,28.53,0,1,1,2.4,0.95,0,5.0,consistently_engaged,0.821,False
STU_0163,11,5,0,0,0,20,118.0,2,0,1,85.1,83.8,5.73,32.04,2,1,0,0.5,,0,,consistently_engaged,0.856,False
STU_0163,12,3,2,0,1,18,131.4,2,0,1,85.8,83.9,-0.16,0.18,1,0,0,1.0,0.76,0,5.0,consistently_engaged,0.821,False
STU_0163,13,5,0,1,0,17,143.7,2,0,3,83.9,83.9,-0.61,0.63,3,1,0,1.7,,0,,consistently_engaged,0.779,False
STU_0163,14,5,0,0,0,18,148.1,2,0,2,84.7,84.0,-0.54,0.62,2,1,0,1.5,0.4,0,5.0,consistently_engaged,0.788,False
STU_0163,15,5,0,0,0,20,137.9,3,0,5,76.5,83.5,-3.68,13.59,6,0,0,1.7,,0,,consistently_engaged,0.823,False
STU_0163,16,5,0,1,0,21,172.5,2,1,1,90.3,83.9,2.78,31.95,5,0,0,0.8,0.65,0,4.0,consistently_engaged,0.803,False
STU_0164,1,4,1,0,0,18,185.8,2,0,2,87.3,87.3,0.0,0.0,1,1,0,1.0,,0,,consistently_engaged,0.832,False
STU_0164,2,5,0,0,0,20,163.8,2,1,1,83.8,85.6,-3.53,3.12,1,0,0,0.6,0.65,0,4.0,consistently_engaged,0.771,False
STU_0164,3,5,0,3,0,17,163.9,2,0,5,79.9,83.7,-3.71,9.2,5,1,1,0.5,,0,,consistently_engaged,0.797,False
STU_0164,4,4,1,0,0,17,180.1,1,1,3,94.2,86.3,5.21,36.56,2,1,0,2.5,0.33,0,4.0,consistently_engaged,0.807,False
STU_0164,5,3,2,0,1,17,134.7,1,0,2,79.5,84.9,-0.18,46.74,1,2,1,0.0,,0,,consistently_engaged,0.84,False
STU_0164,6,5,0,1,0,19,147.0,2,0,1,77.9,83.8,-8.17,53.89,0,0,0,0.2,0.85,0,5.0,consistently_engaged,0.836,False
STU_0164,7,5,0,0,0,20,194.9,2,0,0,83.6,83.7,2.02,5.71,1,1,1,0.4,,1,,consistently_engaged,0.838,False
STU_0164,8,5,0,0,0,18,161.5,2,0,3,87.1,84.2,4.63,14.56,3,0,0,1.6,1.0,0,5.0,consistently_engaged,0.877,False
STU_0164,9,5,0,0,0,17,174.3,2,1,3,92.7,85.1,4.57,14.17,1,1,0,0.6,,0,,consistently_engaged,0.866,False
STU_0164,10,3,2,0,1,17,148.4,2,0,5,87.8,85.4,0.3,6.23,3,2,0,0.7,1.0,0,4.0,consistently_engaged,0.846,False
STU_0164,11,5,0,0,0,13,153.0,1,0,2,94.1,86.2,0.67,7.36,3,0,1,0.6,,0,,consistently_engaged,0.825,False
STU_0164,12,5,0,0,0,20,171.3,2,0,3,88.4,86.4,0.33,8.03,2,1,0,0.4,0.53,0,4.0,consistently_engaged,0.806,False
STU_0164,13,5,0,0,0,15,172.5,2,0,2,82.2,86.0,-5.92,23.35,2,2,1,1.7,,0,,consistently_engaged,0.784,False
STU_0164,14,5,0,0,0,14,166.2,2,0,3,72.4,85.1,-8.01,43.52,4,0,0,0.3,0.49,0,5.0,consistently_engaged,0.81,False
STU_0164,15,4,1,1,1,17,159.1,3,0,1,66.5,83.8,-7.85,41.95,3,0,1,0.9,,0,,consistently_engaged,0.793,False
STU_0164,16,4,1,0,0,13,175.8,2,0,0,86.3,84.0,6.93,68.37,1,2,1,1.5,-0.39,0,5.0,consistently_engaged,0.775,False
STU_0165,1,5,0,0,0,14,126.8,3,0,2,79.7,79.7,0.0,0.0,4,0,0,1.0,,0,,consistently_engaged,0.905,False
STU_0165,2,5,0,0,0,18,149.2,2,1,2,89.7,84.7,10.02,25.09,2,0,0,0.1,0.96,0,4.0,consistently_engaged,0.874,False
STU_0165,3,3,2,0,0,21,186.0,2,0,2,92.5,87.3,6.37,30.03,3,1,0,0.7,,0,,consistently_engaged,0.883,False
STU_0165,4,5,0,0,0,14,125.7,2,0,1,82.6,86.1,-3.57,17.31,1,0,0,0.1,1.0,0,4.0,consistently_engaged,0.802,False
STU_0165,5,5,0,0,0,17,183.3,1,0,0,78.7,84.6,-6.91,33.78,2,1,1,3.3,,1,,consistently_engaged,0.833,False
STU_0165,6,5,0,1,0,20,158.5,1,0,1,82.7,84.3,0.06,3.57,4,1,0,1.3,0.94,0,5.0,consistently_engaged,0.836,False
STU_0165,7,5,0,0,0,17,161.7,2,0,1,88.1,84.9,4.73,15.01,0,0,1,2.3,,0,,consistently_engaged,0.813,False
STU_0165,8,5,0,2,0,15,171.8,2,0,0,77.8,84.0,-2.44,17.6,4,0,0,3.2,0.27,0,4.0,consistently_engaged,0.785,False
STU_0165,9,5,0,0,0,15,186.1,2,0,1,88.5,84.5,0.19,24.32,2,0,0,1.7,,0,,consistently_engaged,0.848,False
STU_0165,10,5,0,0,0,20,164.7,1,0,6,96.0,85.6,9.07,55.41,2,0,1,0.1,0.7,0,4.0,consistently_engaged,0.929,False
STU_0165,11,5,0,0,0,19,175.9,2,0,1,92.1,86.2,1.79,9.38,3,1,1,1.5,,0,,consistently_engaged,0.978,False
STU_0165,12,4,1,0,0,24,183.6,2,0,5,89.3,86.5,-3.34,7.53,3,2,0,0.5,0.36,0,5.0,consistently_engaged,0.918,False
STU_0165,13,5,0,0,0,25,189.9,1,0,1,100.0,87.5,3.97,20.57,2,0,0,0.5,,0,,consistently_engaged,0.901,False
STU_0165,14,5,0,0,0,21,198.0,2,0,1,88.1,87.6,-0.58,28.49,1,0,1,1.9,0.65,0,5.0,consistently_engaged,0.902,False
STU_0165,15,5,0,0,0,13,175.9,2,0,4,96.5,88.2,-1.74,24.75,0,2,0,2.4,,0,,consistently_engaged,0.914,False
STU_0165,16,4,1,0,0,19,184.5,2,0,2,87.4,88.1,-0.37,17.05,5,1,0,0.6,1.0,0,5.0,consistently_engaged,0.924,False
STU_0166,1,5,0,0,0,19,173.4,2,0,0,79.1,79.1,0.0,0.0,2,0,0,4.5,,0,,consistently_engaged,0.8,False
STU_0166,2,4,1,0,0,12,149.1,3,0,2,87.2,83.2,8.11,16.46,3,1,0,1.1,0.68,0,5.0,consistently_engaged,0.816,False
STU_0166,3,5,0,0,0,17,164.0,2,1,0,74.0,80.1,-2.56,29.69,1,0,0,0.5,,0,,consistently_engaged,0.826,False
STU_0166,4,5,0,0,0,18,171.2,2,0,3,89.2,82.4,0.96,45.37,1,1,0,0.2,0.65,0,5.0,consistently_engaged,0.83,False
STU_0166,5,4,1,0,0,14,150.8,3,0,0,78.4,81.6,2.2,40.49,2,1,0,0.5,,0,,consistently_engaged,0.831,False
STU_0166,6,5,0,0,0,13,137.2,2,0,1,94.0,83.7,2.42,42.41,3,1,0,1.3,0.17,0,5.0,consistently_engaged,0.815,False
STU_0166,7,5,0,0,0,21,165.2,2,0,2,85.9,84.0,3.75,40.49,3,1,0,1.1,,0,,consistently_engaged,0.817,False
STU_0166,8,5,0,1,0,15,173.9,2,0,2,83.3,83.9,-5.36,20.81,5,1,1,2.6,0.5,0,5.0,consistently_engaged,0.812,False
STU_0166,9,4,1,1,1,21,175.2,2,0,5,79.4,83.4,-3.23,7.05,2,0,0,2.0,,0,,consistently_engaged,0.822,False
STU_0166,10,3,2,0,1,17,121.0,1,0,0,88.4,83.9,2.59,13.65,2,1,0,2.4,0.68,0,4.0,consistently_engaged,0.767,False
STU_0166,11,4,1,0,0,12,160.9,2,0,1,75.1,83.1,-2.18,31.01,0,1,1,1.4,,0,,consistently_engaged,0.774,False
STU_0166,12,5,0,1,0,16,129.4,2,0,1,78.9,82.7,-4.78,31.64,0,0,0,0.9,1.0,0,4.0,consistently_engaged,0.775,False
STU_0166,13,5,0,1,0,11,138.5,2,1,1,90.4,83.3,7.67,42.47,2,1,1,1.0,,0,,consistently_engaged,0.794,False
STU_0166,14,5,0,1,0,16,173.4,2,0,1,89.2,83.8,5.15,26.69,7,1,0,0.2,0.46,0,4.0,consistently_engaged,0.806,False
STU_0166,15,4,1,0,1,14,163.2,2,0,2,81.3,83.6,-4.53,16.13,3,1,0,0.6,,0,,consistently_engaged,0.861,False
STU_0166,16,5,0,0,0,20,123.7,2,0,2,84.7,83.7,-2.26,10.32,1,0,0,2.0,1.0,0,4.0,consistently_engaged,0.872,False
STU_0167,1,5,0,0,0,12,145.1,2,0,5,91.3,91.3,0.0,0.0,2,1,0,0.7,,0,,consistently_engaged,0.854,False
STU_0167,2,5,0,1,0,21,181.8,2,0,1,85.8,88.5,-5.52,7.63,0,1,0,2.2,-0.21,0,4.0,consistently_engaged,0.917,False
STU_0167,3,5,0,0,0,16,181.3,1,0,4,92.1,89.7,0.39,7.87,1,1,1,0.3,,0,,consistently_engaged,0.918,False
STU_0167,4,5,0,0,0,19,163.2,2,0,4,90.7,90.0,2.46,7.31,3,1,1,0.5,0.66,0,4.0,consistently_engaged,0.908,False
STU_0167,5,5,0,1,0,16,173.2,3,0,1,87.6,89.5,-2.22,3.45,3,1,0,0.7,,0,,consistently_engaged,0.919,False
STU_0167,6,5,0,1,0,23,117.8,1,0,3,88.4,89.3,-1.13,1.68,1,1,0,1.4,0.38,0,5.0,consistently_engaged,0.881,False
STU_0167,7,4,1,0,1,18,204.4,2,0,1,85.8,88.8,-0.91,1.2,1,2,1,0.8,,0,,consistently_engaged,0.876,False
STU_0167,8,5,0,0,0,16,169.0,3,0,2,80.7,87.8,-3.84,10.16,4,1,1,4.7,0.08,0,3.0,consistently_engaged,0.906,False
STU_0167,9,4,1,0,1,14,150.0,2,0,3,90.6,88.1,2.41,16.26,3,0,1,1.3,,0,,consistently_engaged,0.919,False
STU_0167,10,5,0,0,0,13,190.0,2,0,4,87.5,88.0,3.37,16.97,1,0,0,0.1,1.0,0,4.0,consistently_engaged,0.92,False
STU_0167,11,5,0,0,0,22,155.8,2,0,0,92.2,88.4,0.8,3.87,5,1,0,0.5,,0,,consistently_engaged,0.915,False
STU_0167,12,4,1,0,1,15,151.8,3,0,4,84.8,88.1,-1.33,9.35,3,0,0,0.6,-0.23,0,4.0,consistently_engaged,0.867,False
STU_0167,13,5,0,0,0,20,212.7,2,0,2,79.6,87.5,-6.31,26.83,2,0,0,0.8,,0,,consistently_engaged,0.82,False
STU_0167,14,5,0,0,0,20,173.8,2,0,3,82.3,87.1,-1.27,4.56,2,0,0,0.2,0.21,0,5.0,consistently_engaged,0.797,False
STU_0167,15,5,0,0,0,18,152.2,2,0,3,78.5,86.5,-0.52,2.48,1,0,0,0.2,,0,,consistently_engaged,0.802,False
STU_0167,16,5,0,0,0,15,171.4,2,0,1,79.9,86.1,-1.17,2.38,2,0,0,2.4,0.71,0,4.0,consistently_engaged,0.847,False
STU_0168,1,2,3,0,2,18,159.7,2,0,4,82.7,82.7,0.0,0.0,0,1,0,1.4,,0,,consistently_engaged,0.842,False
STU_0168,2,4,1,0,0,17,113.0,1,0,2,84.4,83.6,1.72,0.74,1,1,0,2.2,0.75,0,4.0,consistently_engaged,0.858,False
STU_0168,3,4,1,0,1,17,170.8,2,0,4,91.9,86.4,4.62,16.1,2,0,0,0.8,,0,,consistently_engaged,0.856,False
STU_0168,4,5,0,0,0,19,188.4,2,0,2,70.4,82.4,-7.04,80.12,2,0,0,1.8,0.9,0,5.0,consistently_engaged,0.845,False
STU_0168,5,5,0,0,0,21,143.1,2,0,3,84.8,82.8,-3.59,80.64,4,0,0,1.8,,0,,consistently_engaged,0.867,False
STU_0168,6,4,1,1,1,24,158.2,3,0,1,85.0,83.2,7.32,46.89,0,0,0,0.6,1.0,0,4.0,consistently_engaged,0.846,False
STU_0168,7,4,1,0,1,23,146.3,2,0,1,83.0,83.2,-0.88,0.79,3,0,1,0.8,,0,,consistently_engaged,0.835,False
STU_0168,8,5,0,1,0,17,118.5,2,1,2,81.9,83.0,-1.55,1.64,1,1,1,2.0,0.88,0,5.0,consistently_engaged,0.794,False
STU_0168,9,5,0,0,0,8,171.6,2,1,1,78.7,82.5,-2.14,3.3,5,0,0,1.3,,0,,consistently_engaged,0.777,False
STU_0168,10,5,0,1,0,20,193.8,3,0,2,75.4,81.8,-3.23,6.95,4,0,0,1.4,0.54,0,5.0,consistently_engaged,0.763,False
STU_0168,11,5,0,1,0,14,148.1,2,0,4,87.7,82.4,4.48,26.76,2,1,0,3.0,,0,,consistently_engaged,0.771,False
STU_0168,12,5,0,0,0,14,145.8,3,0,2,77.7,82.0,1.11,28.35,1,0,0,1.4,0.52,0,4.0,consistently_engaged,0.79,False
STU_0168,13,3,2,0,1,16,141.1,2,0,3,80.6,81.9,-3.55,17.7,1,0,0,1.0,,0,,consistently_engaged,0.792,False
STU_0168,14,5,0,0,0,17,181.6,2,0,1,83.2,82.0,2.76,5.09,0,1,0,0.0,0.31,0,4.0,consistently_engaged,0.856,False
STU_0168,15,4,1,0,0,18,175.7,2,0,1,86.5,82.3,2.98,5.94,3,1,0,0.7,,0,,consistently_engaged,0.915,False
STU_0168,16,3,2,0,0,16,175.2,2,0,5,84.3,82.4,0.56,1.94,3,1,1,0.9,0.51,0,5.0,consistently_engaged,0.934,False
STU_0169,1,4,1,0,1,13,155.5,2,0,2,88.1,88.1,0.0,0.0,3,1,1,0.2,,0,,consistently_engaged,0.914,False
STU_0169,2,5,0,0,0,23,151.0,2,0,3,84.4,86.2,-3.7,3.42,4,1,0,2.4,0.72,0,4.0,consistently_engaged,0.91,False
STU_0169,3,5,0,0,0,15,184.8,2,0,3,94.1,88.8,3.04,16.29,2,0,0,0.1,,0,,consistently_engaged,0.886,False
STU_0169,4,4,1,0,1,17,168.4,2,1,2,84.4,87.7,0.04,21.13,2,0,0,1.7,1.0,0,5.0,consistently_engaged,0.868,False
STU_0169,5,4,1,0,0,21,153.0,2,0,6,87.5,87.7,-3.31,16.41,4,1,0,0.0,,0,,consistently_engaged,0.885,False
STU_0169,6,5,0,1,0,19,165.5,2,1,2,95.5,89.0,5.53,21.74,0,2,1,0.6,0.64,0,4.0,consistently_engaged,0.903,False
STU_0169,7,5,0,1,0,12,159.1,2,1,3,93.0,89.6,2.75,11.11,1,1,1,0.5,,0,,consistently_engaged,0.887,False
STU_0169,8,5,0,1,0,13,191.0,2,1,2,81.8,88.6,-6.85,35.49,2,2,0,0.5,0.75,0,5.0,consistently_engaged,0.871,False
STU_0169,9,3,2,0,0,19,130.4,2,0,1,83.2,88.0,-4.9,24.89,2,1,0,1.1,,0,,consistently_engaged,0.837,False
STU_0169,10,4,1,0,1,17,167.0,3,1,2,87.8,88.0,3.02,6.65,0,0,0,1.6,0.7,0,4.0,consistently_engaged,0.839,False
STU_0169,11,5,0,0,0,14,138.0,2,1,0,79.7,87.2,-1.74,11.05,3,0,0,3.5,,0,,consistently_engaged,0.844,False
STU_0169,12,4,1,0,0,19,183.7,2,1,2,87.8,87.3,-0.03,14.52,2,1,1,1.6,0.7,0,4.0,consistently_engaged,0.797,False
STU_0169,13,4,1,0,0,19,176.7,2,0,1,80.3,86.7,0.29,13.44,2,1,1,0.3,,0,,consistently_engaged,0.742,False
STU_0169,14,5,0,1,0,14,135.9,3,0,3,59.3,84.8,-14.25,145.67,1,0,0,5.6,1.0,0,4.0,consistently_engaged,0.725,False
STU_0169,15,4,1,1,1,21,128.8,2,0,3,93.5,85.4,6.59,198.51,1,0,0,3.9,,0,,consistently_engaged,0.759,False
STU_0169,16,5,0,1,0,15,182.5,1,0,1,72.1,84.5,6.4,199.2,2,0,0,0.1,1.0,0,4.0,consistently_engaged,0.776,False
STU_0170,1,5,0,1,0,14,168.7,2,0,3,83.8,83.8,0.0,0.0,3,1,0,3.7,,0,,consistently_engaged,0.855,False
STU_0170,2,4,1,0,0,14,129.9,1,0,2,78.1,80.9,-5.67,8.04,1,1,1,1.0,0.51,0,5.0,consistently_engaged,0.855,False
STU_0170,3,4,1,0,1,19,192.5,2,0,2,85.0,82.3,0.6,8.99,1,1,0,2.3,,0,,consistently_engaged,0.811,False
STU_0170,4,4,1,1,0,16,155.2,2,1,2,80.5,81.8,1.19,8.13,3,2,0,0.6,1.0,0,4.0,consistently_engaged,0.791,False
STU_0170,5,4,1,0,0,16,205.9,2,0,1,83.8,82.2,-0.59,3.61,3,1,1,1.8,,0,,consistently_engaged,0.8,False
STU_0170,6,5,0,0,0,14,193.2,2,0,4,76.1,81.2,-2.18,9.84,3,1,0,0.4,0.22,0,3.0,consistently_engaged,0.782,False
STU_0170,7,4,1,0,1,16,142.3,2,0,2,90.5,82.5,3.34,34.35,1,1,0,0.0,,0,,consistently_engaged,0.8,False
STU_0170,8,3,2,1,0,22,185.2,2,0,1,84.7,82.8,4.29,34.74,2,1,0,0.7,0.2,0,4.0,consistently_engaged,0.786,False
STU_0170,9,4,1,0,0,19,157.2,2,0,2,94.5,84.1,2.02,16.19,5,1,0,2.9,,0,,consistently_engaged,0.764,False
STU_0170,10,4,1,0,1,13,166.4,3,0,4,84.1,84.1,-0.28,22.65,0,1,0,1.9,0.5,0,4.0,consistently_engaged,0.806,False
STU_0170,11,4,1,0,1,17,132.0,2,0,2,79.7,83.7,-7.42,38.61,4,1,0,1.4,,0,,consistently_engaged,0.784,False
STU_0170,12,3,2,0,0,17,182.4,2,0,2,82.9,83.6,-0.62,3.55,5,1,0,2.1,1.0,0,5.0,consistently_engaged,0.779,False
STU_0170,13,4,1,0,1,19,138.8,2,0,2,77.2,83.1,-1.25,5.51,5,0,0,2.2,,0,,consistently_engaged,0.781,False
STU_0170,14,3,2,1,0,14,133.2,2,0,3,87.8,83.5,2.43,18.78,0,2,0,2.3,0.16,0,4.0,consistently_engaged,0.75,False
STU_0170,15,5,0,0,0,17,130.9,2,0,5,85.3,83.6,4.08,20.56,2,2,0,1.2,,0,,consistently_engaged,0.817,False
STU_0170,16,5,0,2,0,25,128.8,2,0,3,86.4,83.8,-0.66,0.99,1,1,0,3.8,0.75,0,5.0,consistently_engaged,0.845,False
STU_0171,1,4,1,0,0,20,125.9,2,0,4,81.6,81.6,0.0,0.0,5,1,0,2.6,,0,,consistently_engaged,0.831,False
STU_0171,2,5,0,0,0,14,189.7,2,0,1,81.1,81.4,-0.48,0.06,2,2,0,0.2,1.0,0,5.0,consistently_engaged,0.831,False
STU_0171,3,5,0,0,0,17,211.0,2,0,1,88.9,83.9,3.66,12.72,0,0,0,1.9,,0,,consistently_engaged,0.829,False
STU_0171,4,4,1,0,1,21,151.7,2,0,1,83.4,83.8,1.15,10.7,1,0,0,3.5,0.34,0,4.0,consistently_engaged,0.84,False
STU_0171,5,4,1,0,0,15,183.4,2,0,1,92.7,85.5,1.88,14.46,2,0,0,2.7,,0,,consistently_engaged,0.83,False
STU_0171,6,4,1,1,0,20,207.0,2,0,1,85.8,85.6,1.17,15.46,3,0,0,3.5,1.0,0,5.0,consistently_engaged,0.826,False
STU_0171,7,5,0,0,0,21,149.4,1,0,2,78.2,84.5,-7.26,35.12,3,1,0,1.0,,0,,consistently_engaged,0.75,False
STU_0171,8,3,2,0,0,17,189.1,2,1,2,81.8,84.2,-1.98,9.61,1,1,1,1.6,0.33,0,4.0,consistently_engaged,0.809,False
STU_0171,9,5,0,0,0,20,123.7,3,1,0,77.1,83.4,-0.55,4.1,3,1,0,1.3,,0,,consistently_engaged,0.778,False
STU_0171,10,5,0,0,0,19,133.8,2,0,2,77.1,82.8,-2.36,4.97,2,1,1,0.8,0.33,0,3.0,consistently_engaged,0.8,False
STU_0171,11,5,0,2,0,16,183.4,2,0,1,86.3,83.1,4.63,19.04,3,2,1,0.1,,0,,consistently_engaged,0.789,False
STU_0171,12,4,1,0,0,18,151.5,1,1,2,90.2,83.7,6.57,30.39,1,0,1,0.8,0.13,0,4.0,consistently_engaged,0.763,False
STU_0171,13,5,0,0,0,15,140.2,2,1,0,82.0,83.6,-2.15,11.24,0,1,0,2.8,,0,,consistently_engaged,0.756,False
STU_0171,14,5,0,0,0,14,156.3,1,0,2,86.7,83.8,-1.76,11.3,5,1,1,5.0,0.11,0,4.0,consistently_engaged,0.759,False
STU_0171,15,3,2,0,1,19,172.0,1,0,4,83.9,83.8,0.96,3.7,0,0,1,1.4,,0,,consistently_engaged,0.767,False
STU_0171,16,5,0,1,0,15,138.1,2,2,0,93.0,84.4,3.16,14.48,0,0,0,1.9,0.11,0,4.0,consistently_engaged,0.749,False
STU_0172,1,5,0,1,0,15,178.8,2,2,2,92.5,92.5,0.0,0.0,2,0,0,0.3,,0,,consistently_engaged,0.76,False
STU_0172,2,5,0,2,0,9,163.1,2,0,4,81.0,86.7,-11.48,32.96,2,1,0,0.8,1.0,0,3.0,consistently_engaged,0.775,False
STU_0172,3,5,0,0,0,12,148.3,2,0,3,92.1,88.5,-0.2,28.31,2,0,0,0.6,,0,,consistently_engaged,0.776,False
STU_0172,4,5,0,1,0,16,173.2,2,2,2,88.4,88.5,3.73,21.28,2,1,0,0.3,0.93,0,5.0,consistently_engaged,0.774,False
STU_0172,5,5,0,1,0,17,164.0,2,0,1,70.3,84.8,-10.88,90.56,1,1,0,1.0,,0,,consistently_engaged,0.723,False
STU_0172,6,5,0,0,0,15,188.6,3,0,1,79.1,83.9,-4.67,54.79,1,1,1,4.4,0.05,0,3.0,consistently_engaged,0.715,False
STU_0172,7,5,0,0,0,15,145.5,2,1,1,76.3,82.8,3.01,13.46,0,1,0,3.0,,0,,consistently_engaged,0.708,False
STU_0172,8,4,1,0,1,19,112.3,2,0,0,80.2,82.5,0.55,2.65,2,0,1,0.9,0.53,0,3.0,consistently_engaged,0.74,False
STU_0172,9,4,1,0,0,18,177.4,2,0,0,75.6,81.7,-0.39,4.13,0,1,0,0.9,,0,,consistently_engaged,0.768,False
STU_0172,10,3,2,0,2,19,182.7,2,1,0,79.1,81.4,-0.56,3.92,4,0,1,0.7,0.12,0,4.0,consistently_engaged,0.761,False
STU_0172,11,5,0,0,0,14,135.1,1,0,1,75.5,80.9,-0.05,2.84,2,0,0,0.1,,0,,consistently_engaged,0.709,False
STU_0172,12,4,1,0,0,16,168.8,2,1,1,74.0,80.3,-2.55,4.58,2,0,0,3.1,0.47,0,3.0,consistently_engaged,0.696,False
STU_0172,13,5,0,0,0,16,150.4,2,1,2,89.1,81.0,6.83,46.35,3,2,0,0.8,,0,,consistently_engaged,0.708,False
STU_0172,14,5,0,0,0,21,163.3,2,0,2,69.3,80.2,-2.35,71.54,3,0,0,2.9,0.02,1,3.0,consistently_engaged,0.716,False
STU_0172,15,4,1,0,0,15,168.2,2,0,5,85.2,80.5,-1.96,73.48,0,0,1,3.5,,0,,consistently_engaged,0.764,False
STU_0172,16,4,1,0,1,16,111.1,2,0,2,75.7,80.2,3.2,42.69,0,1,0,0.1,0.91,0,4.0,consistently_engaged,0.744,False
STU_0173,1,4,1,0,0,15,138.2,2,0,1,85.3,85.3,0.0,0.0,3,0,1,1.1,,0,,consistently_engaged,0.849,False
STU_0173,2,4,1,0,1,19,142.9,2,0,2,75.5,80.4,-9.88,24.39,3,0,1,0.6,0.77,0,4.0,consistently_engaged,0.801,False
STU_0173,3,5,0,0,0,11,122.1,2,1,2,88.0,82.9,1.31,28.97,3,0,0,0.8,,0,,consistently_engaged,0.829,False
STU_0173,4,3,2,0,2,12,133.3,2,0,3,89.6,84.6,7.08,39.97,2,1,1,0.2,0.28,0,5.0,consistently_engaged,0.794,False
STU_0173,5,5,0,1,0,11,142.0,1,0,1,81.7,84.0,-3.12,11.6,2,0,0,0.3,,0,,consistently_engaged,0.732,False
STU_0173,6,4,1,0,0,16,156.0,2,1,1,72.5,82.1,-8.58,49.18,1,0,0,0.5,0.21,0,4.0,consistently_engaged,0.738,False
STU_0173,7,4,1,1,0,13,99.9,2,0,1,75.6,81.2,-3.08,14.79,1,0,0,1.3,,0,,consistently_engaged,0.754,False
STU_0173,8,5,0,0,0,16,178.7,1,0,1,75.9,80.5,1.73,2.4,3,0,0,1.0,0.33,1,4.0,consistently_engaged,0.753,False
STU_0173,9,5,0,0,0,16,76.4,2,1,3,77.4,80.2,0.93,0.64,2,1,0,0.7,,0,,consistently_engaged,0.753,False
STU_0173,10,5,0,0,0,16,144.6,2,1,1,68.7,79.0,-3.63,14.56,1,1,0,0.8,0.19,0,5.0,consistently_engaged,0.757,False
STU_0173,11,4,1,0,1,9,152.2,2,1,4,80.2,79.1,1.38,23.98,4,0,1,2.3,,0,,consistently_engaged,0.749,False
STU_0173,12,4,1,0,0,9,102.5,3,0,3,76.1,78.9,3.71,22.63,2,0,1,0.5,0.2,0,4.0,consistently_engaged,0.729,False
STU_0173,13,5,0,0,0,15,168.9,2,0,1,73.8,78.5,-3.17,6.9,2,1,0,1.2,,0,,consistently_engaged,0.749,False
STU_0173,14,4,1,0,1,20,126.9,1,0,2,79.1,78.5,1.52,4.76,1,1,0,2.4,-0.08,0,5.0,consistently_engaged,0.748,False
STU_0173,15,5,0,0,0,17,133.3,2,0,2,75.4,78.3,0.81,4.97,4,0,0,0.1,,0,,consistently_engaged,0.756,False
STU_0173,16,5,0,0,0,19,112.2,2,0,2,73.9,78.0,-2.63,4.86,2,0,0,0.6,0.39,0,5.0,consistently_engaged,0.767,False
STU_0174,1,5,0,0,0,16,144.7,2,0,3,90.3,90.3,0.0,0.0,0,0,1,1.1,,0,,consistently_engaged,0.89,False
STU_0174,2,4,1,0,0,18,173.8,2,0,2,91.9,91.1,1.57,0.62,4,1,0,1.2,0.62,0,4.0,consistently_engaged,0.89,False
STU_0174,3,5,0,0,0,17,206.2,2,0,2,96.2,92.8,2.94,6.16,1,1,0,1.7,,0,,consistently_engaged,0.888,False
STU_0174,4,3,2,0,0,12,158.1,2,0,3,85.7,91.0,-3.1,18.56,2,1,0,2.4,0.33,0,5.0,consistently_engaged,0.868,False
STU_0174,5,5,0,0,0,20,166.9,2,0,3,85.7,90.0,-5.24,24.46,2,1,0,3.3,,0,,consistently_engaged,0.858,False
STU_0174,6,5,0,0,0,21,189.2,2,0,2,81.3,88.5,-2.19,4.29,1,1,1,0.5,0.67,0,5.0,consistently_engaged,0.881,False
STU_0174,7,4,1,0,0,14,103.1,2,1,2,93.6,89.2,3.92,25.65,2,1,0,1.2,,0,,consistently_engaged,0.875,False
STU_0174,8,4,1,0,0,14,229.6,1,0,2,89.9,89.3,4.27,26.3,4,1,0,0.2,0.9,0,4.0,consistently_engaged,0.903,False
STU_0174,9,5,0,0,0,22,187.6,2,0,1,84.7,88.8,-4.41,13.07,1,0,0,1.1,,0,,consistently_engaged,0.895,False
STU_0174,10,5,0,0,0,17,188.2,3,0,2,89.4,88.9,-0.26,5.3,4,1,0,0.6,0.94,0,5.0,consistently_engaged,0.883,False
STU_0174,11,5,0,1,0,24,171.9,2,0,2,100.0,89.9,7.63,40.81,3,0,0,4.5,,0,,consistently_engaged,0.864,False
STU_0174,12,5,0,0,0,18,155.4,3,0,3,78.9,89.0,-5.2,73.87,5,1,0,1.0,0.89,0,4.0,consistently_engaged,0.834,False
STU_0174,13,5,0,0,0,21,112.4,2,0,1,80.7,88.3,-9.66,91.05,3,0,0,0.5,,0,,consistently_engaged,0.835,False
STU_0174,14,5,0,0,0,13,171.8,1,0,2,73.0,87.2,-2.96,10.75,5,0,0,2.8,0.64,0,4.0,consistently_engaged,0.831,False
STU_0174,15,4,1,0,1,21,161.1,2,0,1,83.7,87.0,1.5,20.12,3,0,0,1.6,,0,,consistently_engaged,0.846,False
STU_0174,16,5,0,0,0,17,162.9,2,0,2,88.6,87.1,7.8,42.34,2,0,0,0.6,0.91,0,4.0,consistently_engaged,0.829,False
STU_0175,1,5,0,1,0,15,185.2,2,0,3,91.7,91.7,0.0,0.0,3,0,0,0.4,,0,,consistently_engaged,0.885,False
STU_0175,2,5,0,0,0,16,143.0,2,0,2,85.7,88.7,-5.99,8.97,7,0,0,0.2,0.9,0,5.0,consistently_engaged,0.876,False
STU_0175,3,4,1,0,0,17,215.6,2,0,3,83.0,86.8,-4.33,13.13,1,1,0,1.8,,0,,consistently_engaged,0.834,False
STU_0175,4,4,1,0,0,13,200.2,2,0,4,86.4,86.7,0.36,2.13,2,1,0,0.2,0.66,0,5.0,consistently_engaged,0.865,False
STU_0175,5,4,1,0,1,15,147.9,1,0,4,88.8,87.1,2.88,5.61,2,0,0,2.3,,0,,consistently_engaged,0.856,False
STU_0175,6,3,2,0,1,19,175.4,2,0,2,79.8,85.9,-3.3,14.39,4,1,1,2.4,0.95,0,3.0,consistently_engaged,0.877,False
STU_0175,7,4,1,0,1,15,111.9,3,0,1,88.4,86.2,-0.17,17.22,2,0,0,1.0,,0,,consistently_engaged,0.867,False
STU_0175,8,5,0,0,0,19,142.3,2,0,2,94.6,87.3,7.41,36.9,3,1,0,0.2,0.41,0,4.0,consistently_engaged,0.896,False
STU_0175,9,4,1,0,0,20,170.8,1,0,3,98.5,88.5,5.04,17.2,5,1,1,0.6,,0,,consistently_engaged,0.913,False
STU_0175,10,4,1,0,1,20,175.5,2,0,6,94.8,89.2,0.1,3.21,4,0,1,0.5,0.84,0,5.0,consistently_engaged,0.901,False
STU_0175,11,5,0,0,0,10,192.3,3,0,2,81.5,88.5,-8.51,53.42,1,1,0,1.9,,1,,consistently_engaged,0.895,False
STU_0175,12,5,0,0,0,13,164.3,2,0,0,87.2,88.4,-3.81,29.78,0,0,0,0.8,1.0,0,4.0,consistently_engaged,0.88,False
STU_0175,13,4,1,0,0,20,119.8,2,0,5,89.1,88.4,3.82,10.5,0,0,0,0.5,,0,,consistently_engaged,0.912,False
STU_0175,14,5,0,0,0,19,146.4,1,0,3,93.3,88.8,3.06,6.52,2,0,1,0.6,0.88,0,4.0,consistently_engaged,0.908,False
STU_0175,15,5,0,0,0,14,141.8,2,0,0,79.6,88.2,-4.76,32.91,2,2,0,1.4,,0,,consistently_engaged,0.882,False
STU_0175,16,5,0,0,0,11,155.3,2,0,1,86.7,88.1,-3.29,31.34,1,0,0,0.4,0.51,0,4.0,consistently_engaged,0.855,False
STU_0176,1,2,3,0,0,17,157.3,3,0,3,87.2,87.2,0.0,0.0,2,1,0,1.5,,0,,consistently_engaged,0.834,False
STU_0176,2,5,0,0,0,19,175.4,2,0,1,90.2,88.7,3.02,2.28,2,0,0,0.7,1.0,0,5.0,consistently_engaged,0.837,False
STU_0176,3,3,2,0,2,18,134.1,1,0,6,82.1,86.5,-2.51,11.01,4,0,0,0.3,,0,,consistently_engaged,0.861,False
STU_0176,4,5,0,0,0,18,161.2,2,1,3,82.7,85.5,-3.76,13.5,1,0,0,1.2,0.59,0,4.0,consistently_engaged,0.838,False
STU_0176,5,4,1,0,0,18,131.3,2,0,5,85.4,85.5,1.61,1.99,1,1,0,3.6,,0,,consistently_engaged,0.823,False
STU_0176,6,5,0,2,0,20,165.9,3,0,5,89.4,86.1,3.36,7.65,2,1,1,1.4,0.07,0,5.0,consistently_engaged,0.821,False
STU_0176,7,3,2,0,0,18,160.9,2,1,0,82.0,85.5,-1.7,9.23,3,0,0,0.9,,0,,consistently_engaged,0.79,False
STU_0176,8,5,0,0,0,18,161.2,2,0,4,80.2,84.9,-4.6,15.9,4,1,0,1.1,1.0,0,5.0,consistently_engaged,0.779,False
STU_0176,9,5,0,0,0,22,184.5,2,0,1,88.5,85.3,3.27,12.76,4,0,0,0.1,,0,,consistently_engaged,0.8,False
STU_0176,10,5,0,0,0,15,133.5,2,0,1,84.3,85.2,2.07,11.5,3,0,0,1.2,0.12,0,4.0,consistently_engaged,0.788,False
STU_0176,11,5,0,1,0,11,150.2,1,0,3,75.7,84.3,-6.39,28.32,3,2,1,0.2,,0,,consistently_engaged,0.776,False
STU_0176,12,4,1,2,0,20,168.8,2,0,1,83.3,84.2,-0.52,14.75,2,2,0,0.4,0.7,1,4.0,consistently_engaged,0.804,False
STU_0176,13,5,0,0,0,19,131.7,2,0,2,87.5,84.5,5.92,23.95,3,1,0,2.8,,0,,consistently_engaged,0.815,False
STU_0176,14,4,1,0,0,16,174.9,2,0,3,85.2,84.5,0.94,3.02,2,0,1,2.7,0.26,1,5.0,consistently_engaged,0.778,False
STU_0176,15,5,0,0,0,21,216.8,2,0,1,91.7,85.0,2.06,7.2,0,1,0,0.3,,0,,consistently_engaged,0.857,False
STU_0176,16,5,0,2,0,19,149.8,2,0,2,84.6,85.0,-0.29,10.27,1,1,0,0.1,0.3,0,4.0,consistently_engaged,0.801,False
STU_0177,1,4,1,0,1,15,135.5,2,0,2,79.1,79.1,0.0,0.0,1,1,0,2.0,,0,,consistently_engaged,0.773,False
STU_0177,2,5,0,1,0,14,143.0,2,0,4,82.7,80.9,3.51,3.08,0,1,0,1.6,0.36,0,5.0,consistently_engaged,0.743,False
STU_0177,3,4,1,0,0,18,152.9,3,0,3,81.4,81.1,1.14,2.11,2,0,1,0.1,,0,,consistently_engaged,0.769,False
STU_0177,4,5,0,0,0,18,166.4,2,0,2,79.2,80.6,-1.72,2.02,1,0,0,0.1,0.08,0,4.0,consistently_engaged,0.806,False
STU_0177,5,5,0,0,0,11,175.3,1,0,2,78.9,80.3,-1.26,1.26,1,0,1,9.9,,0,,consistently_engaged,0.754,False
STU_0177,6,4,1,0,1,15,145.7,2,0,4,83.2,80.8,1.98,3.8,2,0,0,1.7,0.12,0,3.0,consistently_engaged,0.765,False
STU_0177,7,5,0,0,0,15,113.6,2,0,2,73.9,79.8,-2.48,14.33,2,0,0,2.5,,0,,consistently_engaged,0.728,False
STU_0177,8,5,0,1,0,14,116.5,3,0,1,80.0,79.8,-1.61,14.75,1,0,0,2.7,0.86,0,2.0,consistently_engaged,0.713,False
STU_0177,9,5,0,0,0,15,99.4,3,0,1,77.4,79.5,1.76,6.15,1,0,1,0.3,,0,,consistently_engaged,0.702,False
STU_0177,10,5,0,1,0,16,192.4,2,0,4,81.3,79.7,0.67,2.6,1,1,0,2.0,0.25,0,3.0,consistently_engaged,0.654,False
STU_0177,11,4,1,0,0,17,139.4,2,0,1,71.6,79.0,-2.91,15.9,3,1,0,2.9,,0,,consistently_engaged,0.67,False
STU_0177,12,5,0,0,0,14,145.0,2,0,0,75.1,78.6,-3.13,16.13,2,2,0,3.1,0.28,1,4.0,consistently_engaged,0.695,False
STU_0177,13,3,2,0,1,15,176.4,2,0,1,84.3,79.1,6.32,28.48,2,0,0,1.7,,1,,consistently_engaged,0.706,False
STU_0177,14,4,1,0,1,14,128.1,2,0,1,78.7,79.1,1.84,14.29,1,1,0,1.7,0.56,0,4.0,consistently_engaged,0.709,False
STU_0177,15,4,1,0,1,17,124.8,2,2,1,82.1,79.3,-1.1,5.15,1,0,0,0.8,,0,,consistently_engaged,0.7,False
STU_0177,16,5,0,1,0,13,109.0,3,1,4,89.4,79.9,5.31,19.68,1,0,0,1.0,0.26,1,2.0,consistently_engaged,0.723,False
STU_0178,1,5,0,1,0,20,135.0,3,2,1,86.9,86.9,0.0,0.0,4,1,1,0.5,,0,,consistently_engaged,0.841,False
STU_0178,2,3,2,0,1,18,177.2,3,1,5,87.6,87.3,0.76,0.14,0,1,0,0.9,1.0,0,5.0,consistently_engaged,0.831,False
STU_0178,3,5,0,0,0,21,186.5,2,1,1,81.5,85.3,-2.69,7.46,0,1,0,0.4,,0,,consistently_engaged,0.856,False
STU_0178,4,4,1,0,1,18,135.1,2,0,3,87.8,86.0,0.09,8.62,3,0,0,0.3,0.9,0,3.0,consistently_engaged,0.842,False
STU_0178,5,5,0,0,0,19,158.8,3,1,1,95.4,87.9,6.97,32.5,0,1,0,0.4,,0,,consistently_engaged,0.896,False
STU_0178,6,5,0,0,0,22,181.6,2,0,1,81.0,86.7,-3.43,34.99,3,1,0,1.5,0.97,0,4.0,consistently_engaged,0.882,False
STU_0178,7,5,0,0,0,13,181.6,3,0,4,100.0,88.6,2.28,65.89,0,0,0,0.4,,0,,consistently_engaged,0.868,False
STU_0178,8,4,1,0,1,21,172.8,2,1,2,87.4,88.5,3.24,62.48,1,0,0,1.0,0.83,0,5.0,consistently_engaged,0.892,False
STU_0178,9,5,0,0,0,16,169.6,2,0,2,86.3,88.2,-6.85,38.55,1,0,0,0.5,,0,,consistently_engaged,0.886,False
STU_0178,10,5,0,0,0,20,187.2,2,0,3,86.8,88.1,-0.33,0.22,3,2,0,0.6,0.77,0,4.0,consistently_engaged,0.939,False
STU_0178,11,5,0,0,0,18,203.3,2,1,2,96.4,88.8,5.04,21.58,3,0,1,0.3,,0,,consistently_engaged,0.889,False
STU_0178,12,5,0,0,0,14,199.4,2,0,0,92.3,89.1,2.75,15.48,2,1,0,0.3,0.98,0,4.0,consistently_engaged,0.855,False
STU_0178,13,5,0,0,0,20,179.7,2,0,2,79.5,88.4,-8.44,51.68,3,0,1,5.1,,0,,consistently_engaged,0.899,False
STU_0178,14,4,1,0,1,20,163.0,3,0,0,78.8,87.7,-6.74,38.41,1,2,0,2.0,0.61,0,4.0,consistently_engaged,0.896,False
STU_0178,15,5,0,0,0,11,179.8,2,0,4,82.9,87.4,1.72,3.27,1,2,0,0.5,,0,,consistently_engaged,0.888,False
STU_0178,16,5,0,0,0,21,160.0,3,0,2,98.2,88.1,9.67,69.15,0,0,1,2.8,0.67,0,4.0,consistently_engaged,0.945,False
STU_0179,1,3,2,1,0,14,158.8,2,1,3,89.6,89.6,0.0,0.0,0,0,1,0.1,,0,,consistently_engaged,0.772,False
STU_0179,2,5,0,1,0,21,106.4,3,0,0,80.3,85.0,-9.27,21.47,2,1,0,0.9,0.04,0,5.0,consistently_engaged,0.758,False
STU_0179,3,3,2,0,2,19,184.6,1,1,4,85.3,85.1,-2.15,14.34,3,0,0,0.0,,0,,consistently_engaged,0.774,False
STU_0179,4,4,1,0,0,19,153.6,2,1,0,81.2,84.1,0.44,4.7,0,1,0,1.8,0.24,0,4.0,consistently_engaged,0.785,False
STU_0179,5,4,1,0,1,16,176.0,2,1,2,74.0,82.1,-5.64,21.71,2,0,1,3.4,,0,,consistently_engaged,0.751,False
STU_0179,6,5,0,0,0,13,114.2,2,1,1,84.4,82.5,1.57,18.63,2,1,1,0.1,0.73,0,4.0,consistently_engaged,0.769,False
STU_0179,7,4,1,0,1,18,165.9,3,0,1,75.0,81.4,0.47,21.66,6,1,0,7.5,,0,,consistently_engaged,0.763,False
STU_0179,8,5,0,1,0,22,119.2,3,1,1,74.4,80.5,-4.99,20.87,3,0,0,1.2,0.36,0,2.0,consistently_engaged,0.767,False
STU_0179,9,4,1,0,0,22,173.3,1,0,1,73.7,79.8,-0.63,0.27,2,0,0,6.6,,0,,consistently_engaged,0.725,False
STU_0179,10,4,1,1,0,12,139.2,2,0,1,66.7,78.5,-3.81,11.92,1,1,0,4.6,0.32,0,3.0,consistently_engaged,0.704,False
STU_0179,11,4,1,0,1,17,148.1,2,0,3,64.2,77.2,-4.75,16.14,4,1,0,2.8,,0,,consistently_engaged,0.683,False
STU_0179,12,3,2,0,0,17,150.2,2,0,1,77.6,77.2,5.45,33.93,0,0,0,1.0,1.0,0,4.0,consistently_engaged,0.708,False
STU_0179,13,4,1,0,0,17,122.6,2,0,1,76.2,77.1,5.97,36.12,2,0,0,3.6,,0,,consistently_engaged,0.7,False
STU_0179,14,3,2,0,1,18,147.8,2,0,2,79.6,77.3,0.95,1.91,1,0,0,3.7,0.94,1,4.0,consistently_engaged,0.699,False
STU_0179,15,5,0,0,0,15,167.8,2,0,0,80.1,77.5,1.95,2.99,5,2,0,0.5,,0,,consistently_engaged,0.688,False
STU_0179,16,3,2,0,2,16,146.1,2,2,1,67.7,76.9,-5.94,32.74,0,0,0,2.0,0.61,0,4.0,consistently_engaged,0.631,False
STU_0180,1,2,3,0,1,19,142.1,2,0,4,85.4,85.4,0.0,0.0,0,1,0,1.8,,0,,consistently_engaged,0.848,False
STU_0180,2,5,0,0,0,19,188.3,2,0,1,95.7,90.5,10.25,26.29,2,1,0,0.9,-0.38,0,3.0,consistently_engaged,0.848,False
STU_0180,3,3,2,0,1,12,208.5,2,0,3,89.4,90.1,1.97,17.84,1,0,0,0.6,,0,,consistently_engaged,0.916,False
STU_0180,4,4,1,0,1,19,179.3,2,1,2,85.9,89.1,-4.88,16.31,3,0,0,2.0,0.52,0,3.0,consistently_engaged,0.926,False
STU_0180,5,5,0,0,0,21,179.2,2,0,1,91.6,89.6,1.12,5.45,2,1,0,0.1,,0,,consistently_engaged,0.892,False
STU_0180,6,5,0,0,0,21,193.4,2,0,2,93.6,90.3,3.86,10.67,1,1,0,0.5,1.0,0,5.0,consistently_engaged,0.897,False
STU_0180,7,5,0,1,0,22,154.2,3,0,1,100.0,91.7,4.2,12.8,4,1,1,0.7,,0,,consistently_engaged,0.914,False
STU_0180,8,3,2,0,1,14,150.2,2,0,2,93.6,91.9,-0.03,9.06,3,1,0,0.4,1.0,0,5.0,consistently_engaged,0.883,False
STU_0180,9,4,1,0,1,19,189.0,2,0,2,93.8,92.1,-3.12,8.89,3,1,0,0.5,,0,,consistently_engaged,0.899,False
STU_0180,10,5,0,0,0,20,173.7,2,0,5,88.5,91.7,-2.56,6.02,1,1,0,1.9,0.77,0,5.0,consistently_engaged,0.879,False
STU_0180,11,5,0,0,0,16,150.8,1,0,1,89.5,91.5,-2.12,5.23,1,1,0,2.1,,0,,consistently_engaged,0.849,False
STU_0180,12,5,0,1,0,19,129.1,2,0,5,88.9,91.3,0.23,0.18,5,1,1,0.3,0.66,0,4.0,consistently_engaged,0.88,False
STU_0180,13,5,0,1,0,14,120.0,1,0,2,89.0,91.1,-0.26,0.07,3,0,0,2.2,,0,,consistently_engaged,0.903,False
STU_0180,14,5,0,1,0,20,187.1,2,0,4,95.2,91.4,3.15,8.73,3,1,0,2.0,0.71,0,5.0,consistently_engaged,0.929,False
STU_0180,15,5,0,0,0,22,207.3,1,0,0,82.5,90.8,-3.22,26.82,2,0,1,1.5,,0,,consistently_engaged,0.959,False
STU_0180,16,5,0,0,0,21,184.2,2,0,2,92.5,90.9,-1.37,29.7,1,0,0,2.2,0.95,0,4.0,consistently_engaged,0.98,False
STU_0181,1,5,0,0,0,21,212.5,2,1,4,84.3,84.3,0.0,0.0,3,0,0,0.3,,0,,consistently_engaged,0.907,False
STU_0181,2,5,0,1,0,17,182.3,2,1,0,92.2,88.2,7.88,15.52,0,0,0,0.3,0.77,0,5.0,consistently_engaged,0.915,False
STU_0181,3,5,0,0,0,20,147.4,2,1,5,93.7,90.0,4.71,17.01,3,1,0,0.1,,0,,consistently_engaged,0.967,False
STU_0181,4,4,1,1,1,15,167.9,3,0,4,100.0,92.5,3.92,11.53,2,1,0,2.5,1.0,0,4.0,consistently_engaged,0.98,False
STU_0181,5,5,0,0,0,20,147.6,2,0,2,90.0,92.0,-1.83,16.98,5,0,0,2.3,,0,,consistently_engaged,0.964,False
STU_0181,6,5,0,0,0,28,175.8,2,0,2,88.3,91.4,-5.87,26.71,5,1,1,0.4,0.68,0,5.0,consistently_engaged,0.934,False
STU_0181,7,5,0,0,0,20,138.4,2,0,0,92.8,91.6,1.37,3.43,2,0,0,0.1,,0,,consistently_engaged,0.917,False
STU_0181,8,5,0,0,0,21,154.9,3,0,3,87.0,91.0,-0.62,6.08,2,0,0,2.0,1.0,0,4.0,consistently_engaged,0.878,False
STU_0181,9,4,1,0,0,20,193.2,2,0,2,98.7,91.9,2.96,22.65,1,0,0,1.3,,0,,consistently_engaged,0.89,False
STU_0181,10,4,1,0,1,16,173.4,2,0,4,85.1,91.2,-0.94,35.88,2,2,0,0.3,0.88,0,5.0,consistently_engaged,0.89,False
STU_0181,11,5,0,0,0,25,207.1,2,0,0,86.0,90.7,-6.34,38.35,2,2,0,2.8,,0,,consistently_engaged,0.89,False
STU_0181,12,4,1,0,0,18,151.2,2,0,2,100.0,91.5,7.43,46.37,3,0,0,1.2,0.97,0,2.0,consistently_engaged,0.866,False
STU_0181,13,5,0,1,0,17,181.2,1,0,2,86.6,91.1,0.3,41.73,3,1,0,2.6,,0,,consistently_engaged,0.925,False
STU_0181,14,5,0,0,0,23,136.9,2,0,1,86.6,90.8,-6.69,39.82,2,1,0,1.5,0.56,0,5.0,consistently_engaged,0.934,False
STU_0181,15,4,1,0,0,19,162.4,1,0,3,100.0,91.4,6.69,39.82,3,1,1,0.7,,0,,consistently_engaged,0.91,False
STU_0181,16,3,2,0,1,13,156.0,2,0,3,90.5,91.4,1.96,31.56,2,1,0,0.3,0.74,0,5.0,consistently_engaged,0.909,False
STU_0182,1,4,1,0,0,17,172.2,2,0,3,78.8,78.8,0.0,0.0,1,1,1,0.5,,0,,consistently_engaged,0.867,False
STU_0182,2,4,1,0,0,16,144.2,2,0,1,88.1,83.5,9.33,21.75,1,1,0,0.6,1.0,0,5.0,consistently_engaged,0.89,False
STU_0182,3,5,0,1,0,17,220.1,2,0,3,94.5,87.1,7.85,41.56,1,2,0,0.3,,0,,consistently_engaged,0.943,False
STU_0182,4,5,0,0,0,15,176.1,2,0,1,100.0,90.4,5.94,23.53,2,0,1,1.3,0.82,0,4.0,consistently_engaged,0.93,False
STU_0182,5,5,0,0,0,19,145.5,2,0,2,91.8,90.7,-1.33,11.54,5,0,0,0.7,,0,,consistently_engaged,0.938,False
STU_0182,6,5,0,0,0,17,180.2,2,0,2,91.7,90.8,-4.13,14.98,0,0,1,0.2,0.73,0,5.0,consistently_engaged,0.943,False
STU_0182,7,5,0,1,0,14,191.7,2,1,3,87.3,90.3,-2.28,4.5,4,1,0,0.6,,1,,consistently_engaged,0.939,False
STU_0182,8,5,0,0,0,17,179.4,3,0,1,95.4,91.0,1.81,10.9,1,1,1,1.2,0.92,0,5.0,consistently_engaged,0.924,False
STU_0182,9,5,0,0,0,18,153.4,2,0,1,86.3,90.4,-0.52,16.57,2,1,0,1.5,,0,,consistently_engaged,0.88,False
STU_0182,10,4,1,1,1,19,164.0,1,0,0,72.9,88.7,-11.23,85.14,2,1,1,2.1,1.0,0,5.0,consistently_engaged,0.857,False
STU_0182,11,4,1,0,0,16,163.4,3,0,1,80.8,88.0,-2.73,30.09,2,1,1,1.5,,0,,consistently_engaged,0.856,False
STU_0182,12,5,0,1,0,15,174.5,2,0,2,75.0,86.9,1.04,11.18,1,0,0,0.2,1.0,0,4.0,consistently_engaged,0.852,False
STU_0182,13,5,0,0,0,18,126.7,2,0,4,77.9,86.2,-1.44,5.64,1,0,0,0.2,,0,,consistently_engaged,0.857,False
STU_0182,14,5,0,0,0,17,194.6,2,0,1,92.1,86.6,8.53,55.54,3,1,1,0.4,0.54,0,5.0,consistently_engaged,0.857,False
STU_0182,15,5,0,0,0,14,200.8,2,0,3,87.6,86.7,4.84,34.84,2,0,0,1.5,,0,,consistently_engaged,0.877,False
STU_0182,16,5,0,0,0,17,213.0,2,0,0,90.7,86.9,-0.65,3.49,2,0,1,0.5,0.65,0,5.0,consistently_engaged,0.875,False
STU_0183,1,5,0,2,0,11,187.5,2,0,2,75.9,75.9,0.0,0.0,1,0,0,0.4,,0,,consistently_engaged,0.803,False
STU_0183,2,3,2,0,1,15,152.4,2,0,4,75.9,75.9,0.01,0.0,2,2,1,0.6,0.6,0,5.0,consistently_engaged,0.73,False
STU_0183,3,5,0,1,0,15,206.0,2,0,1,88.2,80.0,6.12,33.26,2,1,0,1.3,,0,,consistently_engaged,0.782,False
STU_0183,4,3,2,1,0,15,193.1,2,1,4,77.4,79.3,0.73,29.74,1,0,0,1.8,0.73,0,4.0,consistently_engaged,0.764,False
STU_0183,5,5,0,0,0,17,154.4,1,0,2,78.5,79.2,-4.83,23.4,3,0,0,6.5,,1,,consistently_engaged,0.742,False
STU_0183,6,4,1,1,1,16,133.1,3,0,5,66.2,77.0,-5.6,30.87,1,1,0,1.3,0.5,0,4.0,consistently_engaged,0.748,False
STU_0183,7,3,2,0,2,18,152.2,2,0,0,89.2,78.8,5.33,88.06,2,2,0,0.2,,0,,consistently_engaged,0.767,False
STU_0183,8,4,1,0,0,19,150.8,3,0,0,82.9,79.3,8.33,93.86,5,1,0,1.2,0.51,0,5.0,consistently_engaged,0.788,False
STU_0183,9,5,0,0,0,16,174.5,2,0,1,79.4,79.3,-4.87,16.28,1,1,0,0.1,,0,,consistently_engaged,0.829,False
STU_0183,10,4,1,0,1,16,156.5,2,0,4,79.3,79.3,-1.8,2.75,1,0,0,1.1,0.51,0,3.0,consistently_engaged,0.805,False
STU_0183,11,5,0,0,0,15,118.2,1,1,1,79.3,79.3,-0.07,0.01,1,0,1,5.4,,0,,consistently_engaged,0.762,False
STU_0183,12,4,1,0,1,12,180.1,2,0,2,73.7,78.8,-2.8,6.96,3,0,0,1.6,1.0,0,5.0,consistently_engaged,0.761,False
STU_0183,13,5,0,0,0,19,151.2,2,0,1,78.2,78.8,-0.54,5.91,4,0,0,0.9,,0,,consistently_engaged,0.761,False
STU_0183,14,5,0,0,0,17,168.1,2,0,2,71.1,78.2,-1.3,8.69,2,2,0,1.3,1.0,0,5.0,consistently_engaged,0.737,False
STU_0183,15,5,0,0,0,13,124.3,2,1,1,71.5,77.8,-3.35,10.67,1,0,0,2.3,,0,,consistently_engaged,0.732,False
STU_0183,16,4,1,0,0,16,155.8,2,0,0,75.8,77.6,2.38,4.63,4,1,0,0.4,0.17,0,4.0,consistently_engaged,0.686,False
STU_0184,1,5,0,0,0,13,133.5,2,0,2,97.3,97.3,0.0,0.0,2,1,1,5.0,,0,,consistently_engaged,0.919,False
STU_0184,2,5,0,0,0,16,153.5,2,0,0,84.8,91.0,-12.44,38.69,2,0,1,2.8,1.0,0,5.0,consistently_engaged,0.902,False
STU_0184,3,4,1,0,0,21,174.2,2,0,1,93.1,91.7,-2.1,26.71,2,0,0,1.5,,0,,consistently_engaged,0.952,False
STU_0184,4,5,0,1,0,27,173.7,2,0,3,79.6,88.7,-2.6,30.69,2,2,1,1.7,0.75,1,4.0,consistently_engaged,0.94,False
STU_0184,5,5,0,0,0,17,136.7,3,0,3,91.8,89.3,-0.65,36.73,4,1,0,0.5,,0,,consistently_engaged,0.9,False
STU_0184,6,5,0,0,0,20,216.5,2,0,4,90.6,89.5,5.5,30.01,5,0,0,0.3,0.72,0,4.0,consistently_engaged,0.906,False
STU_0184,7,5,0,1,0,21,149.8,2,0,0,94.2,90.2,1.21,2.23,3,0,1,0.2,,0,,consistently_engaged,0.885,False
STU_0184,8,5,0,0,0,20,176.0,2,0,4,92.1,90.4,0.74,2.16,1,0,0,0.0,0.93,0,4.0,consistently_engaged,0.932,False
STU_0184,9,4,1,0,1,17,175.8,2,0,5,95.7,91.0,0.78,2.25,2,0,0,0.1,,0,,consistently_engaged,0.934,False
STU_0184,10,5,0,0,0,13,157.5,2,0,7,94.3,91.3,1.1,2.27,2,1,0,0.0,1.0,0,4.0,consistently_engaged,0.943,False
STU_0184,11,5,0,1,0,18,164.3,1,0,3,96.3,91.8,0.28,0.73,3,0,0,0.4,,0,,consistently_engaged,0.941,False
STU_0184,12,5,0,0,0,16,173.9,2,0,0,89.2,91.6,-2.53,8.86,2,1,0,0.1,1.0,0,4.0,consistently_engaged,0.949,False
STU_0184,13,5,0,0,0,13,211.3,2,0,4,90.3,91.5,-2.98,9.66,1,1,0,0.2,,0,,consistently_engaged,0.98,False
STU_0184,14,4,1,0,0,16,162.6,2,0,1,91.8,91.5,1.28,1.09,2,0,0,2.2,1.0,0,5.0,consistently_engaged,0.941,False
STU_0184,15,5,0,0,0,21,163.4,2,0,1,93.4,91.6,1.51,1.53,1,1,0,1.9,,0,,consistently_engaged,0.935,False
STU_0184,16,5,0,0,0,24,172.5,1,0,2,77.8,90.8,-7.0,49.13,3,0,0,0.6,0.65,0,5.0,consistently_engaged,0.945,False
STU_0185,1,5,0,1,0,15,175.5,2,0,0,87.1,87.1,0.0,0.0,0,1,0,0.1,,0,,consistently_engaged,0.836,False
STU_0185,2,5,0,1,0,15,180.0,3,1,2,72.1,79.6,-15.04,56.52,1,1,0,0.4,0.34,0,4.0,consistently_engaged,0.85,False
STU_0185,3,5,0,0,0,20,175.1,3,0,6,78.9,79.4,-4.1,37.78,1,2,0,0.0,,0,,consistently_engaged,0.893,False
STU_0185,4,4,1,0,1,20,181.3,2,1,6,88.6,81.7,8.27,46.02,1,0,0,2.1,0.58,0,4.0,consistently_engaged,0.929,False
STU_0185,5,5,0,0,0,17,188.8,2,0,2,84.2,82.2,2.63,15.71,2,1,0,0.1,,0,,consistently_engaged,0.932,False
STU_0185,6,5,0,0,0,14,139.2,2,0,2,97.8,84.8,4.56,31.79,2,2,1,0.8,0.93,0,4.0,consistently_engaged,0.919,False
STU_0185,7,5,0,0,0,18,214.3,2,0,3,85.5,84.9,0.66,37.17,4,1,0,1.3,,0,,consistently_engaged,0.95,False
STU_0185,8,5,0,0,0,18,174.2,2,0,2,93.0,85.9,-2.4,25.27,5,0,1,0.8,0.86,0,5.0,consistently_engaged,0.975,False
STU_0185,9,5,0,0,0,14,199.0,3,0,7,88.6,86.2,1.52,9.26,3,2,0,0.6,,0,,consistently_engaged,0.98,False
STU_0185,10,5,0,0,0,21,174.0,2,0,3,93.0,86.9,0.04,4.32,1,2,0,2.6,1.0,0,4.0,consistently_engaged,0.98,False
STU_0185,11,5,0,0,0,13,134.4,2,0,2,96.7,87.8,4.06,11.0,3,1,0,1.0,,0,,consistently_engaged,0.953,False
STU_0185,12,5,0,0,0,20,227.5,2,0,1,84.4,87.5,-4.29,26.34,1,1,1,0.7,1.0,0,4.0,consistently_engaged,0.98,False
STU_0185,13,5,0,0,0,14,182.7,2,0,1,98.6,88.4,0.95,39.27,4,0,0,0.0,,0,,consistently_engaged,0.979,False
STU_0185,14,4,1,0,0,21,145.1,2,0,2,94.0,88.8,4.79,34.71,0,1,0,2.8,0.52,0,4.0,consistently_engaged,0.98,False
STU_0185,15,5,0,0,0,21,172.6,3,0,1,92.3,89.0,-3.12,6.96,3,0,0,3.0,,0,,consistently_engaged,0.98,False
STU_0185,16,4,1,0,0,19,236.5,2,0,2,93.4,89.3,-0.31,0.48,2,2,0,0.3,1.0,0,5.0,consistently_engaged,0.925,False
STU_0186,1,5,0,0,0,12,168.6,2,0,6,94.2,94.2,0.0,0.0,2,2,0,1.8,,0,,consistently_engaged,0.906,False
STU_0186,2,5,0,0,0,22,180.4,2,0,3,99.7,96.9,5.54,7.68,2,1,0,0.5,0.96,0,5.0,consistently_engaged,0.907,False
STU_0186,3,4,1,0,0,15,178.0,2,0,2,85.5,93.1,-4.35,34.35,3,1,0,1.8,,0,,consistently_engaged,0.923,False
STU_0186,4,3,2,0,0,23,190.6,2,0,2,93.5,93.2,-3.11,33.97,2,1,0,0.2,0.82,1,5.0,consistently_engaged,0.93,False
STU_0186,5,4,1,0,0,18,205.6,2,0,3,90.5,92.7,2.53,10.95,2,0,1,0.9,,1,,consistently_engaged,0.961,False
STU_0186,6,5,0,0,0,23,213.1,2,0,4,80.3,90.6,-6.59,31.84,5,0,0,3.2,1.0,0,5.0,consistently_engaged,0.98,False
STU_0186,7,5,0,0,0,21,198.1,2,1,0,95.0,91.2,2.22,37.65,3,1,0,0.3,,0,,consistently_engaged,0.98,False
STU_0186,8,5,0,1,0,23,228.6,2,0,2,100.0,92.3,9.84,69.75,0,2,0,0.8,1.0,0,4.0,consistently_engaged,0.903,False
STU_0186,9,5,0,0,0,14,202.4,2,0,1,88.2,91.9,-3.4,23.47,1,1,1,3.1,,0,,consistently_engaged,0.902,False
STU_0186,10,4,1,1,0,18,186.3,2,0,2,91.5,91.8,-4.24,24.75,1,2,1,1.1,0.94,1,5.0,consistently_engaged,0.883,False
STU_0186,11,5,0,0,0,16,160.1,2,0,2,91.0,91.8,1.39,2.14,3,0,0,2.0,,0,,consistently_engaged,0.889,False
STU_0186,12,5,0,0,0,16,214.2,2,0,4,89.5,91.6,-1.0,0.71,3,1,0,0.7,0.82,0,5.0,consistently_engaged,0.875,False
STU_0186,13,5,0,0,0,21,141.2,2,1,1,90.3,91.5,-0.33,0.34,2,0,1,1.0,,0,,consistently_engaged,0.862,False
STU_0186,14,5,0,1,0,20,169.6,2,0,2,90.5,91.4,0.47,0.16,1,2,0,0.8,0.39,0,5.0,consistently_engaged,0.894,False
STU_0186,15,5,0,0,0,22,129.1,3,0,3,79.0,90.6,-5.63,28.61,2,2,0,1.2,,0,,consistently_engaged,0.842,False
STU_0186,16,4,1,0,0,13,167.7,2,0,1,87.4,90.4,-1.53,23.34,2,1,0,1.7,0.68,0,3.0,consistently_engaged,0.88,False
STU_0187,1,5,0,0,0,20,183.8,2,0,0,85.4,85.4,0.0,0.0,3,2,0,0.0,,1,,consistently_engaged,0.807,False
STU_0187,2,5,0,0,0,19,192.7,2,0,2,79.7,82.6,-5.75,8.25,2,0,1,0.7,0.08,0,4.0,consistently_engaged,0.816,False
STU_0187,3,5,0,1,0,16,189.6,2,1,3,71.4,78.8,-7.03,33.29,2,1,0,3.7,,0,,consistently_engaged,0.757,False
STU_0187,4,3,2,0,0,9,142.2,2,0,4,73.5,77.5,-3.1,12.43,0,1,1,2.8,0.42,1,4.0,consistently_engaged,0.763,False
STU_0187,5,5,0,1,0,17,129.8,1,0,3,85.4,79.1,7.01,38.03,3,1,0,0.3,,0,,consistently_engaged,0.795,False
STU_0187,6,4,1,0,1,13,174.1,2,1,2,88.8,80.7,7.65,43.0,0,0,0,1.0,0.76,0,5.0,consistently_engaged,0.755,False
STU_0187,7,4,1,1,0,15,133.5,2,0,0,77.6,80.3,-3.9,22.01,1,0,0,0.5,,0,,consistently_engaged,0.743,False
STU_0187,8,4,1,2,0,21,119.9,2,0,3,77.4,79.9,-5.71,28.48,2,0,0,0.8,0.68,0,4.0,consistently_engaged,0.72,False
STU_0187,9,5,0,0,0,16,150.6,2,0,2,82.4,80.2,2.39,5.33,3,0,0,3.5,,0,,consistently_engaged,0.737,False
STU_0187,10,4,1,0,1,18,122.1,2,0,1,79.1,80.1,0.87,4.3,2,0,1,1.9,0.82,0,4.0,consistently_engaged,0.779,False
STU_0187,11,5,0,0,0,14,148.1,2,1,1,78.8,80.0,-1.78,2.59,2,0,0,2.2,,0,,consistently_engaged,0.778,False
STU_0187,12,5,0,1,0,15,163.7,2,0,2,81.7,80.1,1.3,1.7,2,1,0,2.1,1.0,0,4.0,consistently_engaged,0.765,False
STU_0187,13,5,0,0,0,13,171.4,3,0,0,100.0,81.6,10.59,87.95,0,0,0,0.0,,0,,consistently_engaged,0.849,False
STU_0187,14,5,0,1,0,14,95.9,2,0,0,92.3,82.4,5.31,56.21,0,1,0,5.5,0.68,0,4.0,consistently_engaged,0.842,False
STU_0187,15,5,0,0,0,18,123.3,2,1,2,86.3,82.7,-6.83,31.27,3,1,1,0.3,,0,,consistently_engaged,0.865,False
STU_0187,16,5,0,0,0,20,176.5,3,0,3,85.7,82.8,-3.31,8.92,0,0,0,0.7,0.36,0,4.0,consistently_engaged,0.863,False
STU_0188,1,5,0,0,0,16,102.4,3,0,0,77.7,77.7,0.0,0.0,1,1,0,0.2,,0,,consistently_engaged,0.752,False
STU_0188,2,4,1,1,1,19,168.5,3,0,5,77.6,77.6,-0.04,0.0,3,1,0,3.7,0.28,1,5.0,consistently_engaged,0.733,False
STU_0188,3,5,0,2,0,19,140.4,2,1,2,67.6,74.3,-5.05,22.6,1,1,0,4.2,,0,,consistently_engaged,0.698,False
STU_0188,4,5,0,0,0,12,166.6,2,0,1,80.7,75.9,1.53,31.41,3,0,0,0.3,0.22,0,4.0,consistently_engaged,0.687,False
STU_0188,5,5,0,0,0,13,159.4,2,1,3,81.7,77.0,7.07,41.46,1,0,0,0.2,,0,,consistently_engaged,0.693,False
STU_0188,6,4,1,0,0,15,118.4,3,0,2,78.2,77.2,-1.23,2.13,2,0,0,1.0,0.71,0,3.0,consistently_engaged,0.709,False
STU_0188,7,3,2,1,1,14,139.4,2,0,1,75.7,77.0,-2.97,5.95,2,0,0,1.4,,0,,consistently_engaged,0.726,False
STU_0188,8,5,0,1,0,17,195.8,2,0,0,79.0,77.3,0.37,1.89,1,0,1,0.2,0.76,0,5.0,consistently_engaged,0.73,False
STU_0188,9,4,1,1,0,12,172.9,2,0,1,79.7,77.5,1.97,2.93,2,0,0,5.0,,0,,consistently_engaged,0.738,False
STU_0188,10,4,1,1,0,9,140.0,2,0,5,75.1,77.3,-1.91,3.98,0,1,0,2.1,0.64,0,4.0,consistently_engaged,0.738,False
STU_0188,11,5,0,1,0,15,112.1,2,1,3,76.5,77.2,-1.61,3.64,1,0,0,5.6,,0,,consistently_engaged,0.731,False
STU_0188,12,5,0,2,0,18,147.0,2,0,1,80.3,77.5,2.56,4.71,3,1,0,0.1,0.7,0,3.0,consistently_engaged,0.752,False
STU_0188,13,3,2,0,0,15,158.1,3,1,3,82.1,77.8,2.82,5.51,6,0,0,1.2,,0,,consistently_engaged,0.785,False
STU_0188,14,4,1,0,1,16,184.8,2,0,1,82.3,78.2,1.04,0.86,3,0,0,0.5,1.0,0,5.0,consistently_engaged,0.737,False
STU_0188,15,3,2,1,0,16,132.4,1,3,2,93.1,79.1,5.48,26.08,2,1,0,1.6,,0,,consistently_engaged,0.751,False
STU_0188,16,4,1,2,1,14,172.0,2,0,3,82.6,79.4,0.15,24.81,1,1,1,3.5,0.94,0,4.0,consistently_engaged,0.715,False
STU_0189,1,5,0,0,0,22,180.1,2,0,3,89.6,89.6,0.0,0.0,0,0,0,0.7,,0,,consistently_engaged,0.772,False
STU_0189,2,5,0,0,0,17,200.1,3,2,3,86.1,87.8,-3.46,2.99,0,1,0,1.3,-0.03,0,4.0,consistently_engaged,0.821,False
STU_0189,3,4,1,1,1,19,157.8,2,0,2,83.6,86.4,-2.99,6.0,1,0,0,0.2,,1,,consistently_engaged,0.781,False
STU_0189,4,4,1,0,0,15,147.4,2,0,3,78.8,84.5,-3.67,9.29,2,1,0,3.5,0.9,0,3.0,consistently_engaged,0.759,False
STU_0189,5,4,1,0,0,14,144.1,2,1,2,90.7,85.8,3.55,23.98,3,2,0,2.8,,0,,consistently_engaged,0.742,False
STU_0189,6,4,1,0,0,20,112.7,2,1,1,81.6,85.1,1.42,25.86,3,0,0,0.1,0.56,0,3.0,consistently_engaged,0.748,False
STU_0189,7,5,0,0,0,13,131.1,1,0,1,83.0,84.8,-3.83,15.91,1,2,0,1.5,,0,,consistently_engaged,0.771,False
STU_0189,8,5,0,0,0,19,165.7,2,0,2,80.8,84.3,-0.42,0.88,1,0,0,2.1,0.51,0,4.0,consistently_engaged,0.794,False
STU_0189,9,5,0,0,0,18,129.2,1,0,3,81.3,83.9,-0.85,0.93,3,0,0,1.2,,0,,consistently_engaged,0.788,False
STU_0189,10,4,1,0,1,20,116.6,2,0,2,94.9,85.0,7.09,42.91,2,0,0,1.8,-0.02,0,5.0,consistently_engaged,0.814,False
STU_0189,11,5,0,1,0,15,113.0,2,0,2,85.6,85.1,2.13,32.25,2,0,0,6.3,,1,,consistently_engaged,0.796,False
STU_0189,12,5,0,1,0,20,124.7,2,0,4,86.0,85.2,-4.45,18.51,0,0,0,0.5,0.49,0,4.0,consistently_engaged,0.761,False
STU_0189,13,5,0,0,0,19,184.4,2,0,2,71.7,84.1,-6.94,44.22,1,0,0,0.9,,0,,consistently_engaged,0.756,False
STU_0189,14,3,2,1,2,18,146.1,2,0,4,80.5,83.9,-2.78,34.71,1,0,0,0.0,1.0,0,4.0,consistently_engaged,0.834,False
STU_0189,15,5,0,0,0,13,168.5,1,0,4,80.2,83.6,4.23,16.47,1,1,0,2.0,,0,,consistently_engaged,0.856,False
STU_0189,16,3,2,0,0,13,146.3,3,2,0,85.3,83.7,2.42,5.53,1,1,0,1.5,0.46,0,4.0,consistently_engaged,0.807,False
STU_0190,1,4,1,0,0,18,114.5,2,0,6,86.7,86.7,0.0,0.0,1,1,0,0.4,,0,,consistently_engaged,0.834,False
STU_0190,2,5,0,0,0,17,166.3,2,0,3,85.8,86.3,-0.9,0.2,4,0,0,0.5,0.4,0,5.0,consistently_engaged,0.812,False
STU_0190,3,4,1,0,1,19,188.1,2,0,2,78.1,83.6,-4.31,14.94,1,0,0,0.7,,0,,consistently_engaged,0.837,False
STU_0190,4,5,0,1,0,15,203.8,2,0,2,85.2,84.0,-0.34,12.16,3,1,1,1.3,1.0,0,5.0,consistently_engaged,0.84,False
STU_0190,5,5,0,0,0,16,118.4,2,0,2,83.2,83.8,2.52,8.76,3,2,0,1.5,,0,,consistently_engaged,0.839,False
STU_0190,6,4,1,0,1,15,182.2,2,0,3,86.7,84.3,0.76,2.08,2,0,0,0.3,0.4,0,5.0,consistently_engaged,0.868,False
STU_0190,7,5,0,0,0,23,185.8,2,0,2,75.7,83.1,-3.75,21.09,5,2,0,0.4,,0,,consistently_engaged,0.88,False
STU_0190,8,5,0,0,0,20,192.1,1,0,2,84.3,83.2,-1.19,22.39,3,0,0,0.5,0.81,0,5.0,consistently_engaged,0.868,False
STU_0190,9,5,0,0,0,20,149.3,2,0,1,80.8,82.9,2.57,12.57,5,1,0,0.2,,0,,consistently_engaged,0.889,False
STU_0190,10,4,1,0,0,13,188.2,1,0,2,76.2,82.3,-4.03,10.87,2,0,1,0.6,0.91,0,4.0,consistently_engaged,0.854,False
STU_0190,11,4,1,0,0,19,146.2,2,0,1,92.1,83.2,5.62,44.11,2,1,0,1.0,,0,,consistently_engaged,0.852,False
STU_0190,12,5,0,1,0,19,130.4,2,0,2,85.9,83.4,4.81,42.28,1,1,0,1.7,0.71,0,4.0,consistently_engaged,0.79,False
STU_0190,13,5,0,0,0,20,150.5,2,0,7,88.7,83.8,-1.68,6.37,1,1,1,1.6,,0,,consistently_engaged,0.785,False
STU_0190,14,5,0,0,0,14,166.0,2,1,0,83.8,83.8,-1.06,4.06,6,0,0,2.5,0.13,0,4.0,consistently_engaged,0.822,False
STU_0190,15,4,1,1,1,17,171.2,2,0,2,85.3,83.9,-1.69,4.22,3,0,1,0.2,,0,,consistently_engaged,0.863,False
STU_0190,16,5,0,0,0,13,192.2,2,0,2,98.1,84.8,7.17,41.32,3,1,1,0.4,0.85,0,5.0,consistently_engaged,0.877,False
STU_0191,1,3,2,1,0,18,140.6,2,0,0,86.4,86.4,0.0,0.0,1,0,0,0.8,,0,,consistently_engaged,0.733,False
STU_0191,2,5,0,0,0,18,126.4,1,0,1,76.9,81.6,-9.54,22.76,2,1,1,3.3,0.35,0,4.0,consistently_engaged,0.794,False
STU_0191,3,5,0,1,0,14,172.3,2,0,1,81.6,81.6,-2.42,15.17,4,1,0,1.5,,0,,consistently_engaged,0.8,False
STU_0191,4,5,0,1,0,15,201.9,2,0,3,72.3,79.3,-2.29,14.4,0,1,1,1.0,0.77,0,4.0,consistently_engaged,0.785,False
STU_0191,5,5,0,1,0,14,194.9,2,0,0,70.9,77.6,-5.32,22.39,2,0,0,0.4,,0,,consistently_engaged,0.764,False
STU_0191,6,4,1,0,1,20,149.3,2,1,3,76.8,77.5,2.24,6.2,1,2,0,3.7,0.42,0,5.0,consistently_engaged,0.758,False
STU_0191,7,3,2,1,2,15,179.1,1,1,2,80.8,77.9,4.94,16.42,0,1,0,1.5,,0,,consistently_engaged,0.749,False
STU_0191,8,5,0,0,0,15,160.2,2,1,5,75.2,77.6,-0.8,5.64,0,0,0,0.2,0.21,0,5.0,consistently_engaged,0.742,False
STU_0191,9,3,2,0,0,19,168.5,2,1,3,81.0,78.0,0.11,7.36,1,1,0,0.2,,0,,consistently_engaged,0.738,False
STU_0191,10,4,1,1,1,10,140.3,2,1,0,78.6,78.0,1.74,5.79,1,1,0,0.1,0.15,0,4.0,consistently_engaged,0.7,False
STU_0191,11,5,0,0,0,13,121.5,2,0,2,84.3,78.6,1.64,5.39,4,1,0,1.0,,0,,consistently_engaged,0.737,False
STU_0191,12,4,1,1,0,21,122.6,2,1,2,70.5,77.9,-4.07,32.1,5,1,0,3.7,0.3,0,5.0,consistently_engaged,0.751,False
STU_0191,13,5,0,0,0,11,150.3,2,0,2,87.8,78.7,1.77,55.97,3,0,0,0.6,,0,,consistently_engaged,0.768,False
STU_0191,14,1,4,0,1,17,148.9,2,0,0,69.9,78.1,-0.32,69.37,2,1,0,3.0,0.9,0,4.0,consistently_engaged,0.748,False
STU_0191,15,3,2,0,0,18,187.2,1,0,3,74.0,77.8,-6.92,59.1,1,1,0,0.0,,0,,consistently_engaged,0.801,False
STU_0191,16,5,0,0,0,21,173.8,2,0,0,73.4,77.5,1.79,3.35,2,0,0,1.6,-0.05,0,5.0,consistently_engaged,0.813,False
STU_0192,1,4,1,0,0,17,195.4,2,1,4,86.9,86.9,0.0,0.0,2,1,1,0.2,,0,,consistently_engaged,0.959,False
STU_0192,2,5,0,0,0,17,187.0,2,0,3,94.4,90.7,7.53,14.19,6,1,1,0.8,1.0,0,5.0,consistently_engaged,0.949,False
STU_0192,3,5,0,0,0,14,163.5,2,0,3,95.7,92.3,4.39,15.05,4,2,1,1.2,,0,,consistently_engaged,0.969,False
STU_0192,4,5,0,2,0,15,167.5,1,0,1,92.7,92.4,-0.87,1.5,6,0,0,1.6,1.0,0,4.0,consistently_engaged,0.98,False
STU_0192,5,5,0,0,0,18,162.1,2,0,1,98.8,93.7,1.57,6.24,1,0,0,5.0,,0,,consistently_engaged,0.945,False
STU_0192,6,4,1,0,0,18,169.5,1,0,5,79.4,91.3,-6.63,65.46,1,0,0,1.2,0.91,0,5.0,consistently_engaged,0.947,False
STU_0192,7,5,0,0,0,17,177.4,2,0,1,92.8,91.5,-3.02,65.6,2,0,0,1.0,,0,,consistently_engaged,0.971,False
STU_0192,8,5,0,0,0,13,178.4,3,0,2,86.8,90.9,3.67,29.81,2,0,0,1.0,0.97,0,5.0,consistently_engaged,0.952,False
STU_0192,9,5,0,0,0,20,164.3,2,0,1,92.5,91.1,-0.12,7.76,3,1,0,1.1,,0,,consistently_engaged,0.925,False
STU_0192,10,5,0,0,0,17,171.4,1,0,3,91.5,91.2,2.38,6.35,1,0,0,1.0,0.79,0,4.0,consistently_engaged,0.972,False
STU_0192,11,5,0,0,0,12,156.0,2,0,2,82.6,90.4,-5.0,20.12,4,0,0,0.2,,0,,consistently_engaged,0.952,False
STU_0192,12,5,0,0,0,21,182.5,2,0,3,100.0,91.2,4.24,50.73,1,1,0,3.5,0.93,0,5.0,consistently_engaged,0.975,False
STU_0192,13,5,0,0,0,25,219.5,3,0,4,90.3,91.1,3.87,50.94,2,1,0,0.5,,0,,consistently_engaged,0.947,False
STU_0192,14,5,0,0,0,20,151.5,2,0,2,86.9,90.8,-6.56,30.93,1,2,1,0.4,1.0,0,4.0,consistently_engaged,0.881,False
STU_0192,15,4,1,1,0,18,128.4,1,0,1,83.3,90.3,-3.5,8.15,3,0,0,1.5,,0,,consistently_engaged,0.876,False
STU_0192,16,3,2,1,1,16,183.9,2,0,5,82.0,89.8,-2.44,4.25,3,0,0,3.2,0.59,0,4.0,consistently_engaged,0.856,False
STU_0193,1,4,1,0,0,14,160.7,3,0,0,84.3,84.3,0.0,0.0,2,1,0,0.3,,0,,consistently_engaged,0.881,False
STU_0193,2,4,1,0,0,24,170.8,2,0,0,87.0,85.6,2.67,1.79,1,0,0,2.1,0.27,0,4.0,consistently_engaged,0.874,False
STU_0193,3,5,0,1,0,17,178.7,3,0,1,90.6,87.3,3.16,6.72,6,1,0,0.5,,0,,consistently_engaged,0.843,False
STU_0193,4,4,1,0,1,15,125.2,2,0,0,82.1,86.0,-2.42,12.11,1,2,1,0.6,0.1,0,4.0,consistently_engaged,0.901,False
STU_0193,5,5,0,0,0,20,163.7,2,0,0,80.7,84.9,-4.95,19.15,2,1,0,1.9,,0,,consistently_engaged,0.912,False
STU_0193,6,5,0,0,0,21,139.4,2,0,1,89.5,85.7,3.67,14.72,3,0,0,0.3,0.95,0,4.0,consistently_engaged,0.934,False
STU_0193,7,5,0,1,0,18,166.3,2,0,1,87.3,85.9,3.31,13.89,0,0,0,0.5,,0,,consistently_engaged,0.87,False
STU_0193,8,5,0,0,0,8,167.1,2,0,3,80.9,85.3,-4.3,13.35,2,1,0,1.4,1.0,0,5.0,consistently_engaged,0.881,False
STU_0193,9,5,0,1,0,19,176.9,2,0,3,81.0,84.8,-3.15,9.04,1,0,0,1.3,,0,,consistently_engaged,0.841,False
STU_0193,10,3,2,0,1,16,200.0,2,1,3,94.4,85.8,6.79,40.5,1,1,1,0.9,1.0,0,5.0,consistently_engaged,0.83,False
STU_0193,11,3,2,0,0,19,191.9,3,0,1,88.7,86.0,3.83,30.19,4,1,1,0.4,,0,,consistently_engaged,0.755,False
STU_0193,12,4,1,1,1,15,141.0,3,0,0,85.7,86.0,-4.35,13.05,3,1,0,0.0,-0.03,0,4.0,consistently_engaged,0.753,False
STU_0193,13,4,1,0,1,17,61.4,2,0,2,73.2,85.0,-7.77,45.37,0,0,0,0.9,,0,,consistently_engaged,0.731,False
STU_0193,14,4,1,0,1,18,125.4,3,1,3,85.3,85.0,-0.22,34.03,3,1,0,0.1,0.03,0,4.0,consistently_engaged,0.739,False
STU_0193,15,3,2,0,1,13,94.2,2,1,2,79.9,84.7,3.37,24.71,1,0,0,0.9,,0,,consistently_engaged,0.777,False
STU_0193,16,5,0,1,0,15,146.1,2,0,1,96.8,85.5,5.77,49.95,5,0,0,0.0,0.9,0,5.0,consistently_engaged,0.785,False
STU_0194,1,5,0,0,0,16,153.0,1,0,1,83.5,83.5,0.0,0.0,0,0,0,0.4,,1,,consistently_engaged,0.808,False
STU_0194,2,5,0,0,0,19,138.1,1,0,2,82.5,83.0,-1.0,0.25,2,1,0,2.5,0.28,0,4.0,consistently_engaged,0.822,False
STU_0194,3,4,1,0,1,18,88.4,2,0,3,91.5,85.8,4.02,16.41,2,0,0,1.8,,0,,consistently_engaged,0.845,False
STU_0194,4,4,1,0,0,13,146.5,2,0,2,86.0,85.9,1.75,13.89,1,2,0,2.1,0.62,0,4.0,consistently_engaged,0.81,False
STU_0194,5,5,0,0,0,20,205.3,2,1,1,99.2,88.5,3.83,29.33,2,1,1,0.2,,0,,consistently_engaged,0.85,False
STU_0194,6,5,0,0,0,21,221.2,2,1,2,86.9,88.2,0.46,36.25,0,0,0,0.4,0.79,1,4.0,consistently_engaged,0.854,False
STU_0194,7,4,1,0,0,17,106.4,3,0,1,85.7,87.9,-6.72,36.96,0,0,1,1.2,,0,,consistently_engaged,0.791,False
STU_0194,8,5,0,0,0,15,119.9,2,0,1,80.3,86.9,-3.28,8.18,3,0,0,1.2,0.51,0,4.0,consistently_engaged,0.776,False
STU_0194,9,5,0,0,0,21,163.1,3,0,4,72.2,85.3,-6.79,31.14,3,0,0,0.2,,0,,consistently_engaged,0.754,False
STU_0194,10,4,1,0,1,12,164.3,2,0,5,81.4,84.9,0.53,17.02,1,0,1,1.0,1.0,0,4.0,consistently_engaged,0.783,False
STU_0194,11,4,1,0,0,17,180.5,2,0,3,94.9,85.8,11.36,87.09,4,1,0,5.0,,0,,consistently_engaged,0.811,False
STU_0194,12,5,0,0,0,16,94.2,2,0,2,97.7,86.8,8.16,50.73,4,0,0,0.8,1.0,0,4.0,consistently_engaged,0.808,False
STU_0194,13,5,0,0,0,16,190.6,2,0,3,75.3,85.9,-9.81,99.76,2,0,0,0.3,,0,,consistently_engaged,0.787,False
STU_0194,14,5,0,0,0,16,160.5,2,0,2,86.1,85.9,-5.84,84.14,1,0,0,0.5,0.22,0,5.0,consistently_engaged,0.797,False
STU_0194,15,4,1,0,1,17,163.2,2,0,1,79.2,85.5,1.98,19.87,1,1,1,0.1,,0,,consistently_engaged,0.787,False
STU_0194,16,4,1,0,1,19,187.6,1,0,2,78.8,85.1,-3.64,11.07,0,0,0,0.7,0.02,0,5.0,consistently_engaged,0.744,False
STU_0195,1,5,0,0,0,17,146.0,1,0,0,99.6,99.6,0.0,0.0,1,1,0,1.3,,0,,consistently_engaged,0.896,False
STU_0195,2,5,0,0,0,17,210.2,2,0,3,81.2,90.4,-18.4,84.61,2,1,0,1.1,0.6,0,4.0,consistently_engaged,0.878,False
STU_0195,3,4,1,0,0,18,129.7,2,0,2,82.1,87.6,-8.76,71.78,3,1,1,2.2,,0,,consistently_engaged,0.842,False
STU_0195,4,5,0,1,0,21,200.6,2,0,1,84.0,86.7,1.38,1.32,1,1,0,1.6,0.23,0,5.0,consistently_engaged,0.798,False
STU_0195,5,4,1,0,1,19,150.9,2,0,4,84.7,86.3,1.29,1.18,4,1,0,0.5,,1,,consistently_engaged,0.818,False
STU_0195,6,5,0,0,0,19,145.1,2,0,2,74.4,84.3,-4.79,21.98,4,1,0,1.1,0.24,0,4.0,consistently_engaged,0.809,False
STU_0195,7,4,1,0,0,15,178.6,2,0,2,89.7,85.1,2.51,40.54,1,1,0,1.5,,0,,consistently_engaged,0.75,False
STU_0195,8,4,1,0,0,21,146.0,2,0,0,85.9,85.2,5.78,42.39,3,1,1,1.9,0.8,0,4.0,consistently_engaged,0.745,False
STU_0195,9,5,0,1,0,16,174.6,2,0,0,72.7,83.8,-8.5,53.24,1,0,1,1.6,,0,,consistently_engaged,0.737,False
STU_0195,10,3,2,0,0,16,96.6,2,1,2,74.2,82.8,-5.88,35.16,2,0,0,5.8,0.22,0,3.0,consistently_engaged,0.668,False
STU_0195,11,3,2,0,1,16,158.4,2,0,2,74.7,82.1,1.02,0.75,1,1,0,1.7,,0,,consistently_engaged,0.723,False
STU_0195,12,5,0,1,0,19,153.0,2,1,2,87.1,82.5,6.48,35.81,1,0,1,1.7,0.38,0,4.0,consistently_engaged,0.713,False
STU_0195,13,5,0,1,0,8,172.4,3,1,6,69.8,81.5,-2.46,53.19,3,1,0,3.4,,0,,consistently_engaged,0.667,False
STU_0195,14,3,2,1,1,14,154.2,3,0,3,81.7,81.6,-2.7,52.44,0,0,0,0.2,0.3,0,4.0,consistently_engaged,0.692,False
STU_0195,15,2,3,0,1,12,143.1,3,0,0,62.7,80.3,-3.55,61.67,1,0,1,3.3,,0,,consistently_engaged,0.611,False
STU_0195,16,5,0,0,0,17,145.1,1,0,2,70.3,79.7,-5.72,61.2,2,2,0,2.9,-0.22,0,2.0,consistently_engaged,0.658,False
STU_0196,1,4,1,1,1,15,193.0,2,1,1,76.5,76.5,0.0,0.0,4,0,0,1.8,,0,,consistently_engaged,0.763,False
STU_0196,2,5,0,0,0,13,150.8,3,0,3,81.3,78.9,4.79,5.74,3,0,0,2.1,-0.24,0,4.0,consistently_engaged,0.757,False
STU_0196,3,5,0,0,0,19,121.8,2,0,3,86.1,81.3,4.81,15.42,1,1,0,0.3,,0,,consistently_engaged,0.732,False
STU_0196,4,3,2,0,1,15,188.3,3,0,4,83.8,81.9,1.28,3.89,2,1,0,1.2,0.39,0,5.0,consistently_engaged,0.8,False
STU_0196,5,5,0,0,0,19,173.0,1,0,1,82.0,81.9,-2.07,2.86,3,0,0,1.2,,0,,consistently_engaged,0.867,False
STU_0196,6,5,0,0,0,19,172.4,2,0,3,83.7,82.2,-0.06,0.72,0,0,0,0.6,0.28,0,4.0,consistently_engaged,0.896,False
STU_0196,7,4,1,2,0,21,100.8,1,0,4,97.3,84.4,7.68,47.16,2,0,0,0.1,,0,,consistently_engaged,0.861,False
STU_0196,8,5,0,1,0,19,175.7,2,0,4,87.6,84.8,1.94,32.82,8,0,0,0.6,0.28,0,4.0,consistently_engaged,0.887,False
STU_0196,9,5,0,0,0,16,163.0,3,0,2,89.7,85.3,-3.79,17.43,1,1,0,1.9,,0,,consistently_engaged,0.884,False
STU_0196,10,4,1,0,1,18,181.0,2,0,0,86.5,85.4,-0.55,1.83,2,0,0,0.7,0.52,0,5.0,consistently_engaged,0.904,False
STU_0196,11,4,1,0,0,21,154.6,3,0,3,84.7,85.4,-2.51,4.32,5,0,0,1.6,,0,,consistently_engaged,0.894,False
STU_0196,12,4,1,0,1,14,183.5,2,0,1,100.0,86.6,6.76,46.62,1,1,0,0.7,1.0,0,3.0,consistently_engaged,0.903,False
STU_0196,13,5,0,1,0,22,196.9,1,1,4,96.2,87.3,5.76,42.28,2,1,1,2.0,,0,,consistently_engaged,0.905,False
STU_0196,14,5,0,0,0,15,130.3,2,0,3,78.2,86.7,-10.92,90.87,4,0,0,1.5,0.39,0,4.0,consistently_engaged,0.869,False
STU_0196,15,5,0,1,0,23,185.5,2,0,1,77.5,86.1,-9.39,75.51,2,0,1,0.2,,0,,consistently_engaged,0.851,False
STU_0196,16,5,0,0,0,16,143.3,2,1,3,84.9,86.0,3.37,11.27,2,0,1,3.7,0.54,0,4.0,consistently_engaged,0.817,False
STU_0197,1,5,0,0,0,17,189.9,2,0,3,91.5,91.5,0.0,0.0,3,1,0,2.4,,0,,consistently_engaged,0.893,False
STU_0197,2,4,1,0,0,17,163.5,2,0,2,93.2,92.4,1.67,0.7,2,0,0,1.2,0.28,0,5.0,consistently_engaged,0.917,False
STU_0197,3,4,1,0,0,20,143.4,3,0,2,92.4,92.4,0.46,0.47,1,0,0,0.6,,0,,consistently_engaged,0.927,False
STU_0197,4,5,0,0,0,23,204.3,2,0,1,84.6,90.4,-4.29,15.03,7,1,0,0.4,0.64,0,5.0,consistently_engaged,0.93,False
STU_0197,5,4,1,0,1,13,205.6,1,0,3,92.8,90.9,0.16,14.19,3,1,1,1.1,,0,,consistently_engaged,0.907,False
STU_0197,6,4,1,1,1,17,192.8,2,0,3,93.4,91.3,4.38,15.93,3,1,1,0.7,0.32,0,5.0,consistently_engaged,0.88,False
STU_0197,7,4,1,0,0,18,170.2,1,0,3,87.8,90.8,-2.5,6.3,2,0,1,0.3,,0,,consistently_engaged,0.875,False
STU_0197,8,4,1,0,1,17,117.6,1,0,0,90.0,90.7,-1.67,5.29,3,0,1,0.6,1.0,0,5.0,consistently_engaged,0.894,False
STU_0197,9,5,0,0,0,18,177.9,2,0,1,75.8,89.1,-6.0,39.1,6,0,0,2.6,,0,,consistently_engaged,0.906,False
STU_0197,10,5,0,1,0,21,189.6,2,0,2,85.0,88.7,-2.51,34.82,3,0,1,0.1,1.0,0,5.0,consistently_engaged,0.874,False
STU_0197,11,5,0,0,0,19,171.2,2,0,1,89.8,88.8,7.01,33.88,1,1,1,0.0,,0,,consistently_engaged,0.924,False
STU_0197,12,4,1,0,0,19,155.6,2,0,0,80.2,88.0,-2.39,15.28,5,0,0,0.4,0.79,0,4.0,consistently_engaged,0.95,False
STU_0197,13,5,0,0,0,16,214.1,3,0,1,85.9,87.9,-1.93,15.47,2,1,0,4.8,,0,,consistently_engaged,0.969,False
STU_0197,14,5,0,0,0,20,221.8,2,0,3,100.0,88.8,9.88,68.98,1,0,1,0.8,1.0,0,5.0,consistently_engaged,0.98,False
STU_0197,15,5,0,1,0,24,153.6,2,0,4,92.8,89.0,3.41,32.92,1,0,0,0.0,,0,,consistently_engaged,0.936,False
STU_0197,16,5,0,0,0,17,208.3,2,0,2,94.7,89.4,-2.65,9.35,2,0,0,0.9,0.2,0,5.0,consistently_engaged,0.913,False
STU_0198,1,4,1,1,1,23,137.8,2,0,1,90.0,90.0,0.0,0.0,2,1,1,0.7,,0,,consistently_engaged,0.876,False
STU_0198,2,4,1,0,0,20,155.1,2,1,4,89.5,89.8,-0.54,0.07,1,0,0,0.4,0.68,0,4.0,consistently_engaged,0.86,False
STU_0198,3,5,0,0,0,20,144.9,3,2,4,89.3,89.6,-0.38,0.1,1,1,0,0.7,,0,,consistently_engaged,0.861,False
STU_0198,4,4,1,0,0,13,115.0,3,0,3,90.6,89.8,0.56,0.35,3,0,0,0.1,1.0,0,5.0,consistently_engaged,0.852,False
STU_0198,5,5,0,0,0,19,198.1,1,1,4,70.3,85.9,-9.48,85.97,2,1,0,0.4,,0,,consistently_engaged,0.841,False
STU_0198,6,5,0,1,0,13,179.9,1,0,0,69.7,83.2,-10.45,94.38,2,0,1,0.4,0.89,1,5.0,consistently_engaged,0.832,False
STU_0198,7,5,0,0,0,22,201.5,2,1,0,82.2,83.1,5.98,33.37,5,0,1,1.5,,0,,consistently_engaged,0.822,False
STU_0198,8,4,1,0,1,19,135.2,1,0,3,77.2,82.3,3.73,26.51,4,1,0,1.1,1.0,0,5.0,consistently_engaged,0.855,False
STU_0198,9,5,0,0,0,16,173.7,2,0,1,77.4,81.8,-2.42,5.47,1,0,1,2.4,,0,,consistently_engaged,0.863,False
STU_0198,10,5,0,1,0,18,160.9,2,0,2,86.1,82.2,4.45,17.17,2,0,1,0.2,0.38,0,4.0,consistently_engaged,0.942,False
STU_0198,11,5,0,0,0,19,183.0,2,1,3,92.5,83.2,7.54,38.14,3,1,0,1.0,,0,,consistently_engaged,0.939,False
STU_0198,12,5,0,0,0,18,206.8,1,0,7,99.5,84.5,6.69,29.86,2,0,1,0.8,0.99,0,5.0,consistently_engaged,0.937,False
STU_0198,13,5,0,0,0,22,212.9,2,0,3,94.6,85.3,1.09,8.51,1,0,0,2.1,,0,,consistently_engaged,0.968,False
STU_0198,14,4,1,0,0,27,169.4,2,0,0,92.1,85.8,-3.66,9.22,3,1,0,1.1,0.88,0,4.0,consistently_engaged,0.964,False
STU_0198,15,5,0,1,0,17,211.4,1,0,3,93.6,86.3,-0.52,1.06,2,1,0,0.2,,0,,consistently_engaged,0.934,False
STU_0198,16,4,1,0,0,16,163.7,1,0,3,87.0,86.4,-2.56,8.0,2,0,1,0.1,1.0,0,5.0,consistently_engaged,0.88,False
STU_0199,1,3,2,0,0,17,143.7,2,0,3,85.9,85.9,0.0,0.0,1,0,1,1.2,,0,,consistently_engaged,0.864,False
STU_0199,2,5,0,0,0,23,200.3,2,0,5,95.4,90.7,9.51,22.61,2,0,0,0.7,0.12,0,5.0,consistently_engaged,0.871,False
STU_0199,3,5,0,0,0,15,196.9,3,0,1,86.3,89.2,0.2,19.29,2,0,1,0.3,,0,,consistently_engaged,0.807,False
STU_0199,4,3,2,0,1,20,151.0,2,0,0,89.6,89.3,-2.94,14.22,5,1,1,0.0,0.63,0,5.0,consistently_engaged,0.828,False
STU_0199,5,4,1,0,0,19,154.7,3,1,4,83.7,88.2,-1.33,5.8,1,0,1,0.7,,0,,consistently_engaged,0.843,False
STU_0199,6,5,0,0,0,16,152.3,2,0,0,71.2,85.4,-9.19,58.67,4,0,0,0.8,0.94,0,5.0,consistently_engaged,0.849,False
STU_0199,7,4,1,1,0,25,161.0,2,0,2,81.7,84.8,-0.96,30.1,2,0,0,0.2,,0,,consistently_engaged,0.877,False
STU_0199,8,5,0,2,0,25,192.0,2,0,4,81.0,84.4,4.91,23.14,2,1,0,0.1,0.73,0,5.0,consistently_engaged,0.877,False
STU_0199,9,5,0,0,0,18,184.1,2,0,0,89.0,84.9,3.62,13.0,2,1,0,1.7,,1,,consistently_engaged,0.917,False
STU_0199,10,5,0,0,0,20,166.4,2,0,2,92.9,85.7,5.93,24.37,3,1,0,1.6,0.79,0,5.0,consistently_engaged,0.948,False
STU_0199,11,5,0,0,0,18,201.8,2,0,2,80.6,85.2,-4.21,26.29,2,1,0,0.9,,0,,consistently_engaged,0.947,False
STU_0199,12,4,1,0,1,17,186.2,2,0,2,97.2,86.2,2.19,49.72,0,0,0,1.5,0.37,0,5.0,consistently_engaged,0.888,False
STU_0199,13,5,0,0,0,19,203.5,3,0,3,98.7,87.2,9.08,67.71,2,1,0,0.7,,0,,consistently_engaged,0.888,False
STU_0199,14,4,1,1,0,14,141.6,2,0,0,88.3,87.3,-4.49,21.38,1,0,1,0.5,0.53,0,5.0,consistently_engaged,0.863,False
STU_0199,15,5,0,1,0,19,158.0,2,0,2,95.2,87.8,-1.76,18.93,3,1,0,2.5,,0,,consistently_engaged,0.871,False
STU_0199,16,5,0,0,0,17,166.8,2,0,1,75.9,87.0,-6.17,63.61,3,0,0,0.3,1.0,0,5.0,consistently_engaged,0.832,False
STU_0200,1,3,2,0,2,19,170.3,2,0,4,83.9,83.9,0.0,0.0,3,0,0,0.3,,0,,consistently_engaged,0.871,False
STU_0200,2,4,1,0,0,23,168.0,2,0,1,90.2,87.0,6.24,9.73,3,2,0,1.3,0.81,0,5.0,consistently_engaged,0.897,False
STU_0200,3,4,1,0,0,20,167.4,2,0,5,85.3,86.5,0.71,7.13,4,0,1,0.3,,0,,consistently_engaged,0.954,False
STU_0200,4,5,0,0,0,18,169.3,3,0,2,97.5,89.2,3.65,24.85,1,0,1,0.1,1.0,0,5.0,consistently_engaged,0.956,False
STU_0200,5,5,0,1,0,27,188.3,1,0,3,93.2,90.0,3.95,25.25,2,2,0,0.8,,0,,consistently_engaged,0.947,False
STU_0200,6,5,0,0,0,14,149.7,2,0,1,94.3,90.7,-1.59,3.22,1,1,0,0.2,1.0,0,3.0,consistently_engaged,0.98,False
STU_0200,7,5,0,1,0,18,121.8,2,0,3,99.4,92.0,3.06,7.13,5,2,0,1.8,,0,,consistently_engaged,0.966,False
STU_0200,8,5,0,0,0,22,172.7,3,0,5,93.2,92.1,-0.55,7.2,6,1,1,1.8,1.0,0,4.0,consistently_engaged,0.944,False
STU_0200,9,4,1,0,0,20,161.3,2,0,1,89.8,91.9,-4.8,15.76,5,1,0,0.4,,0,,consistently_engaged,0.956,False
STU_0200,10,5,0,0,0,20,190.5,3,0,5,89.3,91.6,-1.98,3.07,4,2,0,0.2,0.61,0,5.0,consistently_engaged,0.955,False
STU_0200,11,4,1,0,1,18,161.6,2,0,6,100.0,92.4,5.11,24.49,2,1,0,0.1,,0,,consistently_engaged,0.932,False
STU_0200,12,5,0,0,0,16,185.0,2,0,1,96.4,92.7,3.56,19.92,3,1,1,0.3,1.0,0,5.0,consistently_engaged,0.919,False
STU_0200,13,4,1,0,0,13,128.3,2,0,1,87.4,92.3,-6.31,28.09,1,1,0,0.2,,0,,consistently_engaged,0.909,False
STU_0200,14,5,0,0,0,17,192.0,3,0,4,89.5,92.1,-3.45,14.72,2,1,0,1.6,0.67,0,4.0,consistently_engaged,0.874,False
STU_0200,15,4,1,0,0,16,186.4,2,0,1,84.8,91.6,-1.28,3.59,2,0,1,1.0,,0,,consistently_engaged,0.898,False
STU_0200,16,5,0,0,0,17,174.6,2,0,4,93.8,91.7,2.16,13.36,5,1,0,0.8,0.18,0,5.0,consistently_engaged,0.95,False
STU_0201,1,5,0,0,0,17,155.1,2,1,2,93.8,93.8,0.0,0.0,3,1,0,0.6,,0,,consistently_engaged,0.86,False
STU_0201,2,4,1,0,1,11,150.5,2,1,2,89.7,91.8,-4.05,4.09,5,0,1,0.9,1.0,0,5.0,consistently_engaged,0.825,False
STU_0201,3,5,0,1,0,18,187.8,1,0,0,79.9,87.8,-6.95,34.05,0,0,1,1.2,,0,,consistently_engaged,0.833,False
STU_0201,4,4,1,2,1,22,162.5,2,0,4,85.3,87.2,-2.2,16.23,1,0,1,0.7,1.0,1,5.0,consistently_engaged,0.864,False
STU_0201,5,3,2,0,2,22,129.8,2,1,3,90.2,87.8,5.16,17.77,2,1,0,2.1,,0,,consistently_engaged,0.875,False
STU_0201,6,5,0,0,0,22,122.0,2,0,1,83.3,87.0,-1.01,8.37,3,2,0,1.8,0.94,0,5.0,consistently_engaged,0.886,False
STU_0201,7,4,1,0,1,14,152.2,1,0,3,75.9,85.5,-7.14,34.05,4,0,0,2.8,,0,,consistently_engaged,0.841,False
STU_0201,8,5,0,0,0,13,179.7,2,0,2,83.3,85.2,-0.02,12.1,1,1,1,5.5,0.41,0,4.0,consistently_engaged,0.84,False
STU_0201,9,5,0,0,0,19,114.9,1,0,1,86.7,85.3,5.38,20.16,3,0,0,0.6,,0,,consistently_engaged,0.794,False
STU_0201,10,5,0,0,0,16,149.3,1,0,3,84.8,85.3,0.76,1.94,3,1,1,0.7,0.62,0,4.0,consistently_engaged,0.781,False
STU_0201,11,5,0,0,0,17,205.7,2,1,0,83.9,85.2,-1.39,1.35,0,0,0,1.9,,0,,consistently_engaged,0.794,False
STU_0201,12,3,2,0,2,18,145.4,2,0,2,75.2,84.3,-4.78,18.58,1,1,0,1.5,0.78,0,4.0,consistently_engaged,0.757,False
STU_0201,13,3,2,2,1,17,175.7,2,0,0,80.0,84.0,-1.95,12.52,2,1,1,1.0,,0,,consistently_engaged,0.733,False
STU_0201,14,5,0,0,0,13,109.6,2,1,1,76.2,83.4,0.47,4.21,3,0,0,0.7,0.62,0,3.0,consistently_engaged,0.726,False
STU_0201,15,4,1,0,0,14,147.7,2,0,1,84.8,83.5,2.42,12.48,3,2,0,1.0,,0,,consistently_engaged,0.728,False
STU_0201,16,4,1,1,1,8,133.4,3,0,2,80.0,83.3,1.9,12.48,1,0,1,0.4,0.0,0,4.0,consistently_engaged,0.704,False
STU_0202,1,5,0,2,0,25,146.3,2,0,2,74.6,74.6,0.0,0.0,2,1,0,0.2,,0,,consistently_engaged,0.811,False
STU_0202,2,5,0,0,0,15,147.3,2,0,1,87.9,81.3,13.34,44.5,1,1,0,1.9,0.56,0,4.0,consistently_engaged,0.797,False
STU_0202,3,5,0,0,0,17,142.6,2,1,3,86.8,83.1,6.09,36.42,3,0,1,0.6,,0,,consistently_engaged,0.808,False
STU_0202,4,5,0,0,0,17,164.9,2,0,5,85.0,83.6,-1.45,1.42,1,0,1,3.9,0.87,0,4.0,consistently_engaged,0.761,False
STU_0202,5,5,0,1,0,22,195.4,2,1,1,77.5,82.4,-4.63,16.13,2,0,1,0.5,,0,,consistently_engaged,0.775,False
STU_0202,6,3,2,0,0,21,156.4,2,0,0,86.4,83.1,0.69,15.28,2,1,0,0.2,0.97,0,4.0,consistently_engaged,0.811,False
STU_0202,7,5,0,0,0,17,144.7,2,1,0,71.6,81.4,-2.96,37.05,3,1,1,0.5,,0,,consistently_engaged,0.781,False
STU_0202,8,4,1,0,0,17,108.4,2,0,1,87.5,82.2,0.55,52.64,4,0,0,0.1,0.55,0,5.0,consistently_engaged,0.801,False
STU_0202,9,5,0,0,0,15,188.0,2,0,2,66.5,80.4,-2.58,80.45,2,1,0,1.5,,0,,consistently_engaged,0.743,False
STU_0202,10,5,0,1,0,16,141.8,2,0,2,64.5,78.9,-11.49,108.46,1,0,0,2.9,0.22,1,4.0,consistently_engaged,0.72,False
STU_0202,11,5,0,0,0,19,117.0,3,0,0,83.2,79.3,8.4,70.6,1,1,1,1.3,,0,,consistently_engaged,0.758,False
STU_0202,12,2,3,0,1,10,129.4,2,0,2,79.7,79.3,7.6,65.9,0,1,0,2.9,0.64,0,4.0,consistently_engaged,0.762,False
STU_0202,13,4,1,0,0,12,199.0,2,0,2,74.8,78.9,-4.22,11.99,3,0,0,3.0,,0,,consistently_engaged,0.764,False
STU_0202,14,5,0,0,0,20,146.9,1,0,4,80.4,79.0,0.31,6.19,2,1,0,3.1,1.0,0,4.0,consistently_engaged,0.834,False
STU_0202,15,4,1,1,0,13,176.8,2,0,3,76.0,78.8,0.62,5.67,1,1,1,0.0,,0,,consistently_engaged,0.865,False
STU_0202,16,4,1,0,0,13,172.7,3,0,4,91.7,79.7,5.67,43.64,3,0,0,0.3,0.69,0,4.0,consistently_engaged,0.862,False
STU_0203,1,4,1,0,0,19,174.7,2,0,1,84.8,84.8,0.0,0.0,2,0,0,1.9,,0,,consistently_engaged,0.92,False
STU_0203,2,5,0,0,0,21,218.1,2,0,0,95.3,90.0,10.47,27.39,1,1,0,1.0,0.56,0,5.0,consistently_engaged,0.948,False
STU_0203,3,5,0,1,0,15,170.2,1,0,1,93.2,91.1,4.2,20.48,3,2,0,0.2,,0,,consistently_engaged,0.923,False
STU_0203,4,5,0,0,0,21,126.4,2,1,4,88.0,90.3,-3.62,9.28,2,0,0,0.5,0.75,0,4.0,consistently_engaged,0.909,False
STU_0203,5,5,0,0,0,16,171.7,2,0,3,82.7,88.8,-5.22,18.16,0,1,0,0.6,,0,,consistently_engaged,0.953,False
STU_0203,6,5,0,0,0,16,222.8,2,0,3,85.3,88.2,-1.37,4.63,3,0,0,0.2,0.58,0,5.0,consistently_engaged,0.964,False
STU_0203,7,5,0,0,0,25,160.2,2,0,1,89.6,88.4,3.42,7.95,1,1,0,0.3,,0,,consistently_engaged,0.948,False
STU_0203,8,5,0,0,0,19,196.2,2,0,4,97.5,89.5,6.11,25.58,5,1,0,2.0,1.0,0,5.0,consistently_engaged,0.944,False
STU_0203,9,5,0,0,0,17,175.6,2,0,4,93.0,89.9,1.74,10.47,7,2,0,0.9,,0,,consistently_engaged,0.928,False
STU_0203,10,5,0,1,0,19,177.5,2,0,1,86.0,89.5,-5.74,22.36,1,0,0,1.0,0.95,0,4.0,consistently_engaged,0.871,False
STU_0203,11,4,1,0,1,19,163.8,1,0,1,85.3,89.1,-3.87,12.24,3,1,0,2.2,,0,,consistently_engaged,0.859,False
STU_0203,12,5,0,0,0,15,157.6,2,0,6,85.3,88.8,-0.32,0.1,1,2,0,1.4,0.76,0,5.0,consistently_engaged,0.862,False
STU_0203,13,5,0,0,0,13,178.9,1,0,7,76.4,87.9,-4.45,17.66,3,0,0,0.5,,0,,consistently_engaged,0.894,False
STU_0203,14,4,1,0,0,20,163.1,3,0,1,86.5,87.8,0.59,20.39,3,0,0,3.0,0.57,0,4.0,consistently_engaged,0.857,False
STU_0203,15,5,0,0,0,22,156.5,2,0,3,92.0,88.1,7.82,41.93,2,0,0,0.3,,0,,consistently_engaged,0.864,False
STU_0203,16,5,0,0,0,19,127.2,2,0,1,86.1,87.9,-0.22,7.36,1,1,0,0.4,0.85,0,3.0,consistently_engaged,0.855,False
STU_0204,1,5,0,1,0,18,103.5,2,0,4,87.3,87.3,0.0,0.0,3,0,0,0.5,,0,,consistently_engaged,0.771,False
STU_0204,2,5,0,0,0,16,168.2,2,0,3,93.6,90.5,6.24,9.75,4,0,0,0.6,0.76,0,4.0,consistently_engaged,0.802,False
STU_0204,3,5,0,0,0,22,143.7,2,0,0,74.4,85.1,-6.47,63.79,0,1,0,1.3,,0,,consistently_engaged,0.785,False
STU_0204,4,3,2,0,1,20,135.1,2,0,2,71.9,81.8,-10.82,93.62,0,2,1,1.5,0.94,0,4.0,consistently_engaged,0.816,False
STU_0204,5,4,1,0,0,21,158.0,2,0,2,79.0,81.3,2.31,8.61,2,1,0,1.3,,0,,consistently_engaged,0.798,False
STU_0204,6,5,0,1,0,20,145.7,2,0,1,91.6,83.0,9.86,66.48,3,0,0,3.0,1.0,0,5.0,consistently_engaged,0.8,False
STU_0204,7,5,0,0,0,12,135.8,2,1,2,83.3,83.0,2.15,27.49,1,1,0,4.3,,0,,consistently_engaged,0.788,False
STU_0204,8,5,0,1,0,19,117.3,3,0,4,71.4,81.6,-10.12,69.0,3,0,1,3.1,0.8,0,4.0,consistently_engaged,0.778,False
STU_0204,9,5,0,0,0,15,111.0,2,0,1,75.8,80.9,-3.74,24.17,0,1,0,1.9,,0,,consistently_engaged,0.717,False
STU_0204,10,5,0,0,0,16,146.2,2,0,1,87.1,81.6,7.83,43.37,1,1,1,2.0,0.4,0,5.0,consistently_engaged,0.796,False
STU_0204,11,5,0,0,0,16,110.9,1,0,3,86.6,82.0,5.4,26.94,3,2,0,1.4,,0,,consistently_engaged,0.795,False
STU_0204,12,5,0,0,0,15,165.0,2,0,1,80.5,81.9,-3.27,8.94,1,0,1,1.0,-0.18,0,5.0,consistently_engaged,0.78,False
STU_0204,13,5,0,0,0,16,209.4,2,0,4,83.5,82.0,-1.56,6.26,4,1,0,2.3,,0,,consistently_engaged,0.794,False
STU_0204,14,5,0,0,0,16,153.2,2,0,1,76.7,81.6,-1.89,7.68,4,0,0,0.2,0.62,0,5.0,consistently_engaged,0.819,False
STU_0204,15,5,0,0,0,13,207.0,3,0,4,77.2,81.3,-3.16,9.57,3,2,0,0.8,,0,,consistently_engaged,0.851,False
STU_0204,16,3,2,0,0,20,172.0,2,1,0,87.2,81.7,5.24,23.37,6,0,0,2.0,0.48,0,4.0,consistently_engaged,0.832,False
STU_0205,1,5,0,0,0,20,148.6,2,0,1,89.4,89.4,0.0,0.0,2,2,1,0.7,,0,,consistently_engaged,0.839,False
STU_0205,2,5,0,0,0,14,144.1,3,0,0,79.8,84.6,-9.59,23.0,1,0,0,0.5,0.96,0,5.0,consistently_engaged,0.829,False
STU_0205,3,4,1,0,1,17,197.6,2,0,3,81.7,83.6,-3.83,17.15,3,0,0,4.5,,0,,consistently_engaged,0.83,False
STU_0205,4,3,2,0,2,17,117.5,2,0,5,97.2,87.0,8.72,60.88,2,1,0,1.2,0.4,0,4.0,consistently_engaged,0.811,False
STU_0205,5,5,0,0,0,17,173.7,2,0,2,81.3,85.9,-0.21,54.88,4,2,1,2.0,,0,,consistently_engaged,0.79,False
STU_0205,6,5,0,0,0,22,148.4,2,0,1,78.6,84.7,-9.32,67.64,2,0,1,1.6,0.28,0,2.0,consistently_engaged,0.818,False
STU_0205,7,5,0,0,0,11,164.0,2,1,0,84.9,84.7,1.82,6.81,3,0,1,0.3,,0,,consistently_engaged,0.814,False
STU_0205,8,5,0,0,0,24,143.9,2,0,1,90.4,85.4,5.9,23.27,2,1,0,0.4,0.87,0,4.0,consistently_engaged,0.85,False
STU_0205,9,5,0,1,0,20,160.3,2,0,2,93.2,86.3,4.15,11.85,0,1,1,2.7,,0,,consistently_engaged,0.881,False
STU_0205,10,5,0,0,0,17,132.8,1,0,0,77.9,85.4,-6.25,44.5,2,0,1,1.0,0.74,0,4.0,consistently_engaged,0.904,False
STU_0205,11,4,1,0,1,19,164.2,2,0,3,84.9,85.4,-4.18,39.45,3,0,0,1.8,,0,,consistently_engaged,0.918,False
STU_0205,12,5,0,0,0,17,185.1,2,0,3,89.1,85.7,5.6,21.37,2,1,1,0.3,0.71,0,4.0,consistently_engaged,0.941,False
STU_0205,13,5,0,0,0,18,150.8,1,0,0,93.3,86.3,4.22,11.89,2,0,1,0.7,,0,,consistently_engaged,0.923,False
STU_0205,14,5,0,0,0,23,162.9,2,0,2,97.7,87.1,4.31,12.4,1,0,0,0.9,0.64,0,5.0,consistently_engaged,0.955,False
STU_0205,15,5,0,0,0,13,194.4,2,0,7,97.0,87.8,1.86,3.71,2,1,0,1.3,,0,,consistently_engaged,0.963,False
STU_0205,16,5,0,0,0,24,228.1,2,0,3,97.3,88.4,-0.19,0.07,1,0,0,1.0,0.48,0,5.0,consistently_engaged,0.98,False
STU_0206,1,4,1,0,0,23,157.9,2,0,6,88.2,88.2,0.0,0.0,1,0,1,0.7,,0,,consistently_engaged,0.807,False
STU_0206,2,4,1,1,0,21,174.2,2,2,1,82.5,85.3,-5.66,8.0,1,2,0,0.2,0.35,0,5.0,consistently_engaged,0.795,False
STU_0206,3,4,1,0,0,14,217.5,1,0,3,82.2,84.3,-3.0,7.58,1,0,0,0.6,,0,,consistently_engaged,0.814,False
STU_0206,4,2,3,0,0,21,194.8,2,0,0,84.0,84.2,0.73,0.61,2,1,0,0.7,0.67,0,4.0,consistently_engaged,0.816,False
STU_0206,5,5,0,0,0,18,215.6,1,0,5,78.8,83.1,-1.7,4.66,1,1,0,1.9,,0,,consistently_engaged,0.805,False
STU_0206,6,4,1,0,0,20,175.5,2,0,3,87.6,83.9,1.83,13.24,0,1,1,0.3,0.81,0,4.0,consistently_engaged,0.88,False
STU_0206,7,5,0,0,0,17,159.5,2,0,1,94.8,85.4,8.01,42.91,2,0,0,0.7,,0,,consistently_engaged,0.814,False
STU_0206,8,4,1,0,0,17,142.0,2,0,3,75.9,84.2,-5.84,60.27,2,0,1,0.3,0.95,0,5.0,consistently_engaged,0.841,False
STU_0206,9,4,1,0,0,17,146.9,2,1,3,88.8,84.7,-3.0,61.73,2,0,0,0.3,,0,,consistently_engaged,0.779,False
STU_0206,10,5,0,0,0,14,180.9,2,0,2,77.7,84.0,0.86,32.38,3,0,0,0.3,0.77,1,5.0,consistently_engaged,0.729,False
STU_0206,11,5,0,0,0,14,198.0,1,1,2,74.5,83.2,-7.13,37.42,2,1,0,8.5,,0,,consistently_engaged,0.717,False
STU_0206,12,4,1,0,1,14,110.0,2,0,1,85.0,83.3,3.67,19.31,1,0,0,1.7,0.64,0,3.0,consistently_engaged,0.709,False
STU_0206,13,4,1,0,0,18,143.0,2,1,0,82.0,83.2,3.73,19.43,4,1,0,3.0,,0,,consistently_engaged,0.719,False
STU_0206,14,4,1,0,1,15,176.6,3,0,1,92.3,83.9,3.67,18.96,1,1,1,0.8,0.42,0,5.0,consistently_engaged,0.701,False
STU_0206,15,3,2,1,1,8,114.6,2,0,1,76.6,83.4,-2.71,42.88,3,0,0,0.7,,0,,consistently_engaged,0.689,False
STU_0206,16,5,0,0,0,14,188.2,3,0,3,76.1,82.9,-8.14,57.17,1,1,0,3.8,0.08,0,3.0,consistently_engaged,0.654,False
STU_0207,1,4,1,0,0,21,206.6,2,1,2,88.2,88.2,0.0,0.0,3,1,1,1.2,,0,,consistently_engaged,0.863,False
STU_0207,2,4,1,1,0,19,144.1,2,0,1,82.6,85.4,-5.63,7.92,2,1,0,4.8,0.33,0,4.0,consistently_engaged,0.861,False
STU_0207,3,5,0,0,0,17,128.0,2,1,2,87.6,86.1,-0.28,6.4,2,0,0,0.7,,0,,consistently_engaged,0.861,False
STU_0207,4,5,0,0,0,17,158.7,2,0,3,100.0,89.6,8.71,53.57,2,1,0,2.3,0.21,0,5.0,consistently_engaged,0.92,False
STU_0207,5,4,1,0,0,23,199.1,2,0,1,95.4,90.8,3.87,26.01,3,1,0,0.6,,0,,consistently_engaged,0.933,False
STU_0207,6,5,0,0,0,16,227.3,2,0,0,93.3,91.2,-3.37,7.94,1,0,0,1.1,1.0,0,4.0,consistently_engaged,0.958,False
STU_0207,7,5,0,0,0,17,221.4,2,1,1,91.1,91.2,-2.13,3.03,4,1,0,0.1,,0,,consistently_engaged,0.923,False
STU_0207,8,5,0,1,0,15,160.9,3,0,3,98.1,92.0,2.41,8.48,1,0,0,2.0,0.24,0,5.0,consistently_engaged,0.858,False
STU_0207,9,5,0,0,0,19,183.0,2,0,3,88.3,91.6,-1.4,16.85,1,0,0,1.5,,0,,consistently_engaged,0.871,False
STU_0207,10,4,1,0,1,19,177.4,3,0,3,81.4,90.6,-8.31,46.53,2,1,0,0.1,0.95,0,5.0,consistently_engaged,0.836,False
STU_0207,11,5,0,0,0,21,187.8,2,0,2,84.6,90.0,-1.85,7.86,1,2,1,0.2,,0,,consistently_engaged,0.854,False
STU_0207,12,5,0,0,0,15,231.6,2,0,2,74.5,88.8,-3.45,17.6,3,1,0,1.4,0.59,0,4.0,consistently_engaged,0.842,False
STU_0207,13,5,0,1,0,15,186.2,2,0,3,80.9,88.2,-1.86,17.2,1,0,0,0.3,,0,,consistently_engaged,0.848,False
STU_0207,14,5,0,2,0,20,163.2,3,0,0,80.1,87.6,2.79,7.98,5,1,0,1.7,0.46,0,4.0,consistently_engaged,0.831,False
STU_0207,15,5,0,0,0,21,156.0,2,0,2,80.7,87.1,-0.1,0.1,2,1,0,2.3,,0,,consistently_engaged,0.858,False
STU_0207,16,4,1,0,1,19,169.4,3,0,2,80.0,86.7,-0.04,0.08,4,1,0,1.7,1.0,0,5.0,consistently_engaged,0.804,False
STU_0208,1,4,1,0,1,16,153.9,2,0,1,86.2,86.2,0.0,0.0,1,1,0,2.7,,0,,consistently_engaged,0.909,False
STU_0208,2,3,2,0,1,20,147.7,1,0,2,88.3,87.3,2.1,1.1,4,0,0,0.7,1.0,0,5.0,consistently_engaged,0.837,False
STU_0208,3,5,0,1,0,13,153.8,2,1,2,80.6,85.1,-2.79,10.5,2,0,0,1.8,,0,,consistently_engaged,0.809,False
STU_0208,4,5,0,0,0,20,119.2,2,0,1,82.4,84.4,-2.98,10.82,1,0,0,0.6,0.2,0,5.0,consistently_engaged,0.865,False
STU_0208,5,5,0,0,0,21,142.3,2,0,3,81.6,83.8,0.48,0.5,3,0,0,1.2,,0,,consistently_engaged,0.892,False
STU_0208,6,5,0,1,0,16,205.0,1,0,0,75.1,82.4,-3.63,10.61,2,1,1,2.0,0.82,0,5.0,consistently_engaged,0.882,False
STU_0208,7,5,0,1,0,19,143.3,2,0,3,80.1,82.0,-0.75,7.7,5,1,0,0.0,,0,,consistently_engaged,0.848,False
STU_0208,8,5,0,0,0,18,143.9,2,0,2,72.0,80.8,-1.56,11.14,1,0,0,0.1,0.44,0,4.0,consistently_engaged,0.809,False
STU_0208,9,5,0,0,0,18,177.9,2,0,3,82.9,81.0,1.39,21.29,1,1,0,0.6,,0,,consistently_engaged,0.782,False
STU_0208,10,5,0,0,0,17,222.9,1,0,1,78.7,80.8,3.36,20.08,2,1,0,1.0,0.98,0,5.0,consistently_engaged,0.799,False
STU_0208,11,3,2,0,1,21,135.9,2,0,2,91.8,81.8,4.46,29.75,0,1,0,0.3,,0,,consistently_engaged,0.83,False
STU_0208,12,5,0,0,0,12,188.3,2,1,3,77.6,81.4,-0.56,41.49,3,0,0,3.5,0.32,0,4.0,consistently_engaged,0.803,False
STU_0208,13,4,1,1,1,16,156.7,2,1,1,82.2,81.5,-4.77,34.88,1,2,0,1.7,,0,,consistently_engaged,0.785,False
STU_0208,14,4,1,0,1,15,172.2,2,1,1,74.7,81.0,-1.46,9.69,9,1,0,2.9,1.0,0,4.0,consistently_engaged,0.759,False
STU_0208,15,5,0,0,0,20,134.3,3,0,3,70.6,80.3,-5.8,23.14,5,2,1,2.8,,0,,consistently_engaged,0.774,False
STU_0208,16,5,0,1,0,21,150.4,2,2,1,79.2,80.2,2.25,12.2,2,0,0,1.4,-0.06,0,3.0,consistently_engaged,0.788,False
STU_0209,1,5,0,0,0,20,138.2,1,0,1,86.8,86.8,0.0,0.0,2,1,1,0.2,,0,,consistently_engaged,0.87,False
STU_0209,2,4,1,0,1,16,157.7,2,0,3,89.9,88.4,3.05,2.33,0,1,1,1.9,1.0,0,4.0,consistently_engaged,0.807,False
STU_0209,3,4,1,0,0,26,148.5,2,1,3,87.5,88.1,0.34,1.71,2,0,0,0.3,,0,,consistently_engaged,0.766,False
STU_0209,4,5,0,0,0,15,152.4,1,0,0,81.3,86.4,-4.27,12.98,3,1,0,1.3,0.54,0,3.0,consistently_engaged,0.773,False
STU_0209,5,5,0,1,0,20,167.4,1,1,1,75.9,84.3,-5.81,22.54,2,0,0,2.9,,0,,consistently_engaged,0.76,False
STU_0209,6,5,0,0,0,17,144.5,2,0,5,72.0,82.3,-4.67,14.68,2,0,0,2.8,-0.44,0,5.0,consistently_engaged,0.78,False
STU_0209,7,3,2,0,1,17,133.6,2,0,0,73.3,81.0,-1.32,2.64,3,1,1,6.7,,0,,consistently_engaged,0.707,False
STU_0209,8,4,1,0,0,8,144.9,2,0,2,71.8,79.8,-0.1,0.41,4,0,0,1.3,0.73,0,4.0,consistently_engaged,0.702,False
STU_0209,9,4,1,1,0,19,141.1,1,0,0,80.5,79.9,3.61,14.39,1,1,0,1.7,,0,,consistently_engaged,0.746,False
STU_0209,10,4,1,0,0,15,111.8,2,0,3,82.3,80.1,5.23,20.85,1,1,0,3.1,0.61,0,5.0,consistently_engaged,0.738,False
STU_0209,11,5,0,0,0,17,163.0,2,0,3,72.7,79.5,-3.87,17.06,0,0,0,1.6,,0,,consistently_engaged,0.826,False
STU_0209,12,5,0,0,0,17,145.0,3,0,2,72.3,78.9,-5.0,21.18,2,0,1,0.0,0.59,0,3.0,consistently_engaged,0.787,False
STU_0209,13,4,1,0,1,15,160.4,2,1,2,80.4,79.0,3.82,13.83,1,0,0,4.6,,0,,consistently_engaged,0.781,False
STU_0209,14,5,0,0,0,11,157.0,2,0,0,73.1,78.6,0.4,13.34,1,2,0,1.0,0.73,0,4.0,consistently_engaged,0.765,False
STU_0209,15,3,2,0,1,15,127.3,3,0,3,79.4,78.6,-0.47,10.56,3,0,0,4.7,,0,,consistently_engaged,0.765,False
STU_0209,16,5,0,0,0,12,159.7,2,0,1,78.8,78.6,2.84,8.15,4,0,0,3.3,0.71,0,4.0,consistently_engaged,0.749,False
STU_0210,1,5,0,0,0,19,191.4,2,0,2,82.4,82.4,0.0,0.0,5,2,0,0.7,,0,,consistently_engaged,0.841,False
STU_0210,2,5,0,0,0,19,172.8,1,1,0,90.5,86.4,8.06,16.26,1,0,0,0.5,1.0,0,5.0,consistently_engaged,0.872,False
STU_0210,3,5,0,0,0,22,107.8,3,1,4,94.3,89.1,5.96,24.68,2,2,0,0.5,,0,,consistently_engaged,0.9,False
STU_0210,4,4,1,1,1,18,197.7,2,0,0,91.0,89.5,0.29,2.89,1,2,0,0.3,1.0,0,4.0,consistently_engaged,0.831,False
STU_0210,5,5,0,1,0,21,157.3,2,1,2,87.2,89.1,-3.54,8.36,2,2,1,0.5,,0,,consistently_engaged,0.842,False
STU_0210,6,5,0,0,0,18,178.6,2,0,1,83.2,88.1,-3.89,10.09,4,1,0,0.5,0.37,0,4.0,consistently_engaged,0.874,False
STU_0210,7,5,0,1,0,14,142.4,2,0,1,78.3,86.7,-4.45,13.23,3,1,1,3.0,,0,,consistently_engaged,0.867,False
STU_0210,8,4,1,2,0,18,144.3,2,0,3,77.7,85.6,-2.8,6.21,2,1,1,0.5,-0.08,0,5.0,consistently_engaged,0.873,False
STU_0210,9,5,0,0,0,20,188.4,2,0,0,89.6,86.0,5.63,29.98,2,1,0,3.3,,0,,consistently_engaged,0.889,False
STU_0210,10,5,0,0,0,19,205.3,3,1,3,86.1,86.0,4.21,25.12,2,0,0,1.2,1.0,0,4.0,consistently_engaged,0.867,False
STU_0210,11,5,0,0,0,18,149.7,3,0,0,83.7,85.8,-2.95,5.86,3,2,0,1.1,,0,,consistently_engaged,0.884,False
STU_0210,12,4,1,1,1,16,209.9,3,0,2,78.8,85.2,-3.62,9.08,5,2,1,4.3,0.99,0,5.0,consistently_engaged,0.904,False
STU_0210,13,5,0,0,0,23,192.1,3,0,2,85.3,85.2,0.81,7.59,1,2,0,0.2,,0,,consistently_engaged,0.913,False
STU_0210,14,5,0,0,0,16,159.7,2,0,4,100.0,86.3,10.58,78.33,3,1,1,0.1,0.48,0,5.0,consistently_engaged,0.946,False
STU_0210,15,4,1,0,0,20,198.9,3,0,3,92.8,86.7,3.74,35.9,0,1,1,0.2,,0,,consistently_engaged,0.943,False
STU_0210,16,5,0,0,0,22,156.6,2,0,3,93.7,87.2,-3.16,10.26,1,1,0,2.0,0.21,0,5.0,consistently_engaged,0.915,False
STU_0211,1,5,0,0,0,18,186.1,3,0,1,85.0,85.0,0.0,0.0,1,0,0,0.3,,0,,consistently_engaged,0.849,False
STU_0211,2,5,0,0,0,19,182.1,3,1,2,86.6,85.8,1.59,0.63,0,1,0,0.2,0.55,0,5.0,consistently_engaged,0.836,False
STU_0211,3,5,0,1,0,19,223.6,2,0,0,85.8,85.8,0.38,0.42,3,1,0,0.2,,0,,consistently_engaged,0.814,False
STU_0211,4,4,1,0,0,19,174.6,3,0,4,82.0,84.9,-2.3,3.99,4,0,0,2.0,0.79,0,5.0,consistently_engaged,0.811,False
STU_0211,5,5,0,0,0,14,144.7,1,1,1,94.6,86.8,4.4,27.69,0,1,1,2.6,,0,,consistently_engaged,0.772,False
STU_0211,6,5,0,0,0,17,125.5,2,0,4,86.7,86.8,2.36,26.82,2,1,0,0.7,0.79,0,4.0,consistently_engaged,0.771,False
STU_0211,7,3,2,0,1,15,149.0,3,0,2,80.1,85.8,-7.25,35.14,1,1,0,1.4,,0,,consistently_engaged,0.723,False
STU_0211,8,4,1,0,1,18,141.2,1,2,2,79.6,85.1,-3.58,10.67,0,1,1,0.7,0.64,0,4.0,consistently_engaged,0.753,False
STU_0211,9,3,2,0,0,17,159.5,2,0,1,83.3,84.9,1.59,2.67,0,0,1,0.0,,0,,consistently_engaged,0.73,False
STU_0211,10,5,0,1,0,19,190.6,3,0,4,80.2,84.4,0.31,2.6,0,0,0,0.7,0.15,0,4.0,consistently_engaged,0.761,False
STU_0211,11,5,0,1,0,20,135.8,2,0,3,80.2,84.0,-1.55,2.11,2,0,0,1.2,,0,,consistently_engaged,0.671,False
STU_0211,12,5,0,0,0,21,132.2,3,1,2,74.7,83.2,-2.76,6.73,1,0,0,0.5,0.31,0,5.0,consistently_engaged,0.776,False
STU_0211,13,5,0,0,0,18,143.8,2,0,1,79.6,83.0,-0.29,6.06,1,1,0,1.7,,0,,consistently_engaged,0.771,False
STU_0211,14,4,1,1,0,17,173.5,3,0,2,78.5,82.6,1.92,4.44,0,2,0,0.4,0.3,0,5.0,consistently_engaged,0.807,False
STU_0211,15,4,1,1,0,20,143.6,2,0,1,89.0,83.1,4.69,22.05,0,1,0,2.3,,0,,consistently_engaged,0.765,False
STU_0211,16,5,0,1,0,16,152.8,2,0,0,84.7,83.2,3.07,18.41,3,0,0,1.8,0.97,0,3.0,consistently_engaged,0.755,False
STU_0212,1,5,0,1,0,22,188.6,2,0,1,94.3,94.3,0.0,0.0,2,2,0,1.5,,0,,consistently_engaged,0.873,False
STU_0212,2,5,0,0,0,22,169.1,2,0,3,97.9,96.1,3.56,3.17,1,0,0,2.2,0.87,0,4.0,consistently_engaged,0.919,False
STU_0212,3,5,0,0,0,20,124.1,2,0,6,92.7,94.9,-0.82,4.71,1,1,1,2.6,,0,,consistently_engaged,0.965,False
STU_0212,4,5,0,0,0,20,167.2,2,0,2,92.8,94.4,-2.55,5.88,0,0,0,2.0,0.57,0,5.0,consistently_engaged,0.926,False
STU_0212,5,4,1,0,0,18,155.5,3,0,5,90.9,93.7,-0.89,0.75,3,1,0,2.0,,0,,consistently_engaged,0.909,False
STU_0212,6,5,0,0,0,14,156.0,2,0,2,80.6,91.5,-6.07,28.45,1,0,1,0.7,0.78,0,4.0,consistently_engaged,0.904,False
STU_0212,7,5,0,0,0,14,185.9,2,0,3,88.7,91.1,-1.07,19.49,2,1,0,0.5,,0,,consistently_engaged,0.881,False
STU_0212,8,5,0,0,0,22,147.2,1,0,3,99.4,92.2,9.4,59.29,2,1,0,0.3,0.1,0,4.0,consistently_engaged,0.909,False
STU_0212,9,5,0,0,0,18,122.6,2,0,1,95.5,92.5,3.38,19.52,2,1,0,1.0,,0,,consistently_engaged,0.962,False
STU_0212,10,5,0,0,0,18,220.1,2,0,1,86.7,91.9,-6.39,28.52,3,0,0,2.9,1.0,0,4.0,consistently_engaged,0.907,False
STU_0212,11,5,0,0,0,19,190.2,2,0,0,85.7,91.4,-4.9,19.45,3,0,0,0.6,,0,,consistently_engaged,0.936,False
STU_0212,12,5,0,0,0,22,182.1,3,1,2,93.0,91.5,3.2,10.65,3,0,0,0.3,1.0,0,5.0,consistently_engaged,0.967,False
STU_0212,13,5,0,0,0,19,179.4,1,0,4,97.2,91.9,5.75,22.61,3,1,1,0.0,,0,,consistently_engaged,0.953,False
STU_0212,14,5,0,0,0,16,178.9,2,0,2,95.5,92.2,1.25,2.91,1,1,1,1.2,1.0,0,4.0,consistently_engaged,0.98,False
STU_0212,15,5,0,0,0,23,154.2,1,0,2,94.6,92.4,-1.29,1.14,4,1,0,0.1,,0,,consistently_engaged,0.97,False
STU_0212,16,5,0,0,0,21,128.9,2,0,6,97.6,92.7,1.05,1.6,1,1,0,4.1,0.53,0,5.0,consistently_engaged,0.98,False
STU_0213,1,5,0,0,0,16,134.8,2,0,2,88.8,88.8,0.0,0.0,4,1,0,0.7,,0,,consistently_engaged,0.847,False
STU_0213,2,5,0,0,0,18,188.8,1,0,1,87.8,88.3,-1.05,0.27,1,2,0,1.2,0.16,0,4.0,consistently_engaged,0.856,False
STU_0213,3,5,0,1,0,17,161.7,1,0,3,88.9,88.5,0.03,0.26,2,0,0,1.0,,0,,consistently_engaged,0.875,False
STU_0213,4,4,1,0,0,17,126.5,2,1,0,84.4,87.5,-1.69,3.65,3,1,1,0.6,0.92,0,5.0,consistently_engaged,0.858,False
STU_0213,5,4,1,0,1,15,152.4,1,1,4,92.3,88.4,1.7,10.44,3,0,0,4.9,,0,,consistently_engaged,0.848,False
STU_0213,6,4,1,0,0,18,158.5,2,0,2,84.8,87.8,0.21,13.14,2,1,0,0.1,0.96,0,5.0,consistently_engaged,0.835,False
STU_0213,7,5,0,0,0,19,202.0,2,0,2,89.6,88.1,-1.33,9.57,1,0,1,0.5,,0,,consistently_engaged,0.853,False
STU_0213,8,5,0,0,0,11,163.5,2,0,3,79.0,87.0,-2.89,18.77,1,0,1,0.4,0.33,0,5.0,consistently_engaged,0.88,False
STU_0213,9,5,0,1,0,15,142.1,2,0,1,79.3,86.1,-5.18,24.41,3,1,1,0.6,,0,,consistently_engaged,0.861,False
STU_0213,10,4,1,0,0,17,149.8,2,0,0,73.9,84.9,-2.56,6.11,5,2,0,0.9,1.0,0,3.0,consistently_engaged,0.823,False
STU_0213,11,5,0,0,0,13,189.2,2,1,0,86.8,85.1,3.76,27.94,5,1,1,2.4,,0,,consistently_engaged,0.847,False
STU_0213,12,5,0,0,0,20,167.4,3,0,1,77.6,84.4,1.83,29.39,3,1,0,0.4,0.97,0,5.0,consistently_engaged,0.847,False
STU_0213,13,5,0,0,0,17,169.5,2,0,1,84.1,84.4,-1.34,14.99,7,0,1,2.6,,0,,consistently_engaged,0.88,False
STU_0213,14,4,1,0,0,16,157.0,2,0,1,85.8,84.5,4.13,12.67,2,0,0,1.0,1.0,0,4.0,consistently_engaged,0.857,False
STU_0213,15,4,1,0,1,16,189.0,1,0,1,87.7,84.7,1.79,2.14,0,0,1,0.8,,0,,consistently_engaged,0.841,False
STU_0213,16,5,0,0,0,19,154.7,2,0,3,89.0,85.0,1.59,1.71,5,1,0,0.8,1.0,0,4.0,consistently_engaged,0.787,False
STU_0214,1,5,0,0,0,16,177.7,2,0,1,74.6,74.6,0.0,0.0,1,0,1,0.1,,0,,consistently_engaged,0.867,False
STU_0214,2,3,2,0,1,18,177.4,1,0,1,81.0,77.8,6.42,10.3,2,2,1,1.7,0.84,0,3.0,consistently_engaged,0.831,False
STU_0214,3,5,0,0,0,17,173.2,2,0,2,81.1,78.9,3.25,9.26,1,1,0,0.8,,0,,consistently_engaged,0.822,False
STU_0214,4,4,1,1,0,23,175.4,2,1,0,78.9,78.9,-1.07,1.05,0,1,1,0.4,0.29,0,5.0,consistently_engaged,0.794,False
STU_0214,5,5,0,0,0,19,170.8,2,0,2,73.1,77.7,-3.98,11.26,1,0,0,2.2,,0,,consistently_engaged,0.803,False
STU_0214,6,5,0,0,0,17,154.0,2,0,0,76.2,77.5,-1.36,5.52,2,0,0,1.0,0.02,0,5.0,consistently_engaged,0.806,False
STU_0214,7,4,1,0,0,16,162.4,2,0,4,91.4,79.5,9.15,64.07,1,0,0,1.2,,0,,consistently_engaged,0.831,False
STU_0214,8,5,0,0,0,20,160.3,2,1,3,84.1,80.1,3.98,38.84,1,0,0,0.1,0.81,0,4.0,consistently_engaged,0.86,False
STU_0214,9,4,1,0,0,25,185.3,3,0,1,100.0,82.3,4.29,42.08,6,0,0,1.1,,0,,consistently_engaged,0.85,False
STU_0214,10,4,1,0,1,15,162.4,1,0,1,86.1,82.7,1.0,49.81,5,1,0,0.7,0.1,0,4.0,consistently_engaged,0.839,False
STU_0214,11,5,0,0,0,13,151.5,1,0,2,90.6,83.4,-4.72,33.46,0,1,1,0.1,,0,,consistently_engaged,0.848,False
STU_0214,12,5,0,1,0,17,199.1,2,0,6,78.9,83.0,-3.59,22.88,2,1,0,1.6,0.86,0,4.0,consistently_engaged,0.871,False
STU_0214,13,5,0,0,0,18,150.4,2,0,2,93.9,83.8,1.66,40.96,1,1,0,0.8,,0,,consistently_engaged,0.852,False
STU_0214,14,5,0,0,0,18,154.3,2,0,2,79.5,83.5,0.27,47.78,1,0,0,1.3,1.0,0,4.0,consistently_engaged,0.806,False
STU_0214,15,2,3,0,1,17,168.3,2,0,0,75.4,83.0,-9.22,62.63,2,1,0,0.7,,0,,consistently_engaged,0.746,False
STU_0214,16,4,1,0,0,19,135.6,3,0,5,75.6,82.5,-1.97,3.56,1,0,0,1.9,0.18,0,2.0,consistently_engaged,0.782,False
STU_0215,1,4,1,0,0,21,208.5,2,0,1,86.3,86.3,0.0,0.0,1,0,0,0.7,,0,,consistently_engaged,0.864,False
STU_0215,2,4,1,0,0,14,146.8,1,0,1,84.3,85.3,-1.93,0.93,1,1,0,0.4,0.2,0,5.0,consistently_engaged,0.811,False
STU_0215,3,5,0,0,0,15,146.6,2,0,2,89.4,86.7,1.55,4.3,0,1,0,2.3,,0,,consistently_engaged,0.808,False
STU_0215,4,5,0,1,0,20,148.7,2,0,1,74.5,83.6,-4.93,38.28,1,1,0,0.3,0.29,0,5.0,consistently_engaged,0.81,False
STU_0215,5,3,2,0,1,18,169.3,1,0,4,80.7,83.0,-4.36,37.35,1,0,0,1.0,,0,,consistently_engaged,0.799,False
STU_0215,6,5,0,1,0,14,199.4,2,0,3,89.5,84.1,7.54,38.28,3,1,1,0.6,0.54,0,3.0,consistently_engaged,0.866,False
STU_0215,7,4,1,0,0,19,161.7,2,0,3,86.6,84.5,2.95,13.65,4,0,0,3.1,,0,,consistently_engaged,0.872,False
STU_0215,8,5,0,0,0,19,186.2,3,0,4,95.1,85.8,2.78,12.52,2,0,0,0.1,0.75,0,4.0,consistently_engaged,0.92,False
STU_0215,9,5,0,1,0,20,202.4,2,0,1,99.6,87.3,6.54,29.37,2,0,1,0.7,,0,,consistently_engaged,0.886,False
STU_0215,10,5,0,0,0,19,104.2,2,0,0,79.4,86.5,-7.83,74.89,4,2,1,0.4,0.9,0,4.0,consistently_engaged,0.873,False
STU_0215,11,5,0,0,0,15,164.3,2,0,1,85.4,86.4,-7.12,71.82,2,1,0,1.0,,0,,consistently_engaged,0.88,False
STU_0215,12,5,0,0,0,22,194.7,2,0,2,94.6,87.1,7.58,38.91,2,1,0,0.8,1.0,0,5.0,consistently_engaged,0.906,False
STU_0215,13,5,0,0,0,18,184.9,2,0,1,92.1,87.5,3.36,15.13,3,0,0,1.9,,0,,consistently_engaged,0.92,False
STU_0215,14,3,2,0,0,18,179.2,2,0,0,87.9,87.5,-3.37,7.75,1,0,0,1.8,0.84,0,4.0,consistently_engaged,0.853,False
STU_0215,15,5,0,0,0,18,122.5,2,0,2,83.5,87.3,-4.29,12.28,4,1,0,0.8,,0,,consistently_engaged,0.866,False
STU_0215,16,5,0,0,0,16,147.2,2,0,7,96.3,87.8,4.24,28.33,2,1,1,0.1,0.06,0,5.0,consistently_engaged,0.864,False
STU_0216,1,3,2,0,1,16,194.7,2,0,2,94.8,94.8,0.0,0.0,0,2,0,1.4,,0,,consistently_engaged,0.835,False
STU_0216,2,5,0,0,0,25,149.9,3,0,3,82.2,88.5,-12.54,39.28,2,2,0,2.8,0.3,0,4.0,consistently_engaged,0.83,False
STU_0216,3,5,0,0,0,22,208.1,3,0,3,92.4,89.8,-1.17,29.61,1,0,0,1.1,,0,,consistently_engaged,0.879,False
STU_0216,4,4,1,1,0,16,226.4,3,0,1,93.1,90.6,5.46,24.84,3,0,0,0.2,1.0,0,5.0,consistently_engaged,0.936,False
STU_0216,5,5,0,0,0,18,179.4,3,0,6,96.3,91.8,1.94,2.83,3,2,0,0.5,,0,,consistently_engaged,0.94,False
STU_0216,6,4,1,0,0,26,191.7,2,0,1,81.4,90.0,-5.85,40.79,2,1,1,0.4,1.0,0,4.0,consistently_engaged,0.974,False
STU_0216,7,5,0,0,0,15,168.0,2,0,3,86.1,89.5,-5.12,38.49,2,0,0,0.2,,0,,consistently_engaged,0.93,False
STU_0216,8,5,0,0,0,22,142.0,2,1,4,93.7,90.0,6.11,25.43,2,1,0,0.6,0.95,0,5.0,consistently_engaged,0.903,False
STU_0216,9,4,1,0,1,17,170.4,3,0,3,94.4,90.5,4.16,14.19,3,1,0,0.7,,0,,consistently_engaged,0.888,False
STU_0216,10,5,0,0,0,18,156.5,2,0,0,84.0,89.8,-4.82,22.3,0,0,1,1.1,0.86,1,5.0,consistently_engaged,0.854,False
STU_0216,11,5,0,0,0,15,177.4,2,0,5,82.9,89.2,-5.73,26.61,2,0,0,0.8,,0,,consistently_engaged,0.916,False
STU_0216,12,4,1,2,0,18,161.9,2,0,5,98.9,90.0,7.46,53.4,1,0,0,2.3,0.88,0,5.0,consistently_engaged,0.896,False
STU_0216,13,5,0,0,0,20,167.1,2,0,0,92.1,90.2,4.58,43.08,2,1,0,1.2,,0,,consistently_engaged,0.905,False
STU_0216,14,5,0,0,0,18,220.3,2,0,3,87.8,90.0,-5.55,20.93,2,1,0,1.7,0.41,0,5.0,consistently_engaged,0.882,False
STU_0216,15,5,0,0,0,18,190.8,3,0,2,90.1,90.0,-1.0,3.0,2,1,1,7.6,,0,,consistently_engaged,0.855,False
STU_0216,16,5,0,1,0,14,189.3,3,0,3,85.2,89.7,-1.32,4.0,3,0,0,1.0,0.97,0,5.0,consistently_engaged,0.86,False
STU_0217,1,4,1,1,1,14,145.4,2,0,1,86.5,86.5,0.0,0.0,3,0,0,0.4,,0,,consistently_engaged,0.85,False
STU_0217,2,5,0,0,0,19,185.7,2,0,1,91.7,89.1,5.15,6.64,2,1,1,1.6,0.54,0,5.0,consistently_engaged,0.86,False
STU_0217,3,4,1,0,0,20,198.4,2,0,1,89.2,89.2,1.35,4.43,3,1,0,0.3,,1,,consistently_engaged,0.855,False
STU_0217,4,4,1,1,0,20,110.2,1,1,3,89.3,89.2,-1.18,1.29,2,1,1,1.9,0.54,0,4.0,consistently_engaged,0.829,False
STU_0217,5,5,0,0,0,16,148.3,2,0,2,88.3,89.0,-0.46,0.21,0,0,0,1.3,,0,,consistently_engaged,0.83,False
STU_0217,6,5,0,1,0,16,137.4,2,0,2,80.3,87.6,-4.51,16.3,5,0,0,2.3,0.97,0,5.0,consistently_engaged,0.788,False
STU_0217,7,4,1,1,0,20,93.6,2,0,0,64.5,84.3,-11.9,97.8,2,1,0,1.0,,0,,consistently_engaged,0.762,False
STU_0217,8,5,0,0,0,20,119.9,1,0,1,82.2,84.0,0.93,62.76,1,1,0,0.2,0.62,0,3.0,consistently_engaged,0.769,False
STU_0217,9,4,1,0,0,14,177.7,2,1,1,76.3,83.2,5.87,53.87,3,0,1,2.5,,0,,consistently_engaged,0.798,False
STU_0217,10,4,1,0,0,22,131.3,2,2,0,84.6,83.3,1.23,12.33,0,0,0,0.8,0.4,0,5.0,consistently_engaged,0.786,False
STU_0217,11,3,2,0,2,18,119.4,2,0,1,79.3,82.9,1.53,11.94,2,1,0,0.2,,0,,consistently_engaged,0.829,False
STU_0217,12,5,0,0,0,18,151.7,2,0,3,83.1,83.0,-0.79,4.94,5,1,0,0.0,0.81,0,4.0,consistently_engaged,0.844,False
STU_0217,13,5,0,0,0,17,103.1,2,1,2,80.6,82.8,0.62,2.39,1,0,0,1.1,,0,,consistently_engaged,0.824,False
STU_0217,14,5,0,1,0,12,117.2,2,0,0,85.0,82.9,0.97,3.27,3,0,0,0.1,0.81,0,4.0,consistently_engaged,0.778,False
STU_0217,15,3,2,1,1,17,75.0,2,0,1,79.5,82.7,-0.53,5.63,3,1,1,2.0,,0,,consistently_engaged,0.781,False
STU_0217,16,4,1,0,1,17,135.9,2,2,3,80.4,82.6,-2.28,5.74,1,1,0,0.6,0.19,0,3.0,consistently_engaged,0.832,False
STU_0218,1,4,1,1,1,15,160.6,2,0,1,82.1,82.1,0.0,0.0,2,1,0,2.7,,0,,consistently_engaged,0.76,False
STU_0218,2,4,1,0,1,17,166.4,2,0,3,80.2,81.2,-1.99,0.99,4,1,0,0.3,0.35,0,4.0,consistently_engaged,0.775,False
STU_0218,3,4,1,0,1,21,150.2,1,0,3,89.6,84.0,3.71,16.36,1,2,1,4.0,,0,,consistently_engaged,0.784,False
STU_0218,4,5,0,1,0,17,176.9,2,0,0,86.2,84.5,3.0,15.1,1,2,0,2.2,0.87,0,4.0,consistently_engaged,0.838,False
STU_0218,5,5,0,1,0,19,150.6,2,0,1,94.5,86.5,2.48,11.73,0,0,0,1.2,,0,,consistently_engaged,0.825,False
STU_0218,6,5,0,0,0,18,170.5,1,0,1,85.1,86.3,-0.55,17.77,0,0,0,1.3,0.83,0,4.0,consistently_engaged,0.898,False
STU_0218,7,5,0,1,0,23,152.7,2,0,4,86.7,86.3,-3.89,16.94,1,1,1,1.5,,0,,consistently_engaged,0.914,False
STU_0218,8,5,0,0,0,14,192.1,2,0,4,92.1,87.1,3.52,9.03,5,2,0,0.2,0.68,0,4.0,consistently_engaged,0.902,False
STU_0218,9,5,0,0,0,19,223.3,2,0,3,87.5,87.1,0.37,5.66,3,2,0,1.2,,0,,consistently_engaged,0.915,False
STU_0218,10,5,0,0,0,19,186.3,2,0,3,84.5,86.8,-3.83,9.92,0,1,0,0.6,1.0,0,5.0,consistently_engaged,0.899,False
STU_0218,11,5,0,0,0,22,154.9,2,0,3,74.8,85.7,-6.36,29.44,1,1,1,1.2,,0,,consistently_engaged,0.833,False
STU_0218,12,5,0,0,0,16,132.3,2,1,0,98.0,86.8,6.77,90.88,2,1,0,0.5,0.44,0,4.0,consistently_engaged,0.845,False
STU_0218,13,5,0,0,0,21,153.1,2,1,1,80.5,86.3,2.87,97.76,0,0,0,1.6,,0,,consistently_engaged,0.811,False
STU_0218,14,3,2,0,1,17,159.4,2,0,0,80.9,85.9,-8.56,66.63,1,0,0,1.3,0.35,0,5.0,consistently_engaged,0.832,False
STU_0218,15,5,0,0,0,17,193.5,3,1,4,77.5,85.3,-1.49,2.27,1,0,0,1.2,,0,,consistently_engaged,0.832,False
STU_0218,16,5,0,0,0,18,150.1,2,0,1,88.4,85.5,3.77,20.86,2,1,0,0.3,1.0,0,5.0,consistently_engaged,0.839,False
STU_0219,1,5,0,1,0,18,197.3,2,0,2,81.9,81.9,0.0,0.0,2,1,1,0.9,,0,,consistently_engaged,0.809,False
STU_0219,2,5,0,1,0,19,166.8,2,0,1,92.8,87.3,10.91,29.74,2,0,0,2.1,0.97,0,4.0,consistently_engaged,0.901,False
STU_0219,3,4,1,0,1,21,167.4,2,0,1,88.9,87.9,3.53,20.39,4,0,1,0.5,,0,,consistently_engaged,0.866,False
STU_0219,4,4,1,0,0,20,155.3,1,0,3,91.3,88.7,-0.76,2.51,2,1,0,1.7,0.95,0,5.0,consistently_engaged,0.845,False
STU_0219,5,5,0,0,0,16,176.1,1,0,2,82.5,87.5,-3.23,13.83,3,1,0,2.0,,0,,consistently_engaged,0.833,False
STU_0219,6,5,0,1,0,16,163.9,3,0,0,83.1,86.7,-4.1,16.1,2,1,1,0.9,1.0,0,4.0,consistently_engaged,0.833,False
STU_0219,7,4,1,1,0,15,130.6,1,0,4,90.2,87.2,3.86,12.32,5,1,0,1.2,,0,,consistently_engaged,0.828,False
STU_0219,8,4,1,1,1,20,171.6,2,0,0,86.1,87.1,1.49,8.55,3,1,0,2.3,0.61,0,5.0,consistently_engaged,0.849,False
STU_0219,9,5,0,0,0,22,106.8,2,0,4,77.6,86.0,-6.32,27.67,3,1,1,0.3,,0,,consistently_engaged,0.873,False
STU_0219,10,4,1,0,0,14,166.2,2,0,2,85.0,85.9,-0.52,14.32,2,2,1,0.8,0.8,0,5.0,consistently_engaged,0.944,False
STU_0219,11,5,0,0,0,19,197.0,2,0,4,84.2,85.8,3.3,11.1,1,2,1,0.8,,0,,consistently_engaged,0.901,False
STU_0219,12,5,0,0,0,21,186.5,1,0,3,90.8,86.2,2.88,8.63,5,1,0,0.3,1.0,0,4.0,consistently_engaged,0.914,False
STU_0219,13,5,0,0,0,20,179.2,2,0,3,85.9,86.2,0.89,7.83,2,1,1,0.3,,0,,consistently_engaged,0.922,False
STU_0219,14,5,0,0,0,22,199.1,1,0,2,95.2,86.8,2.2,14.28,1,0,1,1.1,0.47,0,4.0,consistently_engaged,0.98,False
STU_0219,15,5,0,0,0,18,198.7,2,0,2,93.9,87.3,3.97,16.71,4,0,0,0.9,,0,,consistently_engaged,0.969,False
STU_0219,16,5,0,0,0,23,199.0,2,0,0,98.7,88.0,1.75,4.12,3,1,0,0.6,1.0,0,4.0,consistently_engaged,0.937,False
STU_0220,1,5,0,0,0,20,187.5,1,0,3,85.7,85.7,0.0,0.0,1,2,0,0.2,,0,,consistently_engaged,0.858,False
STU_0220,2,4,1,0,0,15,211.2,2,0,0,85.7,85.7,0.04,0.0,1,0,1,0.3,0.7,1,5.0,consistently_engaged,0.883,False
STU_0220,3,5,0,0,0,17,171.9,2,0,4,88.9,86.8,1.59,2.21,2,1,1,0.7,,0,,consistently_engaged,0.904,False
STU_0220,4,4,1,0,1,15,133.7,1,0,2,94.9,88.8,4.6,14.56,5,1,1,0.1,0.66,0,5.0,consistently_engaged,0.925,False
STU_0220,5,4,1,0,0,16,197.1,1,0,0,95.8,90.2,3.48,9.56,2,0,0,0.6,,0,,consistently_engaged,0.94,False
STU_0220,6,5,0,0,0,18,176.9,2,0,3,94.2,90.9,-0.37,0.46,2,1,0,0.1,1.0,0,5.0,consistently_engaged,0.967,False
STU_0220,7,5,0,0,0,12,178.0,2,1,4,86.6,90.3,-4.6,16.01,0,1,0,0.3,,0,,consistently_engaged,0.915,False
STU_0220,8,5,0,0,0,17,144.7,2,0,2,97.3,91.2,1.58,20.13,3,2,0,2.2,1.0,0,5.0,consistently_engaged,0.98,False
STU_0220,9,4,1,0,0,17,211.9,2,0,3,92.3,91.3,2.81,19.09,4,1,0,1.1,,0,,consistently_engaged,0.931,False
STU_0220,10,5,0,0,0,19,160.5,2,0,3,80.7,90.2,-8.34,48.78,2,2,0,0.2,1.0,0,5.0,consistently_engaged,0.917,False
STU_0220,11,5,0,0,0,21,175.5,2,0,2,96.7,90.8,2.22,45.83,3,0,0,1.0,,0,,consistently_engaged,0.9,False
STU_0220,12,5,0,1,0,16,215.3,2,0,1,73.1,89.3,-3.78,97.01,0,1,0,0.0,0.95,0,5.0,consistently_engaged,0.878,False
STU_0220,13,5,0,0,0,15,187.5,2,0,2,91.8,89.5,-2.43,103.72,3,2,1,0.6,,0,,consistently_engaged,0.909,False
STU_0220,14,5,0,0,0,23,202.3,2,0,1,93.8,89.8,10.33,86.94,2,2,1,0.5,1.0,0,4.0,consistently_engaged,0.952,False
STU_0220,15,5,0,0,0,19,199.6,1,0,2,94.2,90.1,1.16,1.02,3,1,0,5.9,,0,,consistently_engaged,0.947,False
STU_0220,16,3,2,0,0,20,181.6,2,0,7,87.5,90.0,-3.1,9.17,1,1,0,0.0,1.0,0,5.0,consistently_engaged,0.918,False
STU_0221,1,4,1,0,1,16,177.9,2,0,4,80.7,80.7,0.0,0.0,2,0,0,0.4,,0,,consistently_engaged,0.934,False
STU_0221,2,5,0,0,0,17,155.5,1,0,2,92.4,86.5,11.77,34.65,3,0,0,0.6,0.47,0,4.0,consistently_engaged,0.936,False
STU_0221,3,5,0,0,0,12,212.3,2,0,4,98.3,90.5,8.81,53.64,0,1,0,0.0,,0,,consistently_engaged,0.916,False
STU_0221,4,5,0,0,0,16,170.2,2,0,0,82.5,88.5,-4.96,42.26,0,0,0,0.1,0.98,0,3.0,consistently_engaged,0.914,False
STU_0221,5,4,1,0,1,22,176.1,2,0,0,92.9,89.4,-2.7,42.7,0,1,0,1.1,,0,,consistently_engaged,0.892,False
STU_0221,6,5,0,0,0,17,165.5,2,0,3,88.6,89.2,3.02,18.01,5,0,1,0.1,0.84,0,5.0,consistently_engaged,0.893,False
STU_0221,7,5,0,0,0,15,158.0,2,0,1,81.8,88.2,-5.52,20.62,4,1,0,0.1,,0,,consistently_engaged,0.881,False
STU_0221,8,5,0,0,0,18,180.4,2,1,2,81.5,87.3,-3.52,10.53,1,1,0,1.4,0.55,0,4.0,consistently_engaged,0.842,False
STU_0221,9,5,0,1,0,18,132.8,2,0,3,77.1,86.2,-2.38,4.73,1,0,1,2.9,,0,,consistently_engaged,0.829,False
STU_0221,10,5,0,0,0,21,172.5,3,0,4,98.1,87.4,8.3,82.06,1,1,0,0.1,0.94,0,4.0,consistently_engaged,0.847,False
STU_0221,11,4,1,0,0,16,158.4,1,0,1,96.9,88.2,9.9,92.98,4,2,0,0.5,,0,,consistently_engaged,0.857,False
STU_0221,12,5,0,1,0,19,158.3,2,0,3,92.9,88.6,-2.61,4.97,4,2,0,1.1,0.86,0,4.0,consistently_engaged,0.881,False
STU_0221,13,5,0,0,0,21,147.9,2,0,1,90.0,88.7,-3.43,7.89,5,1,0,0.7,,0,,consistently_engaged,0.897,False
STU_0221,14,5,0,0,0,12,157.6,3,0,2,91.9,89.0,-0.48,1.42,1,0,0,0.4,0.7,0,4.0,consistently_engaged,0.9,False
STU_0221,15,4,1,0,0,15,215.5,3,1,1,86.6,88.8,-1.7,4.84,0,0,0,1.2,,1,,consistently_engaged,0.906,False
STU_0221,16,5,0,0,0,23,168.3,2,0,1,81.9,88.4,-5.01,16.78,1,0,0,1.0,0.79,0,5.0,consistently_engaged,0.892,False
STU_0222,1,4,1,0,1,17,143.2,1,0,2,93.5,93.5,0.0,0.0,0,1,0,0.9,,0,,consistently_engaged,0.887,False
STU_0222,2,5,0,0,0,22,177.4,1,0,4,82.5,88.0,-10.94,29.94,1,0,0,1.0,1.0,0,4.0,consistently_engaged,0.904,False
STU_0222,3,5,0,0,0,16,208.6,3,0,2,79.3,85.1,-7.06,36.58,3,1,0,2.5,,0,,consistently_engaged,0.893,False
STU_0222,4,5,0,0,0,18,153.2,2,0,2,81.8,84.3,-0.34,1.86,0,2,0,2.6,0.45,0,4.0,consistently_engaged,0.856,False
STU_0222,5,4,1,0,0,9,136.6,2,0,2,88.5,85.1,4.6,15.07,1,0,0,0.9,,0,,consistently_engaged,0.855,False
STU_0222,6,4,1,0,1,17,150.3,3,0,0,81.4,84.5,-0.21,10.63,3,2,0,1.4,0.4,0,5.0,consistently_engaged,0.846,False
STU_0222,7,5,0,2,0,15,160.4,2,0,2,87.6,85.0,-0.48,9.93,4,1,0,2.7,,0,,consistently_engaged,0.826,False
STU_0222,8,5,0,0,0,15,149.5,2,1,1,90.4,85.6,4.46,13.92,3,1,1,0.9,0.75,0,4.0,consistently_engaged,0.766,False
STU_0222,9,5,0,0,0,16,159.3,2,0,2,90.3,86.1,1.35,1.67,1,0,0,1.6,,0,,consistently_engaged,0.826,False
STU_0222,10,4,1,1,1,12,189.8,2,0,3,78.3,85.4,-6.04,32.2,3,2,0,0.1,0.82,0,4.0,consistently_engaged,0.843,False
STU_0222,11,5,0,0,0,19,155.7,2,0,1,85.2,85.3,-2.56,24.18,1,1,1,4.0,,1,,consistently_engaged,0.839,False
STU_0222,12,4,1,0,1,14,114.3,1,0,3,75.9,84.6,-1.2,15.5,4,1,1,0.9,0.76,0,5.0,consistently_engaged,0.843,False
STU_0222,13,4,1,0,1,23,184.4,2,0,3,93.0,85.2,3.93,49.09,4,0,0,0.1,,0,,consistently_engaged,0.9,False
STU_0222,14,4,1,0,0,19,181.2,3,0,3,97.6,86.1,10.85,87.33,6,1,1,2.6,1.0,0,5.0,consistently_engaged,0.924,False
STU_0222,15,5,0,0,0,17,203.2,2,0,1,90.8,86.4,-1.12,8.02,4,0,0,0.7,,0,,consistently_engaged,0.936,False
STU_0222,16,5,0,0,0,18,197.4,1,0,7,84.0,86.2,-6.8,30.82,2,0,0,0.2,0.4,0,5.0,consistently_engaged,0.869,False
STU_0223,1,5,0,0,0,18,180.7,2,1,2,90.3,90.3,0.0,0.0,4,1,0,0.4,,0,,consistently_engaged,0.905,False
STU_0223,2,5,0,0,0,20,170.0,2,0,3,90.5,90.4,0.21,0.01,1,2,0,0.5,0.66,1,5.0,consistently_engaged,0.907,False
STU_0223,3,5,0,0,0,15,174.5,3,0,2,86.4,89.1,-1.97,3.64,2,1,1,1.8,,0,,consistently_engaged,0.892,False
STU_0223,4,5,0,1,0,18,194.3,2,0,4,86.4,88.4,-2.04,3.75,4,0,0,1.3,0.66,0,5.0,consistently_engaged,0.98,False
STU_0223,5,4,1,0,0,22,154.3,3,0,2,83.0,87.3,-1.66,2.51,2,0,0,3.3,,0,,consistently_engaged,0.928,False
STU_0223,6,5,0,0,0,20,156.1,2,0,3,100.0,89.4,6.78,53.66,1,0,1,0.2,0.55,0,5.0,consistently_engaged,0.96,False
STU_0223,7,5,0,0,0,13,210.1,3,0,3,96.1,90.4,6.52,52.55,2,1,1,0.7,,0,,consistently_engaged,0.936,False
STU_0223,8,5,0,0,0,16,162.1,2,0,4,92.2,90.6,-3.88,10.05,3,0,0,2.3,0.51,0,5.0,consistently_engaged,0.98,False
STU_0223,9,4,1,0,1,14,215.5,2,0,6,95.5,91.2,-0.28,2.87,1,2,0,0.9,,0,,consistently_engaged,0.93,False
STU_0223,10,5,0,0,0,23,180.6,2,0,1,87.7,90.8,-2.26,10.22,2,1,0,2.1,0.77,0,5.0,consistently_engaged,0.943,False
STU_0223,11,5,0,0,0,17,203.1,2,0,4,91.7,90.9,-1.91,10.14,1,0,0,0.1,,0,,consistently_engaged,0.938,False
STU_0223,12,5,0,0,0,22,158.1,2,0,2,93.5,91.1,2.89,5.84,2,0,1,1.7,1.0,0,5.0,consistently_engaged,0.908,False
STU_0223,13,5,0,0,0,19,181.8,1,2,3,87.3,90.8,-2.2,6.81,2,1,1,0.0,,0,,consistently_engaged,0.846,False
STU_0223,14,4,1,0,0,16,181.4,2,0,3,82.3,90.2,-5.62,21.14,3,2,0,1.5,0.15,0,5.0,consistently_engaged,0.838,False
STU_0223,15,5,0,0,0,18,176.7,3,0,3,94.5,90.5,3.6,25.19,3,1,0,1.5,,0,,consistently_engaged,0.826,False
STU_0223,16,4,1,0,0,20,214.9,2,1,0,83.5,90.1,0.61,30.26,1,1,0,0.3,0.32,0,4.0,consistently_engaged,0.84,False
STU_0224,1,5,0,1,0,15,131.1,2,0,1,77.1,77.1,0.0,0.0,1,0,0,1.6,,0,,consistently_engaged,0.79,False
STU_0224,2,4,1,1,1,17,144.7,1,0,1,72.8,75.0,-4.39,4.82,4,0,0,0.5,0.69,0,5.0,consistently_engaged,0.793,False
STU_0224,3,4,1,0,1,13,126.4,1,0,3,90.1,80.0,6.49,54.36,1,1,1,0.8,,0,,consistently_engaged,0.827,False
STU_0224,4,4,1,0,1,20,101.0,3,0,0,76.5,79.1,1.87,55.72,1,1,0,3.0,1.0,0,5.0,consistently_engaged,0.813,False
STU_0224,5,4,1,0,0,14,185.6,2,0,1,90.1,81.3,0.01,41.4,1,0,0,0.1,,0,,consistently_engaged,0.835,False
STU_0224,6,5,0,0,0,17,119.6,2,0,4,88.7,82.6,6.12,37.62,0,1,0,1.1,1.0,0,5.0,consistently_engaged,0.823,False
STU_0224,7,5,0,1,0,10,173.6,1,1,1,82.4,82.5,-3.88,11.39,1,1,1,0.3,,0,,consistently_engaged,0.765,False
STU_0224,8,4,1,0,1,16,150.5,2,0,1,86.2,83.0,-1.29,6.79,2,0,0,0.5,0.2,1,5.0,consistently_engaged,0.779,False
STU_0224,9,5,0,1,0,12,125.3,1,0,2,83.2,83.0,0.4,2.63,0,0,0,0.7,,0,,consistently_engaged,0.696,False
STU_0224,10,3,2,0,1,15,132.2,2,1,1,70.8,81.8,-7.66,44.01,4,1,0,3.5,0.34,0,3.0,consistently_engaged,0.719,False
STU_0224,11,5,0,1,0,15,178.1,2,0,1,62.2,80.0,-10.49,74.15,0,0,0,0.3,,1,,consistently_engaged,0.684,False
STU_0224,12,5,0,1,0,18,147.7,1,1,1,79.0,79.9,4.07,46.96,0,0,0,1.3,0.48,0,3.0,consistently_engaged,0.672,False
STU_0224,13,4,1,1,0,12,120.9,2,0,3,75.7,79.6,6.74,52.71,4,1,0,0.3,,0,,consistently_engaged,0.668,False
STU_0224,14,5,0,1,0,16,170.5,1,0,1,70.5,78.9,-4.25,12.24,1,1,0,2.9,0.76,0,3.0,consistently_engaged,0.678,False
STU_0224,15,5,0,0,0,13,119.2,3,0,3,71.2,78.4,-2.21,5.25,2,0,0,0.5,,1,,consistently_engaged,0.714,False
STU_0224,16,4,1,1,1,11,163.9,1,1,2,66.0,77.7,-2.25,5.41,3,1,0,3.5,0.3,0,3.0,consistently_engaged,0.676,False
STU_0225,1,4,1,0,0,18,173.6,2,0,0,81.3,81.3,0.0,0.0,2,0,0,0.0,,0,,consistently_engaged,0.904,False
STU_0225,2,5,0,0,0,18,176.2,2,0,4,98.6,90.0,17.26,74.47,0,0,1,1.4,1.0,0,5.0,consistently_engaged,0.942,False
STU_0225,3,3,2,0,1,19,193.6,3,0,3,88.5,89.5,3.55,50.16,2,0,1,0.3,,0,,consistently_engaged,0.918,False
STU_0225,4,5,0,1,0,19,143.1,2,1,2,82.4,87.7,-8.08,44.52,3,1,1,0.0,0.34,0,5.0,consistently_engaged,0.928,False
STU_0225,5,4,1,0,1,20,154.1,2,0,3,98.1,89.8,4.8,41.4,4,1,0,0.4,,0,,consistently_engaged,0.941,False
STU_0225,6,5,0,0,0,19,170.7,2,0,2,86.8,89.3,2.19,43.3,3,1,0,0.2,1.0,0,5.0,consistently_engaged,0.955,False
STU_0225,7,5,0,1,0,19,192.7,2,1,2,88.5,89.2,-4.77,24.49,2,0,1,2.8,,0,,consistently_engaged,0.964,False
STU_0225,8,5,0,0,0,20,201.7,1,0,3,90.9,89.4,2.07,2.88,3,2,0,0.3,0.29,0,5.0,consistently_engaged,0.95,False
STU_0225,9,5,0,0,0,12,174.3,2,0,3,87.0,89.1,-0.74,2.59,2,2,0,0.4,,0,,consistently_engaged,0.937,False
STU_0225,10,5,0,0,0,17,209.0,3,0,6,84.6,88.7,-3.19,6.91,5,1,1,1.7,1.0,0,5.0,consistently_engaged,0.92,False
STU_0225,11,5,0,1,0,17,157.9,2,0,1,99.3,89.6,6.11,41.24,2,0,0,0.3,,0,,consistently_engaged,0.922,False
STU_0225,12,4,1,0,0,14,198.6,2,0,3,88.8,89.6,2.11,38.16,4,1,0,1.7,1.0,0,5.0,consistently_engaged,0.958,False
STU_0225,13,5,0,0,0,19,215.0,2,0,3,93.1,89.8,-3.06,18.45,0,1,1,3.1,,0,,consistently_engaged,0.94,False
STU_0225,14,5,0,0,0,19,211.3,3,0,0,86.5,89.6,-1.13,7.56,4,1,0,0.1,1.0,0,5.0,consistently_engaged,0.969,False
STU_0225,15,5,0,0,0,21,197.7,2,0,0,100.0,90.3,3.43,30.29,2,0,1,1.3,,0,,consistently_engaged,0.937,False
STU_0225,16,4,1,0,1,18,279.0,2,0,2,87.5,90.1,0.47,37.77,2,0,1,0.2,1.0,0,5.0,consistently_engaged,0.954,False
STU_0226,1,5,0,0,0,17,137.3,2,0,3,77.8,77.8,0.0,0.0,2,1,1,1.6,,0,,consistently_engaged,0.852,False
STU_0226,2,5,0,0,0,16,166.4,2,0,3,81.0,79.4,3.18,2.53,2,0,0,0.4,1.0,0,5.0,consistently_engaged,0.827,False
STU_0226,3,4,1,1,0,21,160.4,2,0,4,94.1,84.3,8.15,49.81,3,1,0,1.2,,0,,consistently_engaged,0.839,False
STU_0226,4,4,1,0,1,17,146.0,2,0,3,71.0,81.0,-4.97,89.18,2,0,0,0.7,0.21,0,5.0,consistently_engaged,0.856,False
STU_0226,5,5,0,0,0,21,169.3,1,0,1,86.2,82.0,-3.94,91.57,1,0,1,0.7,,0,,consistently_engaged,0.913,False
STU_0226,6,5,0,0,0,18,234.9,3,0,4,98.0,84.7,13.46,121.44,2,0,1,0.7,0.99,0,4.0,consistently_engaged,0.948,False
STU_0226,7,5,0,0,0,17,198.5,2,0,2,83.2,84.5,-1.51,40.51,2,0,0,0.7,,0,,consistently_engaged,0.911,False
STU_0226,8,4,1,0,1,17,136.4,1,0,1,88.9,85.0,-4.53,36.9,1,0,1,1.0,0.83,0,5.0,consistently_engaged,0.872,False
STU_0226,9,5,0,0,0,14,143.6,2,0,3,85.2,85.1,1.02,5.56,3,1,0,0.0,,0,,consistently_engaged,0.881,False
STU_0226,10,5,0,0,0,10,212.7,3,0,4,82.5,84.8,-3.21,6.92,1,1,0,1.0,0.16,0,4.0,consistently_engaged,0.899,False
STU_0226,11,5,0,0,0,15,164.3,1,0,4,97.6,86.0,6.19,43.29,3,1,0,0.3,,0,,consistently_engaged,0.908,False
STU_0226,12,5,0,0,0,21,122.1,3,0,5,84.8,85.9,1.16,44.25,2,0,0,0.9,0.27,0,5.0,consistently_engaged,0.939,False
STU_0226,13,4,1,0,0,22,186.8,2,0,3,91.4,86.3,-3.09,27.34,4,0,0,0.5,,0,,consistently_engaged,0.921,False
STU_0226,14,4,1,0,0,17,143.4,2,0,2,79.6,85.8,-2.62,23.56,1,0,0,0.6,0.89,0,4.0,consistently_engaged,0.871,False
STU_0226,15,5,0,0,0,20,168.3,2,0,3,93.3,86.3,0.94,37.0,3,0,0,0.4,,0,,consistently_engaged,0.857,False
STU_0226,16,4,1,0,1,26,132.8,2,0,1,95.2,86.9,7.83,48.63,4,0,0,0.4,0.75,0,5.0,consistently_engaged,0.896,False
STU_0227,1,4,1,0,1,17,137.0,2,1,1,86.6,86.6,0.0,0.0,2,0,1,1.7,,0,,consistently_engaged,0.842,False
STU_0227,2,5,0,0,0,20,154.1,2,0,3,91.7,89.1,5.08,6.46,2,1,0,1.8,1.0,1,4.0,consistently_engaged,0.825,False
STU_0227,3,5,0,1,0,16,127.0,2,0,1,92.6,90.3,2.99,6.94,4,0,0,2.5,,0,,consistently_engaged,0.788,False
STU_0227,4,4,1,1,0,17,195.8,2,0,4,85.5,89.1,-3.09,9.91,4,0,0,0.1,0.52,0,4.0,consistently_engaged,0.814,False
STU_0227,5,3,2,1,1,9,139.7,2,0,1,84.1,88.1,-4.22,13.69,5,1,0,0.0,,0,,consistently_engaged,0.8,False
STU_0227,6,5,0,1,0,21,183.7,2,1,2,95.0,89.2,4.77,23.51,3,0,1,0.5,0.85,0,4.0,consistently_engaged,0.867,False
STU_0227,7,5,0,0,0,19,177.0,2,0,3,96.9,90.3,6.4,31.77,2,2,1,0.0,,0,,consistently_engaged,0.869,False
STU_0227,8,5,0,0,0,15,152.4,1,0,3,79.8,89.0,-7.59,58.34,0,1,0,1.4,0.89,0,3.0,consistently_engaged,0.903,False
STU_0227,9,5,0,0,0,17,179.5,2,0,0,81.6,88.2,-7.66,58.8,1,0,0,1.1,,0,,consistently_engaged,0.891,False
STU_0227,10,5,0,0,0,15,159.6,2,1,5,89.0,88.3,4.55,15.58,2,0,0,0.7,0.56,0,5.0,consistently_engaged,0.865,False
STU_0227,11,5,0,0,0,18,199.8,3,0,4,92.6,88.7,5.53,21.11,4,0,0,1.8,,0,,consistently_engaged,0.885,False
STU_0227,12,5,0,1,0,16,208.8,2,0,0,77.9,87.8,-5.54,39.43,0,0,1,1.7,1.0,0,5.0,consistently_engaged,0.853,False
STU_0227,13,5,0,0,0,20,128.8,3,1,3,81.3,87.3,-5.69,39.91,3,0,0,0.1,,0,,consistently_engaged,0.867,False
STU_0227,14,4,1,0,1,14,174.3,2,0,1,85.4,87.1,3.75,9.42,0,1,0,1.0,0.51,0,5.0,consistently_engaged,0.868,False
STU_0227,15,5,0,0,0,21,186.5,2,1,5,86.1,87.1,2.41,4.5,1,0,0,0.0,,0,,consistently_engaged,0.876,False
STU_0227,16,5,0,0,0,15,161.6,1,0,2,94.8,87.5,4.73,18.49,0,0,0,2.2,0.91,0,5.0,consistently_engaged,0.858,False
STU_0228,1,4,1,0,0,22,186.9,2,0,2,87.2,87.2,0.0,0.0,2,1,0,1.8,,0,,consistently_engaged,0.817,False
STU_0228,2,5,0,0,0,18,129.3,2,1,2,88.0,87.6,0.84,0.17,2,0,0,5.0,0.8,0,5.0,consistently_engaged,0.78,False
STU_0228,3,4,1,1,1,22,144.9,2,0,3,90.7,88.6,1.78,2.32,2,0,1,0.2,,0,,consistently_engaged,0.825,False
STU_0228,4,5,0,1,0,22,99.6,2,0,2,78.7,86.1,-4.65,26.55,3,1,0,0.3,0.78,0,5.0,consistently_engaged,0.79,False
STU_0228,5,4,1,0,0,13,176.4,2,1,1,76.2,84.2,-7.25,40.11,2,1,0,2.1,,0,,consistently_engaged,0.74,False
STU_0228,6,5,0,0,0,15,136.9,3,0,1,69.9,81.8,-4.4,13.73,4,0,0,0.1,0.78,0,5.0,consistently_engaged,0.753,False
STU_0228,7,5,0,0,0,16,135.0,2,0,2,86.3,82.4,5.05,45.82,1,0,0,0.5,,0,,consistently_engaged,0.739,False
STU_0228,8,5,0,0,0,16,139.0,1,0,2,82.2,82.4,6.16,48.79,1,0,0,1.5,0.19,0,5.0,consistently_engaged,0.698,False
STU_0228,9,5,0,0,0,17,121.8,2,0,0,86.9,82.9,0.3,4.37,0,1,1,0.3,,0,,consistently_engaged,0.706,False
STU_0228,10,1,4,0,1,14,139.1,2,0,2,85.5,83.2,1.63,3.86,4,1,0,3.3,0.96,0,4.0,consistently_engaged,0.733,False
STU_0228,11,4,1,0,0,10,163.4,2,0,1,83.0,83.2,-1.97,2.65,2,1,0,0.8,,0,,consistently_engaged,0.721,False
STU_0228,12,3,2,1,1,17,90.7,2,0,3,74.6,82.4,-5.42,21.46,1,2,0,1.4,0.08,0,4.0,consistently_engaged,0.696,False
STU_0228,13,4,1,0,0,16,139.5,3,0,0,81.6,82.4,-0.68,13.36,3,1,0,3.1,,0,,consistently_engaged,0.696,False
STU_0228,14,5,0,1,0,16,117.2,1,0,2,83.5,82.5,4.43,14.52,1,0,0,5.2,-0.1,1,4.0,consistently_engaged,0.733,False
STU_0228,15,5,0,1,0,15,185.3,3,0,1,77.1,82.1,-2.27,7.21,3,0,0,0.9,,0,,consistently_engaged,0.741,False
STU_0228,16,4,1,0,1,18,126.5,2,0,4,73.1,81.5,-5.21,18.41,3,0,0,0.6,1.0,0,5.0,consistently_engaged,0.768,False
STU_0229,1,4,1,0,1,14,136.7,3,0,2,79.6,79.6,0.0,0.0,1,1,0,0.5,,0,,consistently_engaged,0.819,False
STU_0229,2,4,1,1,1,17,90.0,2,1,1,88.6,84.1,8.99,20.2,4,0,0,0.3,1.0,0,4.0,consistently_engaged,0.778,False
STU_0229,3,3,2,0,2,23,128.0,2,0,0,83.5,83.9,1.91,13.57,1,1,0,1.4,,0,,consistently_engaged,0.794,False
STU_0229,4,5,0,0,0,19,203.8,1,2,1,90.4,85.5,0.87,8.6,0,0,0,0.0,0.34,0,5.0,consistently_engaged,0.86,False
STU_0229,5,5,0,0,0,16,159.8,2,0,2,95.6,87.5,6.07,24.73,0,0,0,0.4,,0,,consistently_engaged,0.871,False
STU_0229,6,5,0,0,0,14,168.0,2,0,2,81.2,86.5,-4.6,35.57,5,1,0,0.6,0.88,0,4.0,consistently_engaged,0.893,False
STU_0229,7,4,1,0,0,19,141.4,2,0,1,90.2,87.0,-2.7,35.44,4,0,0,0.2,,0,,consistently_engaged,0.827,False
STU_0229,8,5,0,0,0,19,160.1,3,0,1,85.4,86.8,2.09,13.63,1,0,0,0.2,0.86,0,4.0,consistently_engaged,0.825,False
STU_0229,9,5,0,0,0,19,163.8,2,0,4,84.3,86.5,-2.94,6.58,5,1,0,0.1,,0,,consistently_engaged,0.859,False
STU_0229,10,4,1,0,1,16,136.8,2,0,2,90.3,86.9,2.46,6.72,1,1,0,0.8,0.63,0,3.0,consistently_engaged,0.792,False
STU_0229,11,5,0,1,0,20,108.5,2,0,1,89.2,87.1,2.43,6.68,3,1,0,0.4,,0,,consistently_engaged,0.794,False
STU_0229,12,5,0,0,0,16,147.1,3,0,1,87.7,87.2,-1.28,1.1,3,0,1,8.0,0.74,0,3.0,consistently_engaged,0.814,False
STU_0229,13,5,0,0,0,18,151.1,2,0,2,95.5,87.8,3.14,11.33,4,0,0,0.7,,0,,consistently_engaged,0.835,False
STU_0229,14,5,0,0,0,12,191.7,2,0,2,86.4,87.7,-0.64,15.94,2,1,0,0.6,0.67,0,5.0,consistently_engaged,0.901,False
STU_0229,15,5,0,0,0,16,180.7,3,0,3,91.3,87.9,-2.11,13.62,3,2,0,0.5,,0,,consistently_engaged,0.913,False
STU_0229,16,4,1,0,1,19,183.5,3,0,1,84.5,87.7,-0.99,8.15,3,1,1,0.7,0.95,0,4.0,consistently_engaged,0.93,False
STU_0230,1,5,0,0,0,20,150.5,3,0,3,89.3,89.3,0.0,0.0,2,0,0,3.0,,0,,consistently_engaged,0.787,False
STU_0230,2,5,0,1,0,24,157.0,3,1,2,77.9,83.6,-11.46,32.85,2,1,0,0.6,0.64,0,4.0,consistently_engaged,0.788,False
STU_0230,3,5,0,0,0,16,199.3,2,0,1,80.1,82.4,-4.6,24.58,1,1,0,0.5,,0,,consistently_engaged,0.813,False
STU_0230,4,5,0,0,0,18,154.5,2,0,0,82.6,82.5,2.39,3.82,2,1,0,0.7,1.0,0,5.0,consistently_engaged,0.817,False
STU_0230,5,4,1,1,0,16,124.6,2,0,3,89.2,83.8,4.56,14.82,1,2,0,0.1,,0,,consistently_engaged,0.812,False
STU_0230,6,3,2,0,1,17,114.7,2,1,2,79.9,83.2,-1.37,15.37,4,0,1,0.5,-0.07,0,5.0,consistently_engaged,0.754,False
STU_0230,7,3,2,0,1,22,208.4,2,0,2,81.2,82.9,-4.01,17.02,0,1,0,3.5,,0,,consistently_engaged,0.784,False
STU_0230,8,5,0,0,0,20,127.2,2,0,1,72.9,81.7,-3.48,13.21,1,1,1,2.9,0.75,0,5.0,consistently_engaged,0.757,False
STU_0230,9,5,0,1,0,15,151.7,2,0,2,76.6,81.1,-2.31,11.49,2,0,0,0.4,,0,,consistently_engaged,0.736,False
STU_0230,10,5,0,0,0,22,158.2,2,1,4,78.2,80.8,2.61,4.8,0,2,0,0.1,0.97,0,4.0,consistently_engaged,0.775,False
STU_0230,11,4,1,0,0,15,153.5,1,0,0,83.1,81.0,3.23,7.57,2,0,0,0.2,,0,,consistently_engaged,0.722,False
STU_0230,12,4,1,0,0,15,204.0,2,1,0,78.5,80.8,0.15,5.02,3,2,0,0.5,0.13,0,4.0,consistently_engaged,0.759,False
STU_0230,13,3,2,1,1,9,205.5,2,0,2,83.9,81.0,0.41,5.68,1,1,0,0.5,,0,,consistently_engaged,0.737,False
STU_0230,14,5,0,1,0,18,152.6,2,0,1,78.1,80.8,-0.17,6.94,1,0,0,6.5,0.97,0,5.0,consistently_engaged,0.698,False
STU_0230,15,4,1,0,0,14,115.3,2,0,4,77.8,80.6,-3.05,7.83,3,0,1,1.3,,0,,consistently_engaged,0.722,False
STU_0230,16,3,2,0,1,19,147.4,2,0,1,79.5,80.6,0.67,0.53,2,0,1,3.6,0.07,1,4.0,consistently_engaged,0.746,False
STU_0231,1,5,0,0,0,17,148.2,2,0,1,95.6,95.6,0.0,0.0,0,1,0,0.1,,0,,consistently_engaged,0.831,False
STU_0231,2,5,0,0,0,24,197.3,2,1,1,92.0,93.8,-3.55,3.14,3,0,0,0.4,0.89,0,3.0,consistently_engaged,0.843,False
STU_0231,3,5,0,0,0,22,184.8,2,0,3,92.6,93.4,-1.46,2.39,4,1,0,1.5,,0,,consistently_engaged,0.875,False
STU_0231,4,5,0,0,0,14,159.9,2,0,1,93.5,93.4,0.75,0.38,2,1,0,1.9,0.13,0,5.0,consistently_engaged,0.921,False
STU_0231,5,5,0,0,0,19,174.6,2,0,2,84.7,91.7,-3.99,15.89,1,0,0,1.0,,0,,consistently_engaged,0.874,False
STU_0231,6,5,0,0,0,16,176.3,2,0,1,94.0,92.1,0.23,18.37,2,2,1,0.5,0.62,0,5.0,consistently_engaged,0.895,False
STU_0231,7,5,0,0,0,20,197.1,1,0,0,90.8,91.9,3.07,14.94,1,0,0,0.1,,0,,consistently_engaged,0.912,False
STU_0231,8,5,0,0,0,23,102.7,2,0,1,97.7,92.6,1.88,8.03,2,0,0,0.4,0.82,1,5.0,consistently_engaged,0.929,False
STU_0231,9,5,0,0,0,19,182.0,1,0,3,96.2,93.0,2.7,8.85,1,1,0,0.9,,0,,consistently_engaged,0.942,False
STU_0231,10,5,0,1,0,18,212.4,2,0,3,100.0,93.7,1.14,2.43,2,1,0,0.0,1.0,0,5.0,consistently_engaged,0.964,False
STU_0231,11,5,0,0,0,13,191.0,2,0,3,91.8,93.5,-2.21,11.26,2,1,0,0.2,,0,,consistently_engaged,0.974,False
STU_0231,12,4,1,0,1,19,215.7,2,0,0,93.5,93.5,-3.23,12.47,2,1,0,0.4,0.98,0,5.0,consistently_engaged,0.975,False
STU_0231,13,5,0,0,0,17,168.4,2,0,3,94.2,93.6,1.19,1.02,3,0,0,1.7,,0,,consistently_engaged,0.931,False
STU_0231,14,5,0,0,0,22,172.1,2,0,0,97.3,93.8,1.86,2.64,3,1,0,0.5,0.93,0,5.0,consistently_engaged,0.946,False
STU_0231,15,5,0,0,0,15,209.4,2,0,1,89.0,93.5,-2.56,11.47,4,0,0,0.6,,1,,consistently_engaged,0.939,False
STU_0231,16,5,0,0,0,18,184.3,2,0,2,95.2,93.6,-1.05,12.13,3,1,1,0.6,1.0,0,5.0,consistently_engaged,0.953,False
STU_0232,1,5,0,0,0,21,157.3,1,1,0,82.9,82.9,0.0,0.0,1,1,0,1.0,,0,,consistently_engaged,0.859,False
STU_0232,2,5,0,0,0,19,144.4,2,1,0,74.3,78.6,-8.52,18.14,1,0,0,0.1,0.74,0,5.0,consistently_engaged,0.82,False
STU_0232,3,5,0,0,0,23,157.2,2,0,5,72.6,76.6,-5.12,20.06,2,0,0,2.1,,0,,consistently_engaged,0.767,False
STU_0232,4,5,0,1,0,15,184.8,2,2,3,79.7,77.4,2.71,9.26,0,1,0,0.9,0.7,1,3.0,consistently_engaged,0.768,False
STU_0232,5,5,0,0,0,13,164.0,2,0,3,88.9,79.7,8.17,44.73,2,0,0,1.0,,0,,consistently_engaged,0.825,False
STU_0232,6,4,1,0,0,16,182.3,2,0,1,87.2,81.0,3.74,15.94,1,1,0,1.7,0.56,0,4.0,consistently_engaged,0.825,False
STU_0232,7,5,0,0,0,17,178.8,2,1,2,83.4,81.3,-2.78,5.41,1,0,0,1.5,,0,,consistently_engaged,0.805,False
STU_0232,8,5,0,0,0,13,161.2,2,0,4,74.7,80.5,-6.29,27.65,1,2,0,0.9,0.9,0,4.0,consistently_engaged,0.779,False
STU_0232,9,3,2,1,1,12,124.8,2,2,2,76.3,80.0,-3.56,14.37,0,0,0,5.1,,0,,consistently_engaged,0.75,False
STU_0232,10,5,0,1,0,12,136.1,2,1,4,74.4,79.4,-0.14,0.68,2,1,0,0.7,0.67,0,5.0,consistently_engaged,0.737,False
STU_0232,11,5,0,0,0,15,127.3,2,1,1,90.1,80.4,6.91,48.93,2,1,0,3.1,,0,,consistently_engaged,0.743,False
STU_0232,12,3,2,0,1,14,175.5,2,1,4,77.0,80.1,1.29,47.14,0,1,0,0.6,0.23,0,3.0,consistently_engaged,0.73,False
STU_0232,13,4,1,0,1,16,179.3,3,2,1,81.5,80.2,-4.27,29.49,0,0,0,0.5,,0,,consistently_engaged,0.731,False
STU_0232,14,4,1,0,1,17,109.9,2,0,2,74.7,79.8,-1.11,7.97,4,0,0,0.7,0.19,0,5.0,consistently_engaged,0.707,False
STU_0232,15,5,0,3,0,14,149.9,2,0,4,78.7,79.8,-1.4,7.75,1,1,0,4.1,,0,,consistently_engaged,0.689,False
STU_0232,16,4,1,0,0,14,176.5,2,1,2,85.6,80.1,5.45,20.27,0,1,0,0.3,0.63,0,4.0,consistently_engaged,0.733,False
STU_0233,1,3,2,0,0,15,166.0,2,0,4,89.3,89.3,0.0,0.0,0,1,1,0.7,,0,,consistently_engaged,0.803,False
STU_0233,2,5,0,1,0,15,141.0,1,0,5,84.0,86.6,-5.29,6.99,2,0,0,0.5,0.81,0,4.0,consistently_engaged,0.827,False
STU_0233,3,5,0,1,0,19,154.2,2,0,1,79.3,84.2,-4.97,16.48,2,1,0,1.0,,0,,consistently_engaged,0.8,False
STU_0233,4,4,1,0,0,17,140.6,2,1,6,86.6,84.8,1.32,9.1,2,1,0,0.6,0.2,0,4.0,consistently_engaged,0.83,False
STU_0233,5,5,0,0,0,21,215.0,1,0,3,90.1,85.9,5.39,20.18,2,2,0,0.9,,0,,consistently_engaged,0.787,False
STU_0233,6,5,0,1,0,17,210.0,3,0,4,85.7,85.8,-0.44,3.55,0,0,0,1.9,1.0,0,4.0,consistently_engaged,0.755,False
STU_0233,7,5,0,0,0,15,170.0,2,1,5,74.3,84.2,-7.89,44.27,0,0,1,0.3,,0,,consistently_engaged,0.719,False
STU_0233,8,5,0,0,0,19,161.4,2,0,2,71.6,82.6,-7.08,37.57,1,0,0,0.2,0.39,0,3.0,consistently_engaged,0.688,False
STU_0233,9,3,2,0,0,15,166.4,2,1,2,71.7,81.4,-1.3,1.59,1,1,0,3.4,,1,,consistently_engaged,0.708,False
STU_0233,10,2,3,0,3,13,114.5,1,0,4,87.7,82.0,8.06,57.2,2,1,0,1.3,0.82,1,4.0,consistently_engaged,0.738,False
STU_0233,11,5,0,1,0,18,146.6,1,0,1,71.5,81.1,-0.13,57.64,1,1,0,0.4,,0,,consistently_engaged,0.771,False
STU_0233,12,5,0,1,0,13,168.7,2,1,2,81.6,81.1,-3.06,44.79,1,1,1,0.6,-0.08,0,4.0,consistently_engaged,0.781,False
STU_0233,13,3,2,1,1,19,180.2,2,0,2,86.6,81.5,7.57,39.6,3,2,0,1.1,,0,,consistently_engaged,0.782,False
STU_0233,14,5,0,0,0,17,139.1,2,0,1,87.6,82.0,3.01,6.92,0,1,0,1.4,0.89,0,4.0,consistently_engaged,0.703,False
STU_0233,15,5,0,1,0,17,180.8,2,0,2,77.6,81.7,-4.51,20.28,1,2,0,2.7,,0,,consistently_engaged,0.762,False
STU_0233,16,4,1,1,0,13,186.7,2,1,2,74.4,81.2,-6.59,31.56,1,0,0,0.8,0.2,0,4.0,consistently_engaged,0.742,False
STU_0234,1,5,0,0,0,21,185.8,1,0,2,99.6,99.6,0.0,0.0,4,1,0,2.2,,0,,consistently_engaged,0.948,False
STU_0234,2,4,1,0,0,22,181.8,2,0,1,98.1,98.8,-1.44,0.52,3,2,0,2.6,0.85,0,4.0,consistently_engaged,0.965,False
STU_0234,3,5,0,0,0,19,156.1,2,0,2,88.9,95.5,-5.34,22.41,7,1,1,0.7,,0,,consistently_engaged,0.98,False
STU_0234,4,5,0,0,0,20,216.9,3,0,3,89.2,93.9,-4.44,18.27,3,2,0,0.4,1.0,0,4.0,consistently_engaged,0.967,False
STU_0234,5,4,1,0,0,16,215.4,2,0,5,82.5,91.7,-3.18,9.53,3,2,0,0.5,,0,,consistently_engaged,0.98,False
STU_0234,6,5,0,0,0,22,166.4,2,0,0,98.4,92.8,4.56,42.16,2,1,0,1.8,0.96,0,5.0,consistently_engaged,0.959,False
STU_0234,7,5,0,0,0,23,146.0,2,0,1,96.3,93.3,6.89,49.49,1,2,0,2.1,,0,,consistently_engaged,0.956,False
STU_0234,8,5,0,0,0,20,191.3,2,1,1,92.9,93.2,-2.72,5.05,1,1,1,0.7,0.4,0,5.0,consistently_engaged,0.968,False
STU_0234,9,5,0,0,0,18,185.3,1,0,2,92.5,93.1,-1.92,2.94,5,0,1,1.5,,0,,consistently_engaged,0.98,False
STU_0234,10,4,1,0,0,13,136.2,2,0,6,92.7,93.1,-0.1,0.03,1,0,0,2.4,0.55,0,5.0,consistently_engaged,0.954,False
STU_0234,11,5,0,0,0,18,175.9,1,0,3,83.7,92.3,-4.37,17.5,4,0,0,0.2,,1,,consistently_engaged,0.969,False
STU_0234,12,5,0,0,0,13,230.9,1,0,2,97.1,92.7,2.19,30.97,1,1,0,3.6,1.0,0,4.0,consistently_engaged,0.967,False
STU_0234,13,5,0,0,0,17,143.3,2,0,6,94.3,92.8,5.31,33.21,1,1,1,0.0,,0,,consistently_engaged,0.961,False
STU_0234,14,5,0,0,0,17,156.8,1,0,6,93.4,92.8,-1.82,2.4,2,0,1,0.8,1.0,0,5.0,consistently_engaged,0.954,False
STU_0234,15,5,0,0,0,15,192.4,2,0,4,94.5,92.9,0.11,0.23,1,1,0,0.1,,0,,consistently_engaged,0.98,False
STU_0234,16,4,1,0,1,21,181.4,3,0,2,93.4,93.0,-0.01,0.28,1,1,0,2.1,0.43,0,5.0,consistently_engaged,0.946,False
STU_0235,1,5,0,1,0,21,187.1,3,0,3,80.6,80.6,0.0,0.0,6,1,0,1.1,,0,,consistently_engaged,0.932,False
STU_0235,2,5,0,0,0,18,179.6,3,1,4,86.0,83.3,5.45,7.42,6,0,0,1.7,1.0,0,5.0,consistently_engaged,0.914,False
STU_0235,3,4,1,0,1,18,157.2,2,1,5,81.7,82.8,0.53,5.56,0,0,1,0.1,,0,,consistently_engaged,0.904,False
STU_0235,4,4,1,0,0,19,183.7,2,0,3,83.6,83.0,-1.22,3.22,3,2,0,0.2,0.61,0,5.0,consistently_engaged,0.894,False
STU_0235,5,5,0,0,0,19,210.9,2,1,1,90.0,84.4,4.19,12.8,6,1,0,1.4,,0,,consistently_engaged,0.917,False
STU_0235,6,5,0,1,0,24,177.7,2,0,3,91.0,85.5,3.71,10.84,2,0,0,3.8,1.0,0,4.0,consistently_engaged,0.932,False
STU_0235,7,5,0,0,0,21,154.4,1,0,1,75.1,84.0,-7.46,53.0,2,1,0,1.4,,0,,consistently_engaged,0.939,False
STU_0235,8,5,0,1,0,15,114.2,2,0,3,94.6,85.3,1.79,71.82,4,0,0,2.6,0.15,1,5.0,consistently_engaged,0.911,False
STU_0235,9,4,1,0,0,18,176.0,2,0,0,81.0,84.9,2.96,66.61,6,0,0,0.5,,0,,consistently_engaged,0.92,False
STU_0235,10,5,0,0,0,20,199.5,2,0,1,92.1,85.6,-1.25,34.77,2,1,1,1.5,0.63,0,5.0,consistently_engaged,0.907,False
STU_0235,11,4,1,0,0,14,195.5,2,0,2,87.4,85.8,3.2,20.59,5,0,0,0.4,,0,,consistently_engaged,0.948,False
STU_0235,12,4,1,0,0,19,169.8,2,1,2,86.0,85.8,-3.08,6.89,6,1,1,0.5,1.0,0,5.0,consistently_engaged,0.908,False
STU_0235,13,5,0,0,0,18,201.6,2,0,2,89.6,86.1,1.07,2.2,3,0,1,1.8,,0,,consistently_engaged,0.901,False
STU_0235,14,5,0,0,0,25,172.7,2,0,4,94.6,86.7,4.32,12.58,3,1,0,0.4,0.43,0,3.0,consistently_engaged,0.916,False
STU_0235,15,5,0,0,0,19,183.3,2,0,2,96.0,87.3,3.21,7.6,2,0,0,0.8,,0,,consistently_engaged,0.936,False
STU_0235,16,5,0,0,0,17,155.2,2,0,2,83.4,87.1,-5.58,31.5,3,0,0,0.2,1.0,0,4.0,consistently_engaged,0.899,False
STU_0236,1,4,1,0,0,16,134.3,2,0,2,78.1,78.1,0.0,0.0,7,1,0,0.3,,0,,consistently_engaged,0.84,False
STU_0236,2,5,0,0,0,15,162.9,2,1,1,75.8,77.0,-2.34,1.37,5,0,0,1.6,0.68,0,4.0,consistently_engaged,0.826,False
STU_0236,3,4,1,1,0,22,165.8,2,0,2,95.7,83.2,8.76,78.59,4,0,0,0.7,,0,,consistently_engaged,0.807,False
STU_0236,4,4,1,1,0,14,137.1,2,0,0,86.5,84.0,5.35,65.91,4,1,0,0.9,0.56,0,4.0,consistently_engaged,0.763,False
STU_0236,5,4,1,0,0,15,154.9,3,1,3,81.6,83.5,-7.05,34.12,1,1,1,1.2,,0,,consistently_engaged,0.766,False
STU_0236,6,5,0,1,0,15,180.9,2,2,3,80.6,83.0,-2.96,6.7,3,1,0,0.5,0.66,0,5.0,consistently_engaged,0.82,False
STU_0236,7,4,1,0,0,19,129.4,2,1,3,84.1,83.2,1.29,2.26,3,2,1,0.1,,0,,consistently_engaged,0.788,False
STU_0236,8,5,0,0,0,13,138.8,1,1,1,89.0,83.9,4.2,11.87,2,2,1,0.4,0.42,0,5.0,consistently_engaged,0.768,False
STU_0236,9,5,0,0,0,19,178.8,1,0,3,77.4,83.2,-3.39,22.7,0,2,1,3.1,,0,,consistently_engaged,0.794,False
STU_0236,10,5,0,1,0,15,164.3,1,0,2,85.6,83.4,-1.69,23.8,2,1,0,0.9,0.73,0,4.0,consistently_engaged,0.823,False
STU_0236,11,4,1,0,0,11,207.9,2,0,0,97.2,84.7,9.94,66.47,1,1,0,3.3,,0,,consistently_engaged,0.855,False
STU_0236,12,5,0,0,0,22,162.5,2,0,1,87.9,84.9,1.17,25.26,2,2,0,0.2,0.86,0,4.0,consistently_engaged,0.838,False
STU_0236,13,3,2,0,0,21,180.6,2,0,0,90.5,85.4,-3.37,15.39,1,1,0,2.2,,0,,consistently_engaged,0.809,False
STU_0236,14,4,1,1,1,19,130.6,3,1,1,73.3,84.5,-7.33,57.58,2,0,1,0.5,0.36,0,5.0,consistently_engaged,0.773,False
STU_0236,15,5,0,0,0,10,170.0,2,0,0,83.1,84.4,-3.7,49.75,1,0,0,2.7,,0,,consistently_engaged,0.819,False
STU_0236,16,3,2,0,0,21,173.8,3,0,4,76.3,83.9,1.51,16.88,4,0,0,0.0,0.4,0,3.0,consistently_engaged,0.811,False
STU_0237,1,5,0,1,0,14,165.2,3,0,1,84.2,84.2,0.0,0.0,3,0,0,2.1,,0,,consistently_engaged,0.872,False
STU_0237,2,5,0,1,0,20,165.4,2,0,2,87.9,86.1,3.69,3.41,0,1,0,0.7,1.0,0,5.0,consistently_engaged,0.871,False
STU_0237,3,5,0,0,0,20,182.2,2,0,0,91.9,88.0,3.83,9.78,1,1,0,0.7,,0,,consistently_engaged,0.909,False
STU_0237,4,4,1,0,0,19,189.4,2,1,2,94.2,89.6,3.11,6.62,1,0,0,0.9,-0.07,0,4.0,consistently_engaged,0.892,False
STU_0237,5,4,1,0,1,17,174.2,3,0,2,83.8,88.4,-4.07,19.98,5,1,0,0.2,,0,,consistently_engaged,0.881,False
STU_0237,6,5,0,0,0,12,204.0,2,0,2,74.2,86.0,-9.98,66.48,3,1,1,0.3,0.96,0,4.0,consistently_engaged,0.875,False
STU_0237,7,5,0,0,0,20,154.7,2,0,4,86.1,86.0,1.18,26.53,0,2,0,0.0,,0,,consistently_engaged,0.864,False
STU_0237,8,4,1,0,0,17,136.0,1,0,2,91.5,86.7,8.65,52.21,1,1,0,1.0,0.7,0,4.0,consistently_engaged,0.869,False
STU_0237,9,4,1,1,0,19,147.5,2,0,4,88.5,86.9,1.19,4.85,0,0,0,2.7,,0,,consistently_engaged,0.881,False
STU_0237,10,5,0,1,0,22,148.4,2,0,1,75.7,85.8,-7.9,46.92,4,1,0,2.4,0.61,0,4.0,consistently_engaged,0.873,False
STU_0237,11,5,0,0,0,16,202.3,1,0,3,91.3,86.3,1.38,45.95,3,2,0,0.7,,0,,consistently_engaged,0.886,False
STU_0237,12,5,0,0,0,17,157.6,2,2,3,97.7,87.2,10.99,85.21,1,2,1,2.1,1.0,0,4.0,consistently_engaged,0.878,False
STU_0237,13,5,0,0,0,17,179.8,2,0,2,78.3,86.6,-6.47,64.84,4,0,1,0.4,,0,,consistently_engaged,0.872,False
STU_0237,14,5,0,0,0,21,134.2,2,0,2,87.4,86.6,-5.16,62.57,1,2,0,1.9,0.71,0,5.0,consistently_engaged,0.905,False
STU_0237,15,5,0,0,0,16,186.1,2,0,3,100.0,87.5,10.84,79.06,1,0,0,2.9,,0,,consistently_engaged,0.969,False
STU_0237,16,5,0,0,0,21,163.8,2,0,2,95.7,88.0,4.18,27.54,1,1,0,0.0,0.9,0,5.0,consistently_engaged,0.98,False
STU_0238,1,5,0,0,0,17,156.9,2,0,4,87.9,87.9,0.0,0.0,1,0,1,0.4,,0,,consistently_engaged,0.854,False
STU_0238,2,2,3,0,2,14,126.2,2,0,2,85.8,86.9,-2.14,1.14,4,1,0,1.4,1.0,1,5.0,consistently_engaged,0.803,False
STU_0238,3,5,0,0,0,22,143.0,2,0,2,85.0,86.2,-1.47,1.54,2,1,1,1.1,,0,,consistently_engaged,0.793,False
STU_0238,4,3,2,0,0,14,131.2,2,0,3,87.0,86.4,0.61,0.7,3,0,1,0.2,-0.18,0,5.0,consistently_engaged,0.767,False
STU_0238,5,5,0,1,0,19,139.5,3,0,4,76.8,84.5,-4.11,19.59,0,1,0,0.2,,0,,consistently_engaged,0.795,False
STU_0238,6,4,1,0,0,16,148.1,2,0,3,82.5,84.2,-2.28,17.54,2,1,0,3.8,-0.23,0,4.0,consistently_engaged,0.777,False
STU_0238,7,5,0,0,0,18,158.0,2,0,3,74.7,82.8,-1.03,10.71,4,1,1,1.4,,1,,consistently_engaged,0.758,False
STU_0238,8,5,0,0,0,13,145.1,2,0,1,85.1,83.1,1.32,19.41,2,1,0,4.5,0.62,0,4.0,consistently_engaged,0.757,False
STU_0238,9,5,0,0,0,21,183.2,2,0,4,80.1,82.8,2.67,17.97,4,0,0,0.9,,0,,consistently_engaged,0.771,False
STU_0238,10,4,1,0,0,18,114.7,2,0,4,77.5,82.2,-3.8,9.95,1,0,1,2.1,0.98,0,4.0,consistently_engaged,0.815,False
STU_0238,11,5,0,1,0,14,154.6,2,0,2,93.4,83.3,6.69,48.83,1,1,0,0.2,,0,,consistently_engaged,0.805,False
STU_0238,12,5,0,0,0,14,125.8,2,0,3,80.3,83.0,1.4,48.25,1,1,0,1.6,1.0,0,4.0,consistently_engaged,0.787,False
STU_0238,13,5,0,0,0,14,167.5,3,0,3,79.4,82.7,-7.0,41.03,1,1,0,0.1,,0,,consistently_engaged,0.805,False
STU_0238,14,5,0,0,0,18,180.9,1,0,0,85.0,82.9,2.35,5.98,3,0,0,4.2,0.21,0,4.0,consistently_engaged,0.828,False
STU_0238,15,5,0,2,0,14,181.0,1,0,1,76.0,82.4,-1.74,13.86,6,1,0,0.7,,0,,consistently_engaged,0.819,False
STU_0238,16,3,2,0,0,14,163.4,2,1,3,77.1,82.1,-3.94,16.11,1,0,0,0.3,1.0,0,4.0,consistently_engaged,0.801,False
STU_0239,1,5,0,0,0,17,186.9,2,0,5,86.2,86.2,0.0,0.0,3,0,0,0.7,,0,,consistently_engaged,0.867,False
STU_0239,2,4,1,2,1,15,135.0,2,0,0,80.6,83.4,-5.61,7.87,1,1,0,0.5,0.53,0,4.0,consistently_engaged,0.872,False
STU_0239,3,5,0,0,0,24,132.5,2,0,1,96.8,87.9,5.3,45.15,2,0,0,0.1,,0,,consistently_engaged,0.925,False
STU_0239,4,5,0,0,0,14,179.1,2,0,2,89.9,88.4,4.63,44.06,1,0,0,0.3,0.81,0,5.0,consistently_engaged,0.888,False
STU_0239,5,5,0,0,0,17,198.6,3,0,1,95.1,89.7,-0.83,8.77,2,1,0,1.3,,0,,consistently_engaged,0.922,False
STU_0239,6,5,0,1,0,17,194.8,2,1,2,92.3,90.2,1.2,4.67,1,1,0,0.0,1.0,0,5.0,consistently_engaged,0.919,False
STU_0239,7,4,1,1,0,19,208.8,2,0,6,87.5,89.8,-3.82,9.9,1,1,0,1.5,,0,,consistently_engaged,0.912,False
STU_0239,8,5,0,0,0,16,162.7,2,0,2,90.4,89.9,-0.94,3.82,2,1,0,0.1,0.49,1,5.0,consistently_engaged,0.877,False
STU_0239,9,4,1,0,0,12,201.5,2,0,1,89.3,89.8,0.9,1.4,2,1,0,0.2,,0,,consistently_engaged,0.841,False
STU_0239,10,5,0,0,0,13,191.6,1,0,2,86.9,89.5,-1.77,2.19,3,0,0,0.1,0.39,0,3.0,consistently_engaged,0.872,False
STU_0239,11,5,0,1,0,15,181.0,2,0,3,83.5,89.0,-2.91,5.7,1,0,0,0.8,,0,,consistently_engaged,0.868,False
STU_0239,12,4,1,0,0,20,151.8,1,0,2,88.1,88.9,0.64,3.83,4,1,1,0.5,0.64,1,4.0,consistently_engaged,0.872,False
STU_0239,13,5,0,0,0,15,199.7,3,0,4,84.8,88.6,0.64,3.83,2,1,0,3.2,,0,,consistently_engaged,0.854,False
STU_0239,14,5,0,0,0,20,196.7,3,0,1,77.6,87.8,-5.26,19.2,3,0,0,2.0,1.0,0,4.0,consistently_engaged,0.825,False
STU_0239,15,4,1,0,0,21,157.7,1,0,4,77.6,87.1,-3.59,11.4,1,2,0,0.4,,0,,consistently_engaged,0.814,False
STU_0239,16,5,0,0,0,24,173.7,2,0,0,80.8,86.7,1.59,2.28,0,0,0,1.2,1.0,0,5.0,consistently_engaged,0.789,False
STU_0240,1,4,1,0,0,21,176.0,2,0,1,86.3,86.3,0.0,0.0,2,1,0,0.3,,0,,consistently_engaged,0.833,False
STU_0240,2,3,2,0,0,20,189.0,2,0,3,87.0,86.6,0.74,0.14,3,1,0,0.4,0.25,0,4.0,consistently_engaged,0.867,False
STU_0240,3,5,0,0,0,18,154.2,2,1,0,81.0,84.8,-2.63,7.13,4,1,0,1.2,,0,,consistently_engaged,0.873,False
STU_0240,4,4,1,0,1,18,171.7,2,0,3,81.2,83.9,-2.89,7.72,4,1,0,1.4,0.53,0,5.0,consistently_engaged,0.906,False
STU_0240,5,5,0,0,0,19,180.6,2,0,1,97.2,86.5,8.09,57.38,1,0,0,1.7,,0,,consistently_engaged,0.939,False
STU_0240,6,5,0,0,0,15,147.8,2,0,2,87.0,86.6,2.91,43.49,1,1,1,0.6,1.0,0,5.0,consistently_engaged,0.936,False
STU_0240,7,5,0,0,0,21,240.5,1,0,3,83.1,86.1,-7.05,35.24,5,1,0,0.1,,0,,consistently_engaged,0.923,False
STU_0240,8,5,0,0,0,21,197.1,2,0,1,82.7,85.7,-2.19,3.89,3,1,0,1.2,0.75,0,5.0,consistently_engaged,0.942,False
STU_0240,9,5,0,0,0,12,186.0,2,0,1,91.4,86.3,4.16,16.22,1,2,0,0.5,,0,,consistently_engaged,0.905,False
STU_0240,10,5,0,0,0,17,146.9,2,0,4,89.4,86.6,3.36,13.97,2,1,0,1.5,0.95,0,4.0,consistently_engaged,0.907,False
STU_0240,11,5,0,1,0,14,222.9,3,0,4,90.6,87.0,-0.41,0.69,0,2,0,0.1,,0,,consistently_engaged,0.881,False
STU_0240,12,5,0,0,0,17,126.1,1,0,2,87.3,87.0,-1.04,1.82,3,0,0,0.6,1.0,0,5.0,consistently_engaged,0.863,False
STU_0240,13,3,2,0,0,18,136.6,1,0,2,83.4,86.7,-3.57,8.54,0,0,1,1.4,,0,,consistently_engaged,0.814,False
STU_0240,14,5,0,0,0,19,158.1,2,1,2,76.5,86.0,-5.4,19.93,3,2,0,1.4,0.78,0,4.0,consistently_engaged,0.818,False
STU_0240,15,4,1,1,0,17,134.4,1,0,5,74.2,85.2,-4.62,15.38,5,0,0,0.5,,0,,consistently_engaged,0.805,False
STU_0240,16,5,0,0,0,22,186.5,3,0,4,88.5,85.4,5.97,39.08,0,1,1,0.6,0.75,0,5.0,consistently_engaged,0.832,False
STU_0241,1,5,0,0,0,13,166.8,2,0,3,92.3,92.3,0.0,0.0,3,0,0,0.8,,0,,consistently_engaged,0.797,False
STU_0241,2,4,1,0,0,18,159.9,2,0,1,85.2,88.8,-7.07,12.5,0,0,0,1.8,0.88,0,3.0,consistently_engaged,0.788,False
STU_0241,3,5,0,1,0,19,154.4,3,0,2,90.6,89.4,-0.88,9.03,4,0,1,0.0,,0,,consistently_engaged,0.808,False
STU_0241,4,3,2,0,1,18,131.7,3,0,1,91.8,90.0,3.3,8.14,1,0,0,0.4,0.1,0,5.0,consistently_engaged,0.815,False
STU_0241,5,4,1,1,1,13,181.7,2,1,4,82.7,88.5,-3.91,16.2,5,2,0,0.4,,0,,consistently_engaged,0.828,False
STU_0241,6,4,1,0,0,18,161.0,1,1,3,86.3,88.2,-2.76,14.04,2,1,0,2.8,0.26,0,5.0,consistently_engaged,0.834,False
STU_0241,7,5,0,2,0,15,166.2,2,1,5,79.3,86.9,-1.72,8.24,2,0,0,0.6,,0,,consistently_engaged,0.822,False
STU_0241,8,5,0,0,0,15,164.9,1,0,2,83.7,86.5,-1.3,8.43,2,0,0,2.7,0.43,0,5.0,consistently_engaged,0.823,False
STU_0241,9,5,0,0,0,11,162.3,2,1,3,80.8,85.9,0.76,3.38,4,0,0,0.5,,0,,consistently_engaged,0.778,False
STU_0241,10,4,1,1,0,18,142.1,2,1,0,81.2,85.4,-1.26,1.67,4,1,0,4.8,0.12,0,3.0,consistently_engaged,0.742,False
STU_0241,11,5,0,0,0,15,201.2,2,0,3,89.2,85.7,4.22,15.11,1,1,0,0.0,,0,,consistently_engaged,0.761,False
STU_0241,12,5,0,0,0,23,146.6,2,0,0,85.3,85.7,2.04,10.77,2,0,0,1.4,1.0,0,4.0,consistently_engaged,0.757,False
STU_0241,13,4,1,0,0,17,158.3,2,0,3,91.8,86.2,1.28,7.18,1,1,0,2.8,,0,,consistently_engaged,0.77,False
STU_0241,14,4,1,1,0,19,133.7,2,0,2,73.8,85.3,-5.74,55.38,3,0,0,0.2,0.7,0,5.0,consistently_engaged,0.756,False
STU_0241,15,4,1,0,1,19,153.2,2,0,3,84.7,85.3,-3.54,54.82,3,1,0,2.0,,0,,consistently_engaged,0.722,False
STU_0241,16,5,0,0,0,16,127.3,2,1,2,68.6,84.2,-2.59,44.99,0,1,0,1.6,0.78,0,3.0,consistently_engaged,0.678,False
STU_0242,1,5,0,0,0,12,146.5,2,0,3,89.3,89.3,0.0,0.0,3,1,1,3.1,,0,,consistently_engaged,0.842,False
STU_0242,2,5,0,1,0,20,100.8,2,0,4,87.6,88.5,-1.67,0.7,1,1,0,0.0,0.78,1,5.0,consistently_engaged,0.85,False
STU_0242,3,5,0,0,0,16,168.2,2,0,3,97.5,91.5,4.1,18.65,0,0,0,0.6,,0,,consistently_engaged,0.859,False
STU_0242,4,4,1,0,0,25,165.2,2,0,4,94.4,92.2,3.39,17.03,6,0,0,0.6,1.0,0,5.0,consistently_engaged,0.867,False
STU_0242,5,4,1,0,1,19,174.0,2,0,1,93.8,92.5,-1.87,2.67,2,0,0,2.5,,1,,consistently_engaged,0.876,False
STU_0242,6,5,0,0,0,20,182.9,2,0,2,84.9,91.2,-4.74,18.72,3,0,0,0.4,1.0,0,4.0,consistently_engaged,0.864,False
STU_0242,7,5,0,0,0,19,177.9,2,0,0,94.6,91.7,0.4,19.13,1,1,0,0.5,,0,,consistently_engaged,0.878,False
STU_0242,8,5,0,0,0,21,185.1,2,0,2,89.8,91.5,2.45,15.54,1,1,0,2.4,0.71,0,5.0,consistently_engaged,0.937,False
STU_0242,9,4,1,0,0,18,204.8,2,0,2,93.8,91.7,-0.38,4.35,3,1,0,2.8,,0,,consistently_engaged,0.961,False
STU_0242,10,5,0,0,0,16,179.6,2,1,1,91.8,91.7,0.99,2.67,4,0,0,1.1,1.0,0,5.0,consistently_engaged,0.98,False
STU_0242,11,5,0,0,0,19,212.5,1,0,2,88.5,91.5,-2.64,4.72,3,1,0,0.9,,0,,consistently_engaged,0.98,False
STU_0242,12,5,0,1,0,18,182.6,3,1,1,88.0,91.2,-1.91,2.82,1,1,1,0.1,1.0,0,5.0,consistently_engaged,0.962,False
STU_0242,13,5,0,0,0,17,199.3,2,0,0,97.5,91.7,4.48,19.0,3,1,0,0.2,,0,,consistently_engaged,0.98,False
STU_0242,14,5,0,0,0,15,178.6,2,0,5,94.1,91.8,3.04,15.48,0,0,0,1.0,0.79,0,5.0,consistently_engaged,0.967,False
STU_0242,15,5,0,0,0,16,202.7,2,0,2,88.8,91.6,-4.37,12.93,3,2,0,0.0,,0,,consistently_engaged,0.967,False
STU_0242,16,5,0,0,0,14,144.1,2,0,2,93.8,91.8,-0.13,5.98,2,0,1,0.5,1.0,0,4.0,consistently_engaged,0.909,False
STU_0243,1,5,0,0,0,10,171.4,2,0,4,77.7,77.7,0.0,0.0,1,1,0,0.0,,1,,consistently_engaged,0.849,False
STU_0243,2,5,0,1,0,22,149.0,1,0,2,81.4,79.6,3.65,3.34,2,0,0,0.0,1.0,0,4.0,consistently_engaged,0.805,False
STU_0243,3,5,0,0,0,15,109.9,2,0,0,81.7,80.3,2.01,3.29,4,1,0,0.4,,0,,consistently_engaged,0.843,False
STU_0243,4,5,0,1,0,22,188.4,2,1,2,77.6,79.6,-1.87,3.43,2,2,0,3.2,0.71,0,5.0,consistently_engaged,0.884,False
STU_0243,5,3,2,0,0,19,163.1,2,0,1,89.5,81.6,3.88,24.19,5,1,0,0.8,,0,,consistently_engaged,0.905,False
STU_0243,6,4,1,0,0,21,221.0,2,0,2,91.8,83.3,7.09,38.56,3,1,0,2.4,1.0,0,5.0,consistently_engaged,0.96,False
STU_0243,7,5,0,1,0,22,217.0,2,0,2,100.0,85.7,5.25,20.29,2,1,0,1.6,,0,,consistently_engaged,0.927,False
STU_0243,8,4,1,0,0,19,177.5,2,0,0,86.0,85.7,-2.92,33.1,1,0,0,1.1,0.43,0,5.0,consistently_engaged,0.921,False
STU_0243,9,5,0,0,0,14,188.6,2,0,1,88.2,86.0,-5.89,37.84,2,0,0,0.2,,1,,consistently_engaged,0.89,False
STU_0243,10,5,0,0,0,17,198.7,2,0,1,84.1,85.8,-0.95,2.88,3,0,1,0.8,1.0,0,5.0,consistently_engaged,0.855,False
STU_0243,11,5,0,0,0,21,177.0,1,0,6,77.1,85.0,-5.55,21.0,0,1,0,0.7,,1,,consistently_engaged,0.862,False
STU_0243,12,5,0,1,0,14,198.9,1,0,3,97.3,86.0,6.6,69.9,4,1,0,1.0,0.06,0,3.0,consistently_engaged,0.857,False
STU_0243,13,4,1,0,1,19,167.1,2,1,2,74.9,85.2,-1.12,101.46,2,2,0,0.1,,0,,consistently_engaged,0.831,False
STU_0243,14,4,1,0,0,13,162.7,2,0,3,96.0,86.0,-0.62,105.67,2,2,0,3.3,1.0,1,3.0,consistently_engaged,0.831,False
STU_0243,15,4,1,0,1,21,141.7,2,1,0,86.9,86.0,6.02,75.09,6,1,0,1.5,,0,,consistently_engaged,0.787,False
STU_0243,16,4,1,0,0,20,167.9,2,0,3,88.2,86.2,-3.92,16.28,4,2,0,0.2,0.98,0,5.0,consistently_engaged,0.831,False
STU_0244,1,4,1,0,0,13,170.8,1,0,2,86.3,86.3,0.0,0.0,2,1,0,0.3,,0,,consistently_engaged,0.837,False
STU_0244,2,5,0,0,0,16,149.7,3,1,1,79.2,82.8,-7.15,12.8,1,1,0,1.1,0.95,0,3.0,consistently_engaged,0.854,False
STU_0244,3,4,1,0,0,19,189.8,2,0,3,100.0,88.5,6.84,74.66,1,1,0,0.0,,0,,consistently_engaged,0.874,False
STU_0244,4,3,2,0,1,16,165.3,2,0,0,73.9,84.8,-2.65,127.12,1,2,0,0.1,1.0,0,3.0,consistently_engaged,0.87,False
STU_0244,5,4,1,0,0,22,175.4,3,0,1,88.6,85.6,-5.69,114.34,1,0,0,0.9,,0,,consistently_engaged,0.844,False
STU_0244,6,5,0,0,0,17,153.9,2,0,2,96.0,87.3,11.08,84.77,1,1,0,0.3,0.66,0,5.0,consistently_engaged,0.948,False
STU_0244,7,5,0,0,0,24,116.6,1,0,1,93.0,88.2,2.21,9.27,0,1,0,0.1,,0,,consistently_engaged,0.957,False
STU_0244,8,4,1,0,0,16,170.3,2,0,2,83.9,87.6,-6.07,26.64,5,0,1,0.7,1.0,1,5.0,consistently_engaged,0.941,False
STU_0244,9,3,2,0,1,19,155.7,3,0,3,85.2,87.4,-3.91,16.26,1,1,1,0.8,,0,,consistently_engaged,0.909,False
STU_0244,10,5,0,0,0,22,215.8,2,0,1,90.0,87.6,3.04,6.79,5,1,0,0.7,0.93,0,5.0,consistently_engaged,0.871,False
STU_0244,11,4,1,0,1,14,154.4,2,1,1,89.9,87.8,2.32,4.89,0,1,1,2.0,,0,,consistently_engaged,0.881,False
STU_0244,12,5,0,0,0,14,193.1,3,0,5,97.4,88.6,3.7,12.39,1,2,0,2.4,1.0,0,4.0,consistently_engaged,0.913,False
STU_0244,13,4,1,1,0,21,208.6,2,0,4,77.4,87.8,-6.24,68.0,5,0,0,0.2,,0,,consistently_engaged,0.894,False
STU_0244,14,5,0,0,0,17,139.1,2,0,2,82.8,87.4,-7.27,71.21,3,1,0,1.9,1.0,0,5.0,consistently_engaged,0.853,False
STU_0244,15,5,0,0,0,12,173.6,2,1,2,92.7,87.8,7.64,39.93,1,1,0,0.4,,0,,consistently_engaged,0.841,False
STU_0244,16,5,0,0,0,18,127.0,2,1,1,86.3,87.7,1.73,16.51,0,0,1,0.8,0.3,0,5.0,consistently_engaged,0.849,False
STU_0245,1,5,0,0,0,18,234.2,2,0,1,86.8,86.8,0.0,0.0,3,2,0,0.3,,0,,consistently_engaged,0.88,False
STU_0245,2,4,1,0,0,17,187.4,3,1,2,89.6,88.2,2.81,1.97,0,0,1,0.6,1.0,0,4.0,consistently_engaged,0.925,False
STU_0245,3,5,0,0,0,16,193.9,3,0,1,90.2,88.8,1.73,2.25,1,2,1,0.4,,0,,consistently_engaged,0.925,False
STU_0245,4,5,0,1,0,14,184.3,2,0,1,84.1,87.7,-2.75,7.58,2,1,0,0.9,0.55,0,4.0,consistently_engaged,0.911,False
STU_0245,5,5,0,0,0,18,142.3,1,0,3,90.0,88.1,-0.13,8.03,0,2,1,6.2,,1,,consistently_engaged,0.91,False
STU_0245,6,4,1,0,0,20,155.4,2,0,3,81.1,86.9,-1.49,13.56,2,0,0,1.5,0.8,0,5.0,consistently_engaged,0.873,False
STU_0245,7,5,0,0,0,17,166.3,1,0,2,92.0,87.7,1.03,22.44,0,0,0,2.9,,0,,consistently_engaged,0.903,False
STU_0245,8,4,1,0,0,12,131.2,2,0,5,85.4,87.4,2.18,20.13,2,1,0,0.1,0.95,0,5.0,consistently_engaged,0.891,False
STU_0245,9,4,1,0,0,14,141.6,2,0,0,81.9,86.8,-5.06,17.58,3,0,0,1.0,,0,,consistently_engaged,0.84,False
STU_0245,10,5,0,0,0,18,185.1,2,0,2,85.6,86.7,0.07,2.95,2,0,0,0.0,1.0,0,4.0,consistently_engaged,0.864,False
STU_0245,11,5,0,1,0,20,159.0,2,0,1,73.7,85.5,-4.1,24.76,3,0,0,1.6,,0,,consistently_engaged,0.813,False
STU_0245,12,4,1,0,0,22,188.7,2,1,2,78.2,84.9,-3.71,24.12,4,2,0,0.0,1.0,0,4.0,consistently_engaged,0.817,False
STU_0245,13,5,0,0,0,13,140.5,2,0,2,78.7,84.4,2.49,5.04,2,0,0,0.7,,0,,consistently_engaged,0.816,False
STU_0245,14,5,0,0,0,14,126.2,1,0,2,81.1,84.2,1.47,1.66,4,0,0,1.7,0.87,0,4.0,consistently_engaged,0.791,False
STU_0245,15,5,0,1,0,19,184.5,1,0,2,90.1,84.6,5.73,24.25,4,0,0,1.1,,0,,consistently_engaged,0.804,False
STU_0245,16,5,0,0,0,12,182.6,3,0,3,87.0,84.7,2.95,13.95,1,1,1,0.6,0.51,0,3.0,consistently_engaged,0.827,False
STU_0246,1,5,0,1,0,18,166.0,3,0,1,91.3,91.3,0.0,0.0,7,0,1,0.5,,0,,consistently_engaged,0.828,False
STU_0246,2,5,0,0,0,18,155.3,2,1,4,89.3,90.3,-2.0,1.0,2,1,0,0.4,0.74,0,3.0,consistently_engaged,0.847,False
STU_0246,3,4,1,0,0,18,142.6,2,1,0,88.2,89.6,-1.56,1.66,6,1,1,1.7,,0,,consistently_engaged,0.836,False
STU_0246,4,5,0,0,0,19,192.4,1,0,0,78.6,86.8,-5.33,22.9,4,1,0,0.1,0.37,0,5.0,consistently_engaged,0.825,False
STU_0246,5,5,0,0,0,15,211.6,2,1,2,83.7,86.2,-2.25,15.2,0,1,1,0.4,,0,,consistently_engaged,0.81,False
STU_0246,6,3,2,1,0,17,138.1,2,1,2,80.7,85.3,1.03,4.28,2,1,0,2.1,0.79,0,4.0,consistently_engaged,0.793,False
STU_0246,7,5,0,0,0,16,130.6,1,0,2,82.6,84.9,-0.54,1.51,1,0,0,0.5,,0,,consistently_engaged,0.789,False
STU_0246,8,4,1,1,1,13,174.2,1,0,0,80.5,84.3,-0.08,0.86,2,0,0,0.5,0.56,1,4.0,consistently_engaged,0.789,False
STU_0246,9,5,0,0,0,16,165.1,2,0,3,88.8,84.8,3.12,12.44,0,1,0,0.3,,0,,consistently_engaged,0.832,False
STU_0246,10,5,0,0,0,13,171.1,1,0,2,86.4,85.0,2.94,12.13,1,0,0,5.7,0.82,0,5.0,consistently_engaged,0.804,False
STU_0246,11,5,0,0,0,16,165.7,3,0,2,94.3,85.8,2.76,11.02,1,0,0,0.7,,0,,consistently_engaged,0.835,False
STU_0246,12,4,1,0,0,19,119.8,1,0,3,91.9,86.4,2.76,11.02,3,1,0,1.2,0.89,0,5.0,consistently_engaged,0.853,False
STU_0246,13,5,0,0,0,19,206.3,2,0,1,86.6,86.4,-3.85,10.33,0,0,0,1.1,,0,,consistently_engaged,0.867,False
STU_0246,14,5,0,1,0,15,172.4,3,0,2,82.2,86.1,-4.88,15.91,6,0,0,0.6,0.71,0,5.0,consistently_engaged,0.891,False
STU_0246,15,4,1,0,0,21,158.1,2,1,1,83.2,85.9,-1.7,3.63,1,0,0,0.2,,1,,consistently_engaged,0.904,False
STU_0246,16,5,0,0,0,13,197.0,1,0,1,81.7,85.6,-0.26,0.44,3,0,0,0.5,0.72,0,5.0,consistently_engaged,0.918,False
STU_0247,1,4,1,0,1,17,156.5,2,0,2,86.9,86.9,0.0,0.0,2,0,0,2.4,,0,,consistently_engaged,0.765,False
STU_0247,2,5,0,0,0,19,175.2,2,1,2,77.6,82.2,-9.21,21.21,1,0,1,1.3,0.75,0,4.0,consistently_engaged,0.81,False
STU_0247,3,5,0,1,0,18,160.1,1,0,0,83.7,82.7,-1.56,14.63,0,0,1,3.8,,0,,consistently_engaged,0.79,False
STU_0247,4,3,2,0,2,18,179.5,1,0,4,77.7,81.5,0.05,8.12,3,1,0,0.6,1.0,0,5.0,consistently_engaged,0.798,False
STU_0247,5,4,1,1,0,16,155.7,3,0,2,83.5,81.9,-0.13,7.65,0,0,0,0.8,,0,,consistently_engaged,0.804,False
STU_0247,6,4,1,1,0,25,149.1,3,0,5,90.6,83.3,6.43,27.66,3,0,0,0.0,0.57,0,4.0,consistently_engaged,0.807,False
STU_0247,7,4,1,0,1,14,199.3,2,0,2,90.1,84.3,3.31,10.54,2,1,0,0.7,,0,,consistently_engaged,0.84,False
STU_0247,8,4,1,0,0,19,153.3,2,0,2,97.8,86.0,3.58,12.25,1,0,0,0.9,0.58,0,4.0,consistently_engaged,0.826,False
STU_0247,9,5,0,0,0,23,133.9,2,0,1,87.1,86.1,-1.49,20.12,2,0,0,4.9,,1,,consistently_engaged,0.865,False
STU_0247,10,5,0,1,0,19,175.8,1,0,0,83.8,85.9,-6.98,35.5,3,2,0,1.3,0.73,0,5.0,consistently_engaged,0.86,False
STU_0247,11,5,0,0,0,18,184.3,2,0,2,93.8,86.6,3.34,17.31,3,0,1,0.7,,0,,consistently_engaged,0.896,False
STU_0247,12,3,2,0,1,21,214.6,1,1,3,87.3,86.7,1.74,17.2,7,0,0,0.4,0.73,0,4.0,consistently_engaged,0.883,False
STU_0247,13,3,2,0,1,21,191.2,1,0,6,86.0,86.6,-3.87,11.57,3,1,0,1.1,,0,,consistently_engaged,0.902,False
STU_0247,14,5,0,0,0,16,154.4,2,0,1,85.5,86.5,-0.86,0.53,0,2,1,1.2,1.0,0,4.0,consistently_engaged,0.889,False
STU_0247,15,4,1,2,1,17,183.5,1,0,2,89.4,86.7,1.7,3.01,1,0,0,2.4,,0,,consistently_engaged,0.867,False
STU_0247,16,5,0,0,0,18,149.0,2,0,1,77.2,86.1,-4.17,26.1,2,0,1,1.3,0.31,0,4.0,consistently_engaged,0.831,False
STU_0248,1,5,0,1,0,10,172.8,2,0,5,71.5,71.5,0.0,0.0,0,0,0,0.1,,0,,consistently_engaged,0.763,False
STU_0248,2,3,2,0,1,13,158.5,2,0,3,88.4,79.9,16.96,71.92,1,0,0,0.1,-0.29,0,4.0,consistently_engaged,0.754,False
STU_0248,3,4,1,0,1,12,142.6,2,0,1,89.6,83.2,9.05,68.48,2,0,1,6.8,,0,,consistently_engaged,0.697,False
STU_0248,4,5,0,1,0,16,194.4,2,0,3,86.1,83.9,-1.14,2.02,2,1,0,1.0,0.34,0,4.0,consistently_engaged,0.703,False
STU_0248,5,4,1,0,0,13,153.1,2,0,2,80.6,83.2,-4.49,13.71,1,0,0,0.8,,0,,consistently_engaged,0.701,False
STU_0248,6,4,1,0,1,18,156.3,2,0,1,66.0,80.4,-10.06,72.03,2,0,0,2.3,1.0,0,3.0,consistently_engaged,0.686,False
STU_0248,7,4,1,0,0,14,131.4,2,1,1,78.7,80.1,-0.93,41.86,2,2,0,0.1,,0,,consistently_engaged,0.689,False
STU_0248,8,4,1,0,1,15,114.8,3,0,0,64.5,78.2,-0.76,40.61,1,1,1,1.5,0.17,0,4.0,consistently_engaged,0.673,False
STU_0248,9,3,2,2,1,15,135.8,2,0,4,70.7,77.3,-4.0,33.84,0,0,0,3.3,,0,,consistently_engaged,0.702,False
STU_0248,10,4,1,0,0,17,136.2,2,0,2,76.6,77.3,6.06,24.52,2,0,0,0.6,0.47,1,4.0,consistently_engaged,0.734,False
STU_0248,11,5,0,0,0,21,164.8,2,0,5,73.5,76.9,1.41,5.85,1,1,0,0.1,,0,,consistently_engaged,0.673,False
STU_0248,12,3,2,0,1,15,113.1,2,0,4,70.7,76.4,-2.95,5.81,3,1,0,0.1,0.9,0,4.0,consistently_engaged,0.678,False
STU_0248,13,5,0,0,0,14,121.4,2,2,3,84.2,77.0,5.34,33.74,1,2,1,1.0,,1,,consistently_engaged,0.683,False
STU_0248,14,5,0,0,0,12,104.6,1,0,3,67.0,76.3,-1.85,54.53,5,0,0,1.7,0.54,1,4.0,consistently_engaged,0.665,False
STU_0248,15,3,2,0,0,13,107.1,3,0,0,76.4,76.3,-3.89,49.37,1,0,0,1.9,,0,,consistently_engaged,0.7,False
STU_0248,16,5,0,1,0,15,136.4,2,0,0,85.4,76.9,9.2,56.49,1,0,1,1.8,-0.06,0,4.0,consistently_engaged,0.738,False
STU_0249,1,4,1,0,0,19,179.8,2,0,4,84.3,84.3,0.0,0.0,1,1,0,0.0,,0,,consistently_engaged,0.861,False
STU_0249,2,4,1,0,1,14,96.4,2,0,2,89.2,86.7,4.85,5.87,7,1,0,0.2,0.58,0,5.0,consistently_engaged,0.839,False
STU_0249,3,5,0,1,0,27,182.8,2,0,2,91.3,88.2,3.47,8.46,2,1,1,2.7,,0,,consistently_engaged,0.879,False
STU_0249,4,5,0,0,0,22,133.4,3,1,4,81.7,86.6,-3.74,16.93,1,1,0,1.7,0.53,0,4.0,consistently_engaged,0.838,False
STU_0249,5,5,0,0,0,18,133.4,2,1,0,73.8,84.0,-8.73,51.01,3,0,1,0.6,,0,,consistently_engaged,0.853,False
STU_0249,6,2,3,0,2,16,189.3,2,0,2,92.1,85.4,5.23,56.38,5,1,0,1.8,0.9,0,5.0,consistently_engaged,0.842,False
STU_0249,7,5,0,0,0,20,128.9,2,0,2,84.0,85.2,5.13,56.28,4,0,0,1.6,,0,,consistently_engaged,0.888,False
STU_0249,8,5,0,0,0,14,174.7,2,0,1,95.0,86.4,1.46,21.67,4,0,0,0.4,0.49,0,4.0,consistently_engaged,0.893,False
STU_0249,9,5,0,0,0,19,140.7,1,0,3,96.9,87.6,6.43,32.21,1,1,1,0.1,,0,,consistently_engaged,0.88,False
STU_0249,10,5,0,0,0,16,172.4,2,1,3,81.9,87.0,-6.59,44.79,0,1,0,1.8,0.86,0,4.0,consistently_engaged,0.842,False
STU_0249,11,4,1,0,0,17,230.8,2,0,2,78.7,86.3,-9.11,63.14,6,2,0,2.5,,0,,consistently_engaged,0.871,False
STU_0249,12,4,1,0,0,15,177.5,2,0,4,71.9,85.1,-4.97,17.14,2,0,0,0.3,1.0,0,4.0,consistently_engaged,0.854,False
STU_0249,13,4,1,0,0,20,169.9,3,0,3,72.7,84.1,-2.99,9.08,2,0,0,0.9,,0,,consistently_engaged,0.86,False
STU_0249,14,5,0,0,0,12,155.9,2,0,0,86.7,84.3,7.39,46.19,3,1,0,2.1,1.0,0,4.0,consistently_engaged,0.83,False
STU_0249,15,5,0,0,0,17,195.3,2,0,1,84.2,84.3,5.77,37.33,5,0,0,2.3,,0,,consistently_engaged,0.799,False
STU_0249,16,3,2,0,0,16,136.4,2,0,0,86.1,84.4,-0.29,1.11,4,2,0,1.1,0.96,0,5.0,consistently_engaged,0.779,False
STU_0250,1,5,0,0,0,16,156.5,1,0,2,80.2,80.2,0.0,0.0,4,2,0,0.4,,0,,consistently_engaged,0.827,False
STU_0250,2,5,0,0,0,17,171.4,2,0,3,79.9,80.0,-0.26,0.02,2,1,1,3.5,1.0,0,5.0,consistently_engaged,0.792,False
STU_0250,3,5,0,1,0,14,170.6,2,0,2,77.7,79.3,-1.24,1.23,2,0,0,3.9,,0,,consistently_engaged,0.751,False
STU_0250,4,5,0,0,0,15,140.0,2,0,4,70.4,77.0,-4.76,16.54,1,1,0,0.2,0.6,0,4.0,consistently_engaged,0.732,False
STU_0250,5,5,0,1,0,16,130.9,3,1,1,85.9,78.8,4.12,40.37,5,2,0,0.9,,0,,consistently_engaged,0.745,False
STU_0250,6,5,0,2,0,21,139.3,2,0,1,73.8,78.0,1.72,44.5,2,0,0,0.3,0.97,0,5.0,consistently_engaged,0.783,False
STU_0250,7,4,1,1,1,12,156.1,2,1,1,89.0,79.6,1.55,43.1,2,0,0,3.1,,0,,consistently_engaged,0.782,False
STU_0250,8,4,1,0,1,15,172.9,3,0,1,86.2,80.4,6.16,43.54,1,1,0,2.9,-0.42,0,5.0,consistently_engaged,0.804,False
STU_0250,9,5,0,1,0,17,176.3,2,0,1,78.9,80.2,-5.09,18.33,2,1,0,1.5,,1,,consistently_engaged,0.834,False
STU_0250,10,5,0,0,0,24,183.4,2,0,5,90.0,81.2,1.91,21.2,2,1,0,0.0,0.49,0,4.0,consistently_engaged,0.86,False
STU_0250,11,5,0,0,0,17,163.4,1,0,3,99.8,82.9,10.46,73.04,0,0,1,0.0,,0,,consistently_engaged,0.842,False
STU_0250,12,5,0,0,0,19,194.1,2,1,2,81.9,82.8,-4.03,53.46,2,0,0,2.5,0.54,0,3.0,consistently_engaged,0.823,False
STU_0250,13,4,1,0,1,14,125.3,2,0,1,80.9,82.7,-9.45,75.29,5,0,0,1.6,,0,,consistently_engaged,0.811,False
STU_0250,14,3,2,0,0,18,149.8,1,0,4,88.8,83.1,3.45,12.34,2,1,0,1.0,0.49,0,4.0,consistently_engaged,0.783,False
STU_0250,15,5,0,0,0,15,158.8,3,0,1,80.9,83.0,0.01,13.86,2,2,1,0.1,,0,,consistently_engaged,0.735,False
STU_0250,16,5,0,0,0,17,168.3,3,0,1,73.7,82.4,-7.55,38.0,5,0,0,0.9,0.7,0,4.0,consistently_engaged,0.792,False
STU_0251,1,5,0,0,0,16,52.6,2,2,1,69.3,69.3,0.0,0.0,2,0,0,12.9,,0,,quietly_struggling,0.714,False
STU_0251,2,4,1,0,0,27,51.8,1,0,0,73.5,71.4,4.23,4.48,0,0,0,12.4,0.78,0,4.0,quietly_struggling,0.678,False
STU_0251,3,5,0,0,0,22,69.7,2,1,1,69.5,70.8,0.09,3.82,0,0,0,10.0,,1,,quietly_struggling,0.687,False
STU_0251,4,5,0,0,0,18,96.8,1,0,3,71.5,71.0,-1.0,2.74,0,0,0,10.3,0.52,0,4.0,quietly_struggling,0.643,False
STU_0251,5,5,0,0,0,12,65.1,1,0,0,77.7,72.3,4.09,12.08,0,0,0,10.3,,0,,quietly_struggling,0.616,False
STU_0251,6,5,0,0,0,14,80.6,2,3,0,69.3,71.8,-1.12,12.51,0,0,0,10.8,-0.04,0,4.0,quietly_struggling,0.5,False
STU_0251,7,5,0,0,0,24,46.9,1,1,0,71.6,71.8,-3.02,12.43,0,0,0,11.1,,0,,quietly_struggling,0.464,False
STU_0251,8,5,0,0,0,17,55.7,1,2,1,68.3,71.3,-0.51,1.96,1,0,0,13.9,-0.21,0,3.0,quietly_struggling,0.42,False
STU_0251,9,4,1,0,0,14,61.9,2,1,0,60.2,70.1,-5.69,22.8,0,0,0,12.9,,0,,quietly_struggling,0.382,False
STU_0251,10,5,0,0,0,16,49.7,2,1,0,56.3,68.7,-5.99,24.84,0,0,0,12.2,-0.44,1,3.0,quietly_struggling,0.325,True
STU_0251,11,5,0,1,0,16,32.9,2,2,0,64.2,68.3,1.98,10.39,0,0,0,11.3,,1,,quietly_struggling,0.231,True
STU_0251,12,5,0,1,0,20,41.5,1,0,1,42.4,66.1,-6.97,81.47,0,0,0,9.5,-0.56,0,2.0,quietly_struggling,0.134,True
STU_0251,13,5,0,0,0,22,33.1,2,0,0,50.6,64.9,-6.8,81.05,1,0,0,10.1,,1,,quietly_struggling,0.044,True
STU_0251,14,5,0,0,0,15,42.2,1,1,0,41.3,63.3,-0.54,17.28,0,0,0,9.5,-1.0,1,1.0,quietly_struggling,0.02,True
STU_0251,15,5,0,0,0,14,35.7,1,1,0,40.3,61.7,-5.13,21.44,1,0,0,10.1,,1,,quietly_struggling,0.02,True
STU_0251,16,5,0,0,0,14,17.2,1,3,0,30.1,59.8,-5.57,25.45,0,0,0,10.0,-0.78,0,1.0,quietly_struggling,0.02,True
STU_0252,1,5,0,1,0,20,115.7,1,2,0,80.7,80.7,0.0,0.0,0,0,0,9.1,,0,,quietly_struggling,0.803,False
STU_0252,2,5,0,1,0,18,84.1,2,0,0,72.4,76.6,-8.36,17.46,0,0,0,11.4,-0.27,0,4.0,quietly_struggling,0.718,False
STU_0252,3,5,0,0,0,27,74.5,1,0,0,77.8,77.0,-1.45,12.0,0,0,0,9.4,,0,,quietly_struggling,0.667,False
STU_0252,4,5,0,1,0,20,74.2,2,0,0,74.0,76.2,0.81,5.24,0,0,0,9.4,0.49,0,4.0,quietly_struggling,0.628,False
STU_0252,5,5,0,1,0,10,61.9,1,0,0,75.3,76.1,-1.28,2.55,0,0,0,13.5,,0,,quietly_struggling,0.603,False
STU_0252,6,5,0,0,0,24,78.0,2,1,1,71.4,75.3,-1.3,2.58,0,0,0,11.6,0.22,1,3.0,quietly_struggling,0.508,False
STU_0252,7,5,0,0,0,21,62.6,2,0,0,65.6,73.9,-4.84,15.84,0,0,0,13.2,,0,,quietly_struggling,0.438,False
STU_0252,8,5,0,0,0,27,88.2,2,1,0,73.2,73.8,0.88,10.52,0,0,0,10.8,-0.53,0,3.0,quietly_struggling,0.4,False
STU_0252,9,5,0,0,0,13,48.6,2,2,0,59.1,72.2,-3.27,33.33,0,0,0,13.3,,0,,quietly_struggling,0.344,True
STU_0252,10,5,0,1,0,17,34.4,1,1,0,59.3,70.9,-6.95,43.65,0,0,0,13.5,-0.49,0,1.0,quietly_struggling,0.228,True
STU_0252,11,5,0,0,0,22,15.0,2,2,0,37.5,67.9,-10.76,104.0,0,0,0,12.8,,0,,quietly_struggling,0.151,True
STU_0252,12,5,0,0,0,12,42.9,1,1,0,59.4,67.2,0.08,105.89,0,0,0,10.6,-0.73,2,2.0,quietly_struggling,0.054,True
STU_0252,13,5,0,1,0,15,34.7,2,2,0,54.5,66.2,8.5,88.11,0,0,0,9.4,,2,,quietly_struggling,0.02,True
STU_0252,14,5,0,0,0,18,15.4,2,2,0,39.8,64.3,-9.83,69.78,0,0,0,9.9,-0.6,2,2.0,quietly_struggling,0.02,True
STU_0252,15,5,0,0,0,15,15.0,2,2,0,27.2,61.8,-13.66,124.59,1,0,0,10.0,,1,,quietly_struggling,0.02,True
STU_0252,16,5,0,0,0,8,41.2,1,0,0,25.4,59.5,-7.22,41.09,0,0,0,9.2,-0.21,1,1.0,quietly_struggling,0.02,True
STU_0253,1,5,0,0,0,15,61.7,1,0,0,82.9,82.9,0.0,0.0,0,0,0,10.5,,0,,quietly_struggling,0.681,False
STU_0253,2,5,0,0,0,22,67.1,1,0,0,76.9,79.9,-6.03,9.08,2,0,0,10.5,0.34,0,3.0,quietly_struggling,0.645,False
STU_0253,3,5,0,0,0,12,75.3,2,0,1,81.2,80.3,-0.83,6.47,0,0,0,10.8,,0,,quietly_struggling,0.584,False
STU_0253,4,5,0,0,0,14,43.0,1,0,0,82.1,80.8,2.61,5.22,0,0,0,10.0,-0.37,1,3.0,quietly_struggling,0.521,False
STU_0253,5,5,0,0,0,20,87.7,1,1,0,68.5,78.3,-6.34,38.27,1,0,0,13.1,,0,,quietly_struggling,0.511,False
STU_0253,6,5,0,1,0,16,66.2,2,1,0,64.2,76.0,-8.93,57.81,0,0,0,12.6,-0.28,0,3.0,quietly_struggling,0.455,False
STU_0253,7,5,0,1,0,22,54.6,2,0,1,74.4,75.7,2.94,17.53,0,0,0,9.1,,0,,quietly_struggling,0.376,False
STU_0253,8,5,0,0,0,12,42.7,2,1,0,67.3,74.7,1.52,18.35,0,0,0,10.2,-0.26,0,3.0,quietly_struggling,0.351,True
STU_0253,9,5,0,0,0,15,39.8,2,4,0,61.5,73.2,-6.48,28.12,0,0,0,12.3,,0,,quietly_struggling,0.278,True
STU_0253,10,5,0,0,0,15,38.2,2,1,0,63.7,72.3,-1.76,5.67,0,0,0,13.0,0.09,1,1.0,quietly_struggling,0.198,True
STU_0253,11,5,0,0,0,14,53.0,1,2,0,53.8,70.6,-3.82,17.94,0,0,0,10.8,,2,,quietly_struggling,0.156,True
STU_0253,12,5,0,0,0,19,57.0,2,1,0,52.0,69.0,-5.88,26.65,0,0,0,12.4,-0.92,1,2.0,quietly_struggling,0.157,True
STU_0253,13,4,1,2,0,20,39.3,2,0,0,40.8,66.9,-6.53,33.3,0,0,0,13.6,,1,,quietly_struggling,0.054,True
STU_0253,14,5,0,0,0,23,39.9,2,1,0,35.8,64.6,-8.09,45.74,0,0,0,10.5,-0.86,0,3.0,quietly_struggling,0.02,True
STU_0253,15,5,0,0,0,16,27.8,1,1,0,35.5,62.7,-2.61,5.77,0,0,0,10.2,,1,,quietly_struggling,0.02,True
STU_0253,16,5,0,0,0,17,15.0,2,2,0,26.5,60.4,-4.63,18.6,1,0,0,13.7,-1.0,1,1.0,quietly_struggling,0.02,True
STU_0254,1,5,0,0,0,13,90.4,1,0,1,75.9,75.9,0.0,0.0,0,0,0,10.0,,0,,quietly_struggling,0.796,False
STU_0254,2,5,0,0,0,13,93.2,2,0,2,73.0,74.4,-2.95,2.17,0,0,0,11.5,0.07,0,5.0,quietly_struggling,0.757,False
STU_0254,3,5,0,1,0,15,76.2,1,0,0,76.5,75.1,0.3,2.4,1,0,0,12.4,,0,,quietly_struggling,0.708,False
STU_0254,4,5,0,0,0,20,88.8,2,0,0,62.7,72.0,-5.11,34.07,0,0,0,11.9,0.53,0,4.0,quietly_struggling,0.651,False
STU_0254,5,5,0,0,0,21,64.6,2,0,0,68.2,71.3,-4.16,32.04,1,0,0,12.4,,0,,quietly_struggling,0.573,False
STU_0254,6,5,0,0,0,15,74.8,2,0,0,68.6,70.8,2.91,7.09,1,0,0,13.4,0.39,0,4.0,quietly_struggling,0.506,False
STU_0254,7,5,0,1,0,10,79.7,2,0,0,71.2,70.9,1.49,1.75,0,0,0,9.5,,0,,quietly_struggling,0.406,False
STU_0254,8,4,1,0,0,18,31.4,1,2,0,67.8,70.5,-0.41,2.12,1,0,0,12.2,-0.08,1,4.0,quietly_struggling,0.326,False
STU_0254,9,5,0,0,0,21,31.5,1,2,0,64.9,69.9,-3.11,6.49,0,0,0,10.5,,1,,quietly_struggling,0.227,True
STU_0254,10,5,0,1,0,24,54.8,1,0,0,65.8,69.5,-0.97,1.38,1,0,0,11.9,-0.6,2,3.0,quietly_struggling,0.181,True
STU_0254,11,5,0,0,0,19,32.8,2,0,0,59.8,68.6,-2.59,7.14,0,0,0,9.0,,1,,quietly_struggling,0.117,True
STU_0254,12,5,0,0,0,17,15.0,2,2,0,49.3,67.0,-8.27,46.71,1,0,0,11.0,-0.92,0,2.0,quietly_struggling,0.039,True
STU_0254,13,5,0,1,0,13,15.0,1,1,0,43.8,65.2,-7.96,43.71,0,0,0,10.1,,0,,quietly_struggling,0.02,True
STU_0254,14,5,0,2,0,14,38.7,2,1,0,35.3,63.1,-6.97,32.87,0,0,0,10.7,-0.38,1,1.0,quietly_struggling,0.02,True
STU_0254,15,4,1,2,0,12,19.3,2,0,0,36.3,61.3,-3.75,14.38,2,0,0,12.6,,0,,quietly_struggling,0.02,True
STU_0254,16,5,0,0,0,19,17.6,2,0,0,20.8,58.7,-7.28,50.57,0,0,0,11.3,-0.92,0,1.0,quietly_struggling,0.02,True
STU_0255,1,5,0,1,0,21,93.5,1,0,1,77.3,77.3,0.0,0.0,0,0,0,12.7,,0,,quietly_struggling,0.783,False
STU_0255,2,5,0,1,0,25,88.9,2,1,0,78.1,77.7,0.81,0.16,0,0,0,12.2,1.0,0,5.0,quietly_struggling,0.7,False
STU_0255,3,5,0,0,0,22,86.6,2,0,0,67.5,74.3,-4.88,23.09,0,0,0,9.4,,0,,quietly_struggling,0.682,False
STU_0255,4,5,0,2,0,27,68.9,2,1,0,73.5,74.1,-2.31,18.73,0,0,0,11.3,0.9,1,3.0,quietly_struggling,0.621,False
STU_0255,5,5,0,0,0,18,64.1,2,1,0,77.1,74.7,4.8,15.64,0,0,0,11.4,,0,,quietly_struggling,0.604,False
STU_0255,6,5,0,0,0,21,104.6,1,0,0,74.6,74.7,0.57,2.31,1,0,0,9.5,0.23,0,3.0,quietly_struggling,0.632,False
STU_0255,7,4,1,1,0,11,61.7,2,1,0,69.4,74.0,-3.86,10.37,1,0,0,12.9,,0,,quietly_struggling,0.574,False
STU_0255,8,5,0,0,0,20,68.5,1,0,0,57.4,71.9,-8.61,52.0,0,0,0,11.8,0.21,0,4.0,quietly_struggling,0.529,False
STU_0255,9,5,0,1,0,15,71.5,1,1,1,68.3,71.5,-0.56,29.29,0,0,0,10.5,,0,,quietly_struggling,0.479,False
STU_0255,10,5,0,2,0,16,60.7,2,0,1,49.8,69.3,-3.8,57.59,0,0,0,11.5,0.02,0,2.0,quietly_struggling,0.437,False
STU_0255,11,4,1,1,0,22,68.7,1,0,0,55.4,68.1,-6.46,60.01,0,0,0,10.7,,0,,quietly_struggling,0.404,False
STU_0255,12,5,0,1,0,16,62.0,2,0,0,41.3,65.8,-4.26,33.56,0,0,0,10.9,-0.49,0,2.0,quietly_struggling,0.448,False
STU_0255,13,5,0,0,0,17,51.5,2,0,0,45.6,64.3,-4.86,34.67,0,0,0,12.6,,0,,quietly_struggling,0.402,False
STU_0255,14,5,0,0,0,15,38.0,2,3,1,46.5,63.0,2.6,5.19,0,0,0,12.6,-0.64,0,3.0,quietly_struggling,0.335,False
STU_0255,15,5,0,0,0,11,29.5,2,1,0,43.1,61.7,-1.27,2.05,1,0,0,13.0,,0,,quietly_struggling,0.253,True
STU_0255,16,5,0,1,0,21,15.9,1,0,1,29.6,59.7,-8.44,53.24,0,0,0,9.5,-0.61,0,2.0,quietly_struggling,0.194,True
STU_0256,1,5,0,0,0,19,70.1,1,1,1,84.6,84.6,0.0,0.0,0,0,0,13.1,,0,,quietly_struggling,0.818,False
STU_0256,2,5,0,0,0,15,72.1,2,0,2,77.7,81.2,-6.9,11.9,0,0,0,13.0,0.61,0,5.0,quietly_struggling,0.847,False
STU_0256,3,5,0,0,0,20,83.8,1,0,0,71.1,77.8,-6.76,30.5,0,0,0,9.9,,0,,quietly_struggling,0.792,False
STU_0256,4,5,0,0,0,15,79.3,1,1,0,72.8,76.5,-2.48,7.92,0,0,0,13.9,1.0,0,4.0,quietly_struggling,0.745,False
STU_0256,5,5,0,0,0,21,72.5,2,0,1,68.5,74.9,-1.3,3.09,0,0,0,12.2,,0,,quietly_struggling,0.702,False
STU_0256,6,5,0,1,0,13,52.3,2,1,0,70.6,74.2,-1.1,3.05,0,0,0,11.5,-0.13,0,2.0,quietly_struggling,0.593,False
STU_0256,7,4,1,0,0,11,59.8,1,0,0,67.6,73.3,-0.43,1.51,0,0,0,9.5,,0,,quietly_struggling,0.539,False
STU_0256,8,5,0,1,0,11,61.3,2,2,1,70.7,72.9,0.09,2.03,1,0,0,13.6,0.27,1,3.0,quietly_struggling,0.603,False
STU_0256,9,5,0,0,0,12,61.9,1,0,0,55.8,71.0,-5.92,41.47,0,0,0,10.6,,0,,quietly_struggling,0.511,False
STU_0256,10,5,0,1,0,17,56.0,2,0,0,57.6,69.7,-6.59,44.49,0,0,0,11.4,0.1,0,2.0,quietly_struggling,0.438,False
STU_0256,11,5,0,0,0,17,58.5,2,4,0,55.7,68.4,-0.06,0.75,0,0,0,12.9,,0,,quietly_struggling,0.407,False
STU_0256,12,5,0,0,0,12,62.5,2,3,1,49.2,66.8,-4.2,12.92,0,0,0,12.8,0.18,0,2.0,quietly_struggling,0.32,False
STU_0256,13,5,0,1,0,24,57.9,2,0,0,62.6,66.5,3.46,30.02,0,0,0,9.1,,0,,quietly_struggling,0.264,True
STU_0256,14,5,0,0,0,17,25.2,2,1,0,39.0,64.5,-5.07,93.11,0,0,0,9.4,0.24,0,2.0,quietly_struggling,0.226,True
STU_0256,15,5,0,0,0,16,38.0,1,2,0,25.2,61.9,-18.7,238.43,0,0,0,9.1,,2,,quietly_struggling,0.192,True
STU_0256,16,5,0,2,0,13,46.3,2,0,0,33.0,60.1,-3.0,32.13,0,0,0,9.6,-0.76,0,1.0,quietly_struggling,0.106,True
STU_0257,1,5,0,0,0,14,89.7,2,1,1,78.8,78.8,0.0,0.0,0,0,0,11.9,,0,,quietly_struggling,0.784,False
STU_0257,2,5,0,0,0,18,86.5,2,0,1,75.3,77.1,-3.51,3.09,0,0,0,11.9,0.19,0,4.0,quietly_struggling,0.772,False
STU_0257,3,5,0,1,0,25,87.9,2,0,1,68.1,74.1,-5.37,19.97,0,0,0,10.4,,0,,quietly_struggling,0.698,False
STU_0257,4,5,0,0,0,14,70.4,1,0,0,69.5,72.9,-2.9,9.75,0,0,0,12.8,0.14,0,3.0,quietly_struggling,0.64,False
STU_0257,5,5,0,1,0,13,110.9,1,0,1,66.2,71.6,-0.94,1.84,0,0,0,10.3,,0,,quietly_struggling,0.605,False
STU_0257,6,5,0,0,0,17,77.6,2,0,0,78.4,72.7,4.46,26.73,1,0,0,10.7,0.07,0,5.0,quietly_struggling,0.559,False
STU_0257,7,5,0,1,0,19,69.1,1,0,0,67.4,72.0,0.6,30.37,0,0,0,13.6,,0,,quietly_struggling,0.511,False
STU_0257,8,5,0,0,0,19,67.8,1,2,0,75.5,72.4,-1.47,21.82,1,0,0,10.0,-0.33,0,3.0,quietly_struggling,0.466,False
STU_0257,9,5,0,0,0,13,54.8,2,1,0,62.7,71.3,-2.35,27.99,0,0,0,9.2,,0,,quietly_struggling,0.367,False
STU_0257,10,4,1,0,0,17,58.8,2,1,0,61.3,70.3,-7.1,40.87,0,0,0,13.3,-0.58,0,1.0,quietly_struggling,0.284,True
STU_0257,11,4,1,2,0,18,41.2,2,1,0,72.4,70.5,4.86,24.42,0,0,0,13.7,,2,,quietly_struggling,0.227,True
STU_0257,12,5,0,2,0,17,46.0,2,3,0,53.0,69.0,-4.15,63.28,0,0,0,9.4,-0.72,2,1.0,quietly_struggling,0.142,True
STU_0257,13,5,0,1,0,25,19.5,1,0,0,42.0,67.0,-15.21,158.25,0,0,0,12.0,,0,,quietly_struggling,0.071,True
STU_0257,14,5,0,0,0,12,27.0,2,0,0,45.4,65.4,-3.8,21.19,0,0,0,9.4,-1.0,2,1.0,quietly_struggling,0.02,True
STU_0257,15,5,0,1,0,17,38.7,1,1,0,30.7,63.1,-5.62,39.17,1,0,0,13.5,,0,,quietly_struggling,0.02,True
STU_0257,16,5,0,1,0,23,15.0,2,1,0,31.0,61.1,-7.18,46.76,0,0,0,9.6,-1.0,2,1.0,quietly_struggling,0.02,True
STU_0258,1,5,0,0,0,17,108.9,2,0,0,77.4,77.4,0.0,0.0,0,0,0,12.9,,0,,quietly_struggling,0.845,False
STU_0258,2,4,1,0,0,15,83.0,2,0,0,71.1,74.3,-6.27,9.83,0,0,0,10.8,0.71,0,5.0,quietly_struggling,0.752,False
STU_0258,3,5,0,0,0,18,70.9,2,0,0,74.0,74.2,-1.7,6.57,1,0,0,12.2,,0,,quietly_struggling,0.706,False
STU_0258,4,5,0,0,0,23,92.3,2,0,0,68.2,72.7,-1.47,5.64,0,0,0,12.8,0.41,0,3.0,quietly_struggling,0.686,False
STU_0258,5,5,0,0,0,10,66.2,1,0,0,79.0,74.0,2.5,19.51,1,0,0,13.4,,1,,quietly_struggling,0.615,False
STU_0258,6,5,0,1,0,18,53.8,2,1,0,65.9,72.6,-1.15,32.7,0,0,0,13.7,-0.01,0,3.0,quietly_struggling,0.531,False
STU_0258,7,5,0,0,0,17,66.2,2,0,0,73.6,72.8,-2.7,28.98,0,0,0,9.3,,1,,quietly_struggling,0.458,False
STU_0258,8,5,0,1,0,16,56.8,2,0,0,65.6,71.9,-0.14,13.71,0,0,0,10.2,0.28,0,3.0,quietly_struggling,0.394,False
STU_0258,9,5,0,0,0,3,33.4,1,2,0,68.1,71.4,-2.76,11.16,0,0,0,12.3,,0,,quietly_struggling,0.284,True
STU_0258,10,5,0,0,0,19,62.3,2,1,0,56.0,69.9,-4.82,27.25,0,0,0,9.8,-0.6,1,2.0,quietly_struggling,0.224,True
STU_0258,11,5,0,0,0,23,33.0,1,0,0,57.3,68.8,-5.39,29.36,0,0,0,13.1,,1,,quietly_struggling,0.186,True
STU_0258,12,5,0,0,0,16,21.1,1,1,0,50.3,67.2,-2.83,9.16,0,0,0,11.9,-0.88,1,2.0,quietly_struggling,0.112,True
STU_0258,13,4,1,0,0,16,19.9,1,0,0,59.0,66.6,0.87,14.18,0,0,0,12.9,,1,,quietly_struggling,0.029,True
STU_0258,14,4,1,1,0,21,35.8,2,2,0,50.4,65.4,0.06,16.64,0,0,0,10.4,-0.9,1,1.0,quietly_struggling,0.02,True
STU_0258,15,5,0,1,0,18,38.0,2,0,0,39.9,63.7,-9.59,61.56,1,0,0,11.0,,1,,quietly_struggling,0.02,True
STU_0258,16,5,0,0,0,16,39.1,2,2,0,36.4,62.0,-7.04,35.87,0,0,0,12.1,-1.0,2,2.0,quietly_struggling,0.02,True
STU_0259,1,5,0,0,0,14,86.1,2,0,0,67.6,67.6,0.0,0.0,0,0,0,12.5,,0,,quietly_struggling,0.771,False
STU_0259,2,5,0,1,0,13,90.5,2,0,0,77.5,72.5,9.86,24.31,0,0,0,10.7,0.55,0,5.0,quietly_struggling,0.721,False
STU_0259,3,5,0,0,0,23,69.8,2,1,1,70.0,71.7,1.22,17.59,1,0,0,10.7,,0,,quietly_struggling,0.69,False
STU_0259,4,4,1,1,0,12,76.6,2,0,0,74.5,72.4,-1.46,9.33,0,0,0,13.7,0.87,0,3.0,quietly_struggling,0.665,False
STU_0259,5,5,0,0,0,23,87.3,2,0,0,70.2,72.0,0.1,4.32,0,0,0,10.7,,0,,quietly_struggling,0.622,False
STU_0259,6,5,0,0,0,18,64.4,2,0,1,65.2,70.8,-4.64,14.4,0,0,0,11.2,0.23,0,4.0,quietly_struggling,0.558,False
STU_0259,7,5,0,1,0,15,57.0,1,1,0,71.6,71.0,0.7,7.5,0,0,0,10.1,,1,,quietly_struggling,0.508,False
STU_0259,8,5,0,0,0,17,62.2,1,1,0,68.0,70.6,1.39,6.82,0,0,0,9.7,0.0,0,3.0,quietly_struggling,0.472,False
STU_0259,9,5,0,0,0,14,43.0,2,1,1,78.3,71.4,3.33,18.02,0,0,0,10.5,,0,,quietly_struggling,0.448,False
STU_0259,10,5,0,0,0,23,69.6,2,0,0,59.8,70.3,-4.13,57.37,0,0,0,13.8,0.13,0,3.0,quietly_struggling,0.425,False
STU_0259,11,5,0,0,0,14,72.0,2,0,1,46.2,68.1,-16.04,172.92,0,0,0,10.1,,0,,quietly_struggling,0.397,False
STU_0259,12,5,0,0,0,21,20.1,1,0,0,48.1,66.4,-5.83,35.96,0,0,0,10.7,-0.38,0,1.0,quietly_struggling,0.332,True
STU_0259,13,5,0,0,0,21,62.2,1,2,1,42.5,64.6,-1.82,5.3,1,0,0,10.5,,2,,quietly_struggling,0.242,True
STU_0259,14,4,1,0,0,12,19.6,2,2,0,38.8,62.7,-4.66,14.64,0,0,0,11.4,-0.35,0,2.0,quietly_struggling,0.186,True
STU_0259,15,5,0,0,0,13,37.1,2,0,0,39.0,61.2,-1.75,2.95,0,0,0,10.9,,1,,quietly_struggling,0.095,True
STU_0259,16,5,0,0,0,20,56.4,1,1,0,42.9,60.0,2.05,3.51,0,0,0,10.3,-1.0,2,3.0,quietly_struggling,0.036,True
STU_0260,1,5,0,0,0,19,97.9,2,0,0,77.6,77.6,0.0,0.0,1,0,0,13.0,,0,,quietly_struggling,0.77,False
STU_0260,2,5,0,0,0,16,93.3,1,0,1,72.5,75.0,-5.09,6.47,0,0,0,9.3,-0.5,1,4.0,quietly_struggling,0.698,False
STU_0260,3,5,0,0,0,14,89.7,2,1,0,73.2,74.4,-2.18,5.05,1,0,0,12.3,,0,,quietly_struggling,0.717,False
STU_0260,4,5,0,0,0,20,85.5,2,1,0,78.2,75.4,2.87,6.54,0,0,0,10.3,0.34,0,3.0,quietly_struggling,0.695,False
STU_0260,5,5,0,0,0,12,92.6,2,0,0,71.7,74.6,-0.75,7.79,0,0,0,9.3,,0,,quietly_struggling,0.636,False
STU_0260,6,5,0,0,0,21,80.6,2,1,1,71.6,74.1,-3.3,9.57,2,0,0,14.0,0.04,1,4.0,quietly_struggling,0.617,False
STU_0260,7,5,0,0,0,15,91.9,1,0,0,68.4,73.3,-1.66,2.38,0,0,0,13.7,,1,,quietly_struggling,0.577,False
STU_0260,8,5,0,0,0,18,75.8,2,0,0,68.9,72.8,-1.39,2.04,0,0,0,13.6,0.6,0,5.0,quietly_struggling,0.523,False
STU_0260,9,5,0,0,0,16,65.2,1,1,0,61.2,71.5,-3.63,12.49,2,0,0,9.7,,0,,quietly_struggling,0.436,False
STU_0260,10,5,0,1,0,18,25.7,2,1,1,59.6,70.3,-4.65,16.5,0,0,0,10.8,0.13,1,2.0,quietly_struggling,0.317,False
STU_0260,11,5,0,1,0,14,30.3,2,1,0,50.6,68.5,-5.28,21.61,0,0,0,11.9,,0,,quietly_struggling,0.259,True
STU_0260,12,5,0,0,0,18,51.8,1,2,0,60.1,67.8,0.27,19.05,1,0,0,12.6,-0.88,0,2.0,quietly_struggling,0.22,True
STU_0260,13,5,0,1,0,14,42.3,1,2,0,40.3,65.7,-5.13,65.2,0,0,0,11.6,,1,,quietly_struggling,0.14,True
STU_0260,14,5,0,0,0,16,18.9,2,2,0,36.4,63.6,-11.87,107.82,1,0,0,12.1,-1.0,0,2.0,quietly_struggling,0.071,True
STU_0260,15,5,0,0,0,16,15.0,1,2,0,36.6,61.8,-1.86,3.29,0,0,0,11.4,,0,,quietly_struggling,0.02,True
STU_0260,16,5,0,2,0,13,15.0,2,0,0,27.9,59.7,-4.23,16.41,0,0,0,9.4,-1.0,1,1.0,quietly_struggling,0.02,True
STU_0261,1,5,0,1,0,24,68.2,1,0,1,73.9,73.9,0.0,0.0,1,0,0,12.9,,0,,quietly_struggling,0.8,False
STU_0261,2,4,1,1,0,18,92.8,1,0,0,75.1,74.5,1.15,0.33,0,0,0,11.0,0.75,1,4.0,quietly_struggling,0.754,False
STU_0261,3,5,0,0,0,14,92.9,2,0,2,76.1,75.1,1.1,0.8,0,0,0,12.9,,0,,quietly_struggling,0.797,False
STU_0261,4,5,0,0,0,19,77.2,1,0,0,72.8,74.5,-1.15,1.96,0,0,0,10.3,0.59,0,4.0,quietly_struggling,0.752,False
STU_0261,5,5,0,1,0,17,80.5,1,0,0,79.6,75.5,1.76,7.84,0,0,0,10.2,,0,,quietly_struggling,0.725,False
STU_0261,6,5,0,1,0,15,62.9,2,0,1,73.3,75.2,0.28,9.67,1,0,0,9.4,0.58,0,4.0,quietly_struggling,0.663,False
STU_0261,7,5,0,0,0,10,73.6,2,0,0,74.8,75.1,-2.43,7.25,0,0,0,12.1,,0,,quietly_struggling,0.602,False
STU_0261,8,5,0,1,0,23,46.3,1,1,1,67.0,74.1,-3.19,11.54,0,0,0,13.7,0.27,0,4.0,quietly_struggling,0.586,False
STU_0261,9,5,0,0,0,17,73.4,1,0,1,60.6,72.6,-7.08,33.56,0,0,0,9.3,,0,,quietly_struggling,0.524,False
STU_0261,10,5,0,0,0,20,67.4,1,0,0,57.6,71.1,-4.68,15.21,0,0,0,10.0,0.32,0,3.0,quietly_struggling,0.481,False
STU_0261,11,5,0,0,0,12,45.2,2,0,0,47.1,68.9,-6.76,33.64,0,0,0,9.3,,0,,quietly_struggling,0.434,False
STU_0261,12,5,0,0,0,16,45.6,2,1,1,47.1,67.1,-5.28,24.69,0,0,0,11.3,-0.15,0,2.0,quietly_struggling,0.381,False
STU_0261,13,4,1,0,0,12,28.6,1,1,0,49.8,65.8,1.36,1.67,0,0,0,12.8,,0,,quietly_struggling,0.3,True
STU_0261,14,5,0,0,0,12,69.4,2,1,0,35.6,63.6,-5.75,38.13,0,0,0,13.9,-0.15,0,2.0,quietly_struggling,0.207,True
STU_0261,15,5,0,0,0,16,59.3,1,1,0,36.1,61.8,-6.85,43.49,0,0,0,10.7,,1,,quietly_struggling,0.146,True
STU_0261,16,4,1,1,0,18,46.5,2,1,0,34.1,60.0,-0.73,0.73,0,0,0,14.0,-0.75,0,1.0,quietly_struggling,0.076,True
STU_0262,1,5,0,0,0,19,88.6,2,0,0,76.0,76.0,0.0,0.0,0,0,0,9.7,,0,,quietly_struggling,0.778,False
STU_0262,2,5,0,0,0,17,83.5,1,0,0,74.1,75.0,-1.91,0.91,0,0,0,9.2,1.0,0,4.0,quietly_struggling,0.744,False
STU_0262,3,5,0,0,0,20,52.4,1,0,0,78.5,76.2,1.24,3.22,0,0,0,13.1,,0,,quietly_struggling,0.672,False
STU_0262,4,4,1,0,0,17,73.8,1,0,0,72.3,75.2,-0.88,6.69,0,0,0,12.9,-0.34,0,4.0,quietly_struggling,0.616,False
STU_0262,5,5,0,1,0,23,99.0,2,1,0,74.0,75.0,-2.26,6.77,0,0,0,9.8,,0,,quietly_struggling,0.546,False
STU_0262,6,5,0,0,0,20,67.3,1,0,0,75.6,75.1,1.63,1.76,1,0,0,9.3,-0.05,1,3.0,quietly_struggling,0.501,False
STU_0262,7,5,0,0,0,27,50.3,1,2,0,71.7,74.6,-1.14,2.56,1,0,0,11.9,,1,,quietly_struggling,0.424,False
STU_0262,8,5,0,1,0,25,48.2,2,0,0,68.4,73.8,-3.58,8.58,0,0,0,11.3,-0.42,1,4.0,quietly_struggling,0.404,False
STU_0262,9,4,1,0,0,6,64.0,2,0,0,58.9,72.2,-6.4,29.51,0,0,0,11.8,,1,,quietly_struggling,0.341,False
STU_0262,10,4,1,1,0,20,15.0,2,0,0,67.2,71.7,-0.62,17.95,0,0,0,10.4,-0.81,0,1.0,quietly_struggling,0.271,True
STU_0262,11,4,1,0,0,23,44.0,2,0,0,54.2,70.1,-2.35,28.88,1,0,0,13.3,,2,,quietly_struggling,0.225,True
STU_0262,12,5,0,0,0,10,44.9,1,0,0,41.7,67.7,-12.74,108.24,0,0,0,9.1,0.1,2,1.0,quietly_struggling,0.175,True
STU_0262,13,5,0,0,0,19,37.9,1,0,0,39.8,65.6,-7.2,40.78,0,0,0,9.0,,1,,quietly_struggling,0.095,True
STU_0262,14,5,0,0,0,23,26.1,2,1,0,42.0,63.9,0.16,0.98,0,0,0,12.3,-0.83,0,1.0,quietly_struggling,0.02,True
STU_0262,15,5,0,0,0,14,34.1,2,0,0,47.9,62.8,4.08,11.85,0,0,0,12.1,,2,,quietly_struggling,0.02,True
STU_0262,16,5,0,2,0,14,15.0,2,2,0,31.5,60.8,-5.26,46.23,0,0,0,12.2,-1.0,1,1.0,quietly_struggling,0.02,True
STU_0263,1,5,0,2,0,14,95.7,2,0,0,68.0,68.0,0.0,0.0,0,0,0,12.7,,0,,quietly_struggling,0.74,False
STU_0263,2,5,0,1,0,21,96.5,2,0,0,73.7,70.8,5.71,8.15,0,0,0,10.5,0.4,0,5.0,quietly_struggling,0.686,False
STU_0263,3,5,0,0,0,18,65.1,2,0,0,77.8,73.2,4.94,16.4,0,0,0,9.7,,0,,quietly_struggling,0.601,False
STU_0263,4,5,0,1,0,24,76.3,2,1,0,69.5,72.2,-2.08,11.58,0,0,0,9.8,-0.12,0,3.0,quietly_struggling,0.582,False
STU_0263,5,4,1,1,0,16,34.8,2,1,0,68.4,71.5,-4.72,17.77,0,0,0,12.3,,0,,quietly_struggling,0.534,False
STU_0263,6,5,0,2,0,23,56.4,2,1,1,64.3,70.3,-2.61,5.03,0,0,0,9.1,-0.32,0,3.0,quietly_struggling,0.513,False
STU_0263,7,5,0,0,0,18,89.3,2,0,0,62.3,69.1,-3.06,6.5,0,0,0,12.2,,0,,quietly_struggling,0.468,False
STU_0263,8,4,1,0,0,22,54.5,2,1,1,67.6,68.9,1.66,4.84,0,0,0,9.4,0.25,0,3.0,quietly_struggling,0.433,False
STU_0263,9,5,0,1,0,12,72.1,1,0,0,56.5,67.6,-2.87,20.46,0,0,0,12.0,,0,,quietly_struggling,0.339,False
STU_0263,10,5,0,1,0,19,51.8,2,2,0,59.0,66.7,-4.3,22.55,0,0,0,11.3,0.11,0,3.0,quietly_struggling,0.236,True
STU_0263,11,5,0,0,0,18,28.6,1,0,0,53.3,65.5,-1.6,5.39,0,0,0,13.7,,2,,quietly_struggling,0.199,True
STU_0263,12,4,1,2,0,15,15.6,2,1,0,52.3,64.4,-3.33,8.62,2,0,0,12.5,-0.55,0,3.0,quietly_struggling,0.067,True
STU_0263,13,5,0,0,0,14,23.3,2,0,0,46.5,63.0,-3.42,9.14,0,0,0,12.5,,0,,quietly_struggling,0.085,True
STU_0263,14,5,0,1,0,14,21.5,2,1,0,35.5,61.0,-8.39,48.38,0,0,0,12.1,-0.63,2,2.0,quietly_struggling,0.02,True
STU_0263,15,5,0,0,0,18,46.2,2,2,0,40.6,59.7,-2.96,19.94,0,0,0,11.9,,0,,quietly_struggling,0.02,True
STU_0263,16,5,0,0,0,20,16.2,1,1,0,36.9,58.3,0.66,4.51,0,0,0,13.1,-1.0,1,1.0,quietly_struggling,0.02,True
STU_0264,1,5,0,0,0,15,123.2,2,0,1,75.7,75.7,0.0,0.0,0,0,0,13.5,,0,,quietly_struggling,0.809,False
STU_0264,2,5,0,2,0,17,49.2,2,0,0,71.2,73.5,-4.48,5.01,0,0,0,11.4,0.29,0,4.0,quietly_struggling,0.751,False
STU_0264,3,5,0,2,0,21,80.5,1,1,1,75.6,74.2,-0.06,4.34,0,0,0,10.6,,0,,quietly_struggling,0.665,False
STU_0264,4,5,0,0,0,14,63.7,1,0,0,82.7,76.3,5.71,22.15,0,0,0,13.8,1.0,0,4.0,quietly_struggling,0.646,False
STU_0264,5,5,0,2,0,21,92.1,2,1,0,63.5,73.7,-6.04,62.49,0,0,0,9.0,,1,,quietly_struggling,0.636,False
STU_0264,6,5,0,0,0,18,58.8,2,0,1,62.3,71.8,-10.19,87.05,1,0,0,11.5,-0.02,0,4.0,quietly_struggling,0.559,False
STU_0264,7,5,0,0,0,19,58.2,2,1,1,68.6,71.4,2.52,7.39,0,0,0,11.4,,0,,quietly_struggling,0.45,False
STU_0264,8,5,0,0,0,21,83.8,2,1,0,66.4,70.7,2.06,6.79,0,0,0,9.9,0.12,1,3.0,quietly_struggling,0.362,False
STU_0264,9,4,1,0,0,13,26.4,1,1,0,70.6,70.7,1.04,3.0,0,0,0,12.9,,0,,quietly_struggling,0.264,True
STU_0264,10,5,0,0,0,20,48.3,2,1,0,43.2,68.0,-11.6,145.55,2,0,0,13.9,0.23,2,1.0,quietly_struggling,0.163,True
STU_0264,11,5,0,1,0,15,39.6,2,0,0,57.6,67.0,-6.51,125.68,0,0,0,10.1,,0,,quietly_struggling,0.067,True
STU_0264,12,5,0,0,0,17,17.2,2,1,0,62.2,66.6,9.49,65.43,0,0,0,11.4,-1.0,0,1.0,quietly_struggling,0.02,True
STU_0264,13,5,0,0,0,25,15.0,2,1,0,51.8,65.5,-2.91,17.98,1,0,0,12.2,,2,,quietly_struggling,0.02,True
STU_0264,14,5,0,2,0,19,18.3,2,1,0,30.0,63.0,-16.1,180.18,0,0,0,10.3,-0.43,1,1.0,quietly_struggling,0.02,True
STU_0264,15,5,0,0,0,16,23.6,1,0,0,32.1,60.9,-9.85,96.65,0,0,0,12.7,,0,,quietly_struggling,0.02,True
STU_0264,16,5,0,0,0,14,15.0,2,0,0,27.0,58.8,-1.49,4.41,0,0,0,14.0,-0.89,1,1.0,quietly_struggling,0.02,True
STU_0265,1,5,0,2,0,21,88.7,1,0,0,78.2,78.2,0.0,0.0,0,0,0,10.2,,0,,quietly_struggling,0.815,False
STU_0265,2,5,0,0,0,14,85.0,1,0,0,74.9,76.5,-3.32,2.76,0,0,0,10.3,0.35,0,5.0,quietly_struggling,0.762,False
STU_0265,3,5,0,0,0,14,86.4,2,0,0,73.5,75.5,-2.35,3.89,0,0,0,13.7,,0,,quietly_struggling,0.698,False
STU_0265,4,5,0,0,0,18,83.2,2,0,0,68.6,73.8,-3.13,7.19,0,0,0,13.7,0.55,0,4.0,quietly_struggling,0.685,False
STU_0265,5,5,0,2,0,12,78.8,2,0,0,70.1,73.0,-1.69,4.17,0,0,0,9.3,,0,,quietly_struggling,0.654,False
STU_0265,6,4,1,0,0,21,63.5,2,1,0,66.1,71.9,-1.23,2.66,0,0,0,12.6,0.72,0,3.0,quietly_struggling,0.63,False
STU_0265,7,5,0,1,0,18,92.2,2,0,0,75.6,72.4,2.75,15.0,0,0,0,11.0,,0,,quietly_struggling,0.556,False
STU_0265,8,4,1,0,0,18,48.7,2,0,0,66.2,71.6,0.02,19.75,0,0,0,13.2,0.66,0,4.0,quietly_struggling,0.473,False
STU_0265,9,5,0,0,0,15,37.8,2,0,0,60.1,70.4,-7.72,40.37,0,0,0,9.4,,0,,quietly_struggling,0.388,False
STU_0265,10,5,0,0,0,11,43.0,1,1,0,64.0,69.7,-1.09,6.22,0,0,0,9.9,-0.6,0,2.0,quietly_struggling,0.328,True
STU_0265,11,5,0,0,0,23,47.0,2,0,0,55.1,68.4,-2.53,13.3,0,0,0,11.7,,0,,quietly_struggling,0.261,True
STU_0265,12,5,0,0,0,18,74.8,1,1,0,54.2,67.2,-4.89,19.52,0,0,0,13.9,-0.7,1,3.0,quietly_struggling,0.203,True
STU_0265,13,5,0,1,0,16,22.8,1,2,0,40.3,65.1,-7.41,46.12,1,0,0,9.6,,1,,quietly_struggling,0.104,True
STU_0265,14,5,0,0,0,15,36.5,1,2,0,37.1,63.1,-8.57,55.39,0,0,0,13.5,-0.62,0,1.0,quietly_struggling,0.061,True
STU_0265,15,5,0,1,0,11,23.2,2,1,0,34.8,61.3,-2.71,4.95,1,0,0,13.9,,0,,quietly_struggling,0.045,True
STU_0265,16,5,0,2,0,16,15.0,2,1,0,49.4,60.5,6.16,40.98,0,0,0,10.7,-0.65,1,1.0,quietly_struggling,0.02,True
STU_0266,1,5,0,1,0,14,87.3,2,1,0,80.0,80.0,0.0,0.0,0,0,0,10.8,,0,,quietly_struggling,0.654,False
STU_0266,2,5,0,0,0,23,68.6,2,2,0,67.6,73.8,-12.37,38.27,0,0,0,10.5,-0.45,0,4.0,quietly_struggling,0.633,False
STU_0266,3,5,0,0,0,18,90.1,2,2,0,75.6,74.4,-2.19,26.23,0,0,0,9.9,,0,,quietly_struggling,0.595,False
STU_0266,4,4,1,0,0,19,51.8,1,0,0,75.4,74.7,3.87,13.76,0,0,0,9.8,0.45,0,2.0,quietly_struggling,0.56,False
STU_0266,5,5,0,0,0,17,66.0,2,2,1,69.1,73.6,-3.26,9.1,0,0,0,9.6,,0,,quietly_struggling,0.483,False
STU_0266,6,5,0,0,0,14,71.9,2,2,1,66.6,72.4,-4.4,13.67,0,0,0,11.2,-0.91,1,3.0,quietly_struggling,0.385,False
STU_0266,7,5,0,0,0,19,58.9,1,2,0,79.5,73.4,5.21,31.33,0,0,0,13.4,,1,,quietly_struggling,0.313,True
STU_0266,8,5,0,0,0,17,35.7,2,1,0,65.5,72.4,-0.56,40.64,0,0,0,12.9,-0.98,1,3.0,quietly_struggling,0.286,True
STU_0266,9,4,1,0,0,14,46.3,2,1,0,59.5,71.0,-10.02,70.59,0,0,0,13.0,,0,,quietly_struggling,0.217,True
STU_0266,10,5,0,0,0,17,36.0,2,0,0,55.5,69.4,-4.99,16.81,0,0,0,14.0,-0.35,0,1.0,quietly_struggling,0.13,True
STU_0266,11,4,1,0,0,13,40.5,2,2,0,54.5,68.1,-2.51,4.67,1,0,0,11.4,,2,,quietly_struggling,0.06,True
STU_0266,12,5,0,0,0,17,41.4,2,1,0,48.0,66.4,-3.74,10.93,1,0,0,11.9,-0.14,2,1.0,quietly_struggling,0.024,True
STU_0266,13,5,0,1,0,24,31.2,2,0,0,48.7,65.0,-2.87,8.32,1,0,0,9.8,,0,,quietly_struggling,0.02,True
STU_0266,14,4,1,0,0,25,20.7,2,0,0,37.4,63.1,-5.33,26.93,2,0,0,13.7,-0.49,1,1.0,quietly_struggling,0.02,True
STU_0266,15,5,0,0,0,18,42.4,2,0,0,31.8,61.0,-8.44,49.39,1,0,0,9.3,,1,,quietly_struggling,0.02,True
STU_0266,16,5,0,0,0,19,15.0,1,1,0,24.4,58.7,-6.51,28.47,0,0,0,12.7,-1.0,1,1.0,quietly_struggling,0.02,True
STU_0267,1,5,0,0,0,19,98.4,2,0,0,75.7,75.7,0.0,0.0,0,0,0,9.7,,0,,quietly_struggling,0.795,False
STU_0267,2,5,0,0,0,22,68.2,2,0,0,70.8,73.2,-4.93,6.07,0,0,0,12.1,1.0,0,5.0,quietly_struggling,0.759,False
STU_0267,3,4,1,0,0,16,94.8,1,1,0,72.1,72.9,-1.78,4.32,1,0,0,13.0,,0,,quietly_struggling,0.713,False
STU_0267,4,5,0,0,0,17,69.1,2,0,0,74.5,73.3,1.87,2.39,0,0,0,13.9,1.0,0,3.0,quietly_struggling,0.661,False
STU_0267,5,5,0,2,0,20,71.8,2,1,0,71.5,72.9,-0.31,1.67,1,0,0,13.0,,0,,quietly_struggling,0.603,False
STU_0267,6,5,0,0,0,13,76.4,2,0,1,68.1,72.1,-3.21,6.87,1,0,0,11.1,-0.01,0,3.0,quietly_struggling,0.539,False
STU_0267,7,4,1,0,0,17,82.0,1,0,0,66.5,71.3,-2.51,4.38,0,0,0,13.6,,1,,quietly_struggling,0.458,False
STU_0267,8,5,0,0,0,15,45.6,1,0,0,66.0,70.6,-1.03,0.78,0,0,0,11.5,-0.12,0,3.0,quietly_struggling,0.423,False
STU_0267,9,5,0,2,0,17,51.0,1,0,0,70.2,70.6,1.84,3.45,0,0,0,10.2,,0,,quietly_struggling,0.359,False
STU_0267,10,4,1,1,0,14,33.7,2,2,0,54.2,68.9,-5.93,46.02,0,0,0,10.2,-0.58,0,3.0,quietly_struggling,0.33,True
STU_0267,11,5,0,0,0,19,64.3,1,0,0,53.3,67.5,-8.43,60.11,0,0,0,11.4,,2,,quietly_struggling,0.248,True
STU_0267,12,5,0,2,0,20,44.9,2,1,0,46.3,65.8,-3.93,12.39,0,0,0,13.7,-0.47,0,2.0,quietly_struggling,0.185,True
STU_0267,13,5,0,0,0,27,54.2,2,3,0,50.0,64.5,-1.66,8.2,0,0,0,13.1,,2,,quietly_struggling,0.14,True
STU_0267,14,5,0,0,0,26,45.9,1,2,0,38.8,62.7,-3.74,21.61,0,0,0,12.2,-0.47,2,2.0,quietly_struggling,0.12,True
STU_0267,15,5,0,1,0,11,37.4,2,3,0,23.9,60.1,-13.07,114.75,0,0,0,12.9,,0,,quietly_struggling,0.086,True
STU_0267,16,4,1,0,0,14,66.1,1,3,0,30.0,58.2,-4.43,37.77,1,0,0,11.8,-0.65,1,1.0,quietly_struggling,0.02,True
STU_0268,1,5,0,0,0,16,95.9,2,0,0,73.6,73.6,0.0,0.0,0,0,0,10.4,,0,,quietly_struggling,0.804,False
STU_0268,2,5,0,0,0,19,48.8,1,0,0,76.0,74.8,2.46,1.51,0,0,0,13.4,0.96,0,4.0,quietly_struggling,0.779,False
STU_0268,3,5,0,0,0,16,83.4,2,1,0,73.6,74.4,-0.01,1.35,0,0,0,12.9,,0,,quietly_struggling,0.745,False
STU_0268,4,5,0,0,0,25,100.9,1,2,0,78.3,75.4,1.13,3.72,1,0,0,13.8,0.58,0,4.0,quietly_struggling,0.704,False
STU_0268,5,5,0,1,0,20,93.0,2,0,1,68.2,73.9,-2.66,16.82,0,0,0,10.9,,0,,quietly_struggling,0.678,False
STU_0268,6,5,0,0,0,20,42.4,2,1,0,72.0,73.6,-3.15,17.16,0,0,0,13.2,0.9,0,3.0,quietly_struggling,0.589,False
STU_0268,7,5,0,1,0,13,87.6,1,1,1,72.4,73.4,2.1,3.53,0,0,0,11.9,,1,,quietly_struggling,0.543,False
STU_0268,8,5,0,0,0,16,56.6,2,2,0,69.7,73.0,-1.15,1.45,1,0,0,12.6,-0.29,0,3.0,quietly_struggling,0.491,False
STU_0268,9,4,1,0,0,24,57.1,2,0,0,63.7,71.9,-4.38,13.36,0,0,0,9.3,,0,,quietly_struggling,0.433,False
STU_0268,10,4,1,0,0,19,45.4,2,1,0,63.4,71.1,-3.13,8.36,0,0,0,11.7,-1.0,0,3.0,quietly_struggling,0.389,False
STU_0268,11,4,1,1,0,22,29.2,1,1,0,60.6,70.1,-1.56,2.0,1,0,0,10.4,,0,,quietly_struggling,0.317,True
STU_0268,12,5,0,0,0,13,49.7,2,1,0,47.5,68.3,-7.95,47.88,0,0,0,9.3,-0.4,2,1.0,quietly_struggling,0.246,True
STU_0268,13,5,0,2,0,16,30.9,1,3,0,41.8,66.2,-9.38,61.59,2,0,0,10.3,,1,,quietly_struggling,0.183,True
STU_0268,14,5,0,0,0,21,25.8,1,0,0,40.1,64.4,-3.73,10.14,1,0,0,11.7,-0.58,0,2.0,quietly_struggling,0.096,True
STU_0268,15,5,0,0,0,17,18.1,1,2,0,37.2,62.5,-2.32,3.68,1,0,0,13.9,,1,,quietly_struggling,0.02,True
STU_0268,16,5,0,0,0,16,19.0,2,1,0,34.3,60.8,-2.88,5.51,0,0,0,10.2,-1.0,0,1.0,quietly_struggling,0.02,True
STU_0269,1,5,0,0,0,18,79.8,2,0,0,76.1,76.1,0.0,0.0,0,0,0,13.3,,0,,quietly_struggling,0.788,False
STU_0269,2,5,0,1,0,17,72.7,1,0,1,74.9,75.5,-1.24,0.39,1,0,0,11.0,0.29,1,3.0,quietly_struggling,0.791,False
STU_0269,3,5,0,0,0,9,73.9,1,0,0,65.2,72.0,-5.47,23.92,0,0,0,12.6,,0,,quietly_struggling,0.759,False
STU_0269,4,5,0,0,0,21,106.3,1,0,0,73.5,72.4,-0.68,18.39,0,0,0,9.7,0.44,0,4.0,quietly_struggling,0.757,False
STU_0269,5,5,0,0,0,21,64.2,2,0,1,74.7,72.9,4.78,18.05,0,0,0,10.4,,0,,quietly_struggling,0.745,False
STU_0269,6,5,0,0,0,18,76.1,2,0,0,67.2,71.9,-3.13,10.74,1,0,0,13.8,1.0,0,3.0,quietly_struggling,0.696,False
STU_0269,7,5,0,0,0,18,63.1,2,0,0,59.9,70.2,-7.39,36.38,0,0,0,13.4,,0,,quietly_struggling,0.626,False
STU_0269,8,5,0,2,0,25,81.4,2,2,0,60.5,69.0,-3.38,11.04,0,0,0,10.7,0.21,0,3.0,quietly_struggling,0.572,False
STU_0269,9,5,0,0,0,16,68.2,2,0,0,68.5,68.9,4.27,15.23,1,0,0,13.5,,0,,quietly_struggling,0.502,False
STU_0269,10,5,0,0,0,20,54.1,1,4,0,56.3,67.7,-2.07,25.4,0,0,0,10.2,-0.19,0,3.0,quietly_struggling,0.429,False
STU_0269,11,5,0,0,0,16,39.2,2,1,0,54.4,66.5,-7.02,38.72,0,0,0,12.2,,0,,quietly_struggling,0.357,False
STU_0269,12,5,0,1,0,18,63.0,1,3,0,54.1,65.4,-1.12,0.97,1,0,0,10.2,-0.06,0,3.0,quietly_struggling,0.335,True
STU_0269,13,5,0,0,0,14,57.9,2,2,0,34.9,63.1,-9.76,83.24,0,0,0,10.1,,0,,quietly_struggling,0.254,True
STU_0269,14,5,0,0,0,19,15.0,1,1,0,35.5,61.1,-9.32,79.57,0,0,0,11.2,-0.78,0,1.0,quietly_struggling,0.164,True
STU_0269,15,5,0,0,0,16,47.7,1,3,0,32.0,59.2,-1.44,2.27,0,0,0,12.6,,0,,quietly_struggling,0.165,True
STU_0269,16,5,0,0,0,16,35.3,2,3,0,23.5,56.9,-5.98,25.28,0,0,0,9.5,-1.0,0,1.0,quietly_struggling,0.119,True
STU_0270,1,5,0,0,0,12,83.3,2,0,0,78.1,78.1,0.0,0.0,0,0,0,9.8,,0,,quietly_struggling,0.595,False
STU_0270,2,5,0,1,0,15,68.4,1,2,0,79.5,78.8,1.43,0.51,0,0,0,9.1,-0.22,1,4.0,quietly_struggling,0.578,False
STU_0270,3,4,1,1,0,18,75.7,2,0,1,69.1,75.6,-4.48,21.14,0,0,0,12.2,,0,,quietly_struggling,0.579,False
STU_0270,4,5,0,0,0,21,76.6,1,0,0,67.7,73.6,-5.93,27.87,1,0,0,10.0,0.5,1,2.0,quietly_struggling,0.52,False
STU_0270,5,5,0,0,0,30,71.3,2,3,0,64.6,71.8,-2.25,3.51,0,0,0,9.1,,1,,quietly_struggling,0.456,False
STU_0270,6,5,0,1,0,16,76.7,2,1,0,73.0,72.0,2.68,12.01,0,0,0,13.2,-0.34,0,2.0,quietly_struggling,0.411,False
STU_0270,7,5,0,0,0,18,60.4,1,1,0,69.0,71.6,2.17,11.71,0,0,0,11.5,,0,,quietly_struggling,0.387,False
STU_0270,8,5,0,1,0,10,54.8,1,2,0,64.5,70.7,-4.27,12.19,0,0,0,12.9,-0.42,0,2.0,quietly_struggling,0.308,True
STU_0270,9,5,0,0,0,9,32.3,1,0,0,54.1,68.8,-7.45,38.9,0,0,0,11.2,,1,,quietly_struggling,0.258,True
STU_0270,10,5,0,0,0,12,45.9,1,1,0,53.3,67.3,-5.57,25.85,0,0,0,10.9,-0.21,0,3.0,quietly_struggling,0.205,True
STU_0270,11,5,0,1,0,12,56.3,2,1,0,57.8,66.4,1.85,3.79,0,0,0,10.3,,2,,quietly_struggling,0.151,True
STU_0270,12,4,1,0,0,21,56.3,2,1,0,52.0,65.2,-0.66,6.1,1,0,0,11.2,-1.0,1,1.0,quietly_struggling,0.119,True
STU_0270,13,5,0,0,0,13,41.2,1,4,0,39.5,63.2,-9.13,58.09,0,0,0,10.6,,0,,quietly_struggling,0.064,True
STU_0270,14,5,0,0,0,15,15.0,1,0,0,41.8,61.7,-5.12,29.53,0,0,0,10.3,-0.56,1,1.0,quietly_struggling,0.02,True
STU_0270,15,5,0,0,0,19,26.7,2,0,0,38.0,60.1,-0.78,2.45,0,0,0,12.9,,1,,quietly_struggling,0.02,True
STU_0270,16,4,1,0,0,13,52.4,1,2,0,32.9,58.4,-4.46,13.33,0,0,0,10.9,-1.0,1,2.0,quietly_struggling,0.02,True
STU_0271,1,5,0,0,0,18,101.8,2,2,0,76.1,76.1,0.0,0.0,0,0,0,11.5,,0,,quietly_struggling,0.761,False
STU_0271,2,5,0,0,0,26,74.7,2,0,0,76.4,76.3,0.36,0.03,0,0,0,9.5,0.73,0,5.0,quietly_struggling,0.725,False
STU_0271,3,4,1,0,0,18,76.0,1,0,0,75.7,76.1,-0.21,0.1,0,0,0,13.3,,0,,quietly_struggling,0.642,False
STU_0271,4,4,1,0,0,21,88.6,1,0,0,78.3,76.6,0.92,1.2,0,0,0,11.4,0.4,0,4.0,quietly_struggling,0.582,False
STU_0271,5,5,0,0,0,22,43.2,1,1,0,74.3,76.1,-0.67,2.7,0,0,0,13.0,,0,,quietly_struggling,0.508,False
STU_0271,6,5,0,0,0,21,41.9,1,0,0,72.8,75.6,-2.74,5.34,1,0,0,12.9,0.1,0,3.0,quietly_struggling,0.375,False
STU_0271,7,5,0,0,0,15,61.3,2,0,0,71.7,75.0,-1.31,1.15,0,0,0,13.1,,0,,quietly_struggling,0.324,True
STU_0271,8,5,0,0,0,15,48.5,2,1,1,70.6,74.5,-1.08,0.78,0,0,0,12.4,-0.47,1,4.0,quietly_struggling,0.244,True
STU_0271,9,5,0,0,0,26,59.0,1,2,0,53.9,72.2,-8.89,66.3,0,0,0,12.1,,0,,quietly_struggling,0.215,True
STU_0271,10,5,0,2,0,21,56.2,1,1,0,61.9,71.2,-4.35,46.58,0,0,0,11.4,-0.36,0,2.0,quietly_struggling,0.139,True
STU_0271,11,5,0,0,0,24,56.8,1,2,0,61.6,70.3,3.84,13.7,0,0,0,11.5,,2,,quietly_struggling,0.094,True
STU_0271,12,4,1,0,0,13,15.0,2,6,0,43.6,68.1,-9.15,73.12,0,0,0,12.2,-0.47,1,1.0,quietly_struggling,0.078,True
STU_0271,13,5,0,2,0,15,20.9,1,2,0,43.9,66.2,-8.85,70.76,0,0,0,13.8,,0,,quietly_struggling,0.02,True
STU_0271,14,5,0,0,0,9,61.0,1,1,0,41.4,64.4,-1.11,1.24,0,0,0,10.5,-0.94,0,2.0,quietly_struggling,0.022,True
STU_0271,15,5,0,0,0,21,40.2,2,2,0,30.7,62.2,-6.59,32.66,0,0,0,13.1,,0,,quietly_struggling,0.02,True
STU_0271,16,5,0,0,0,15,32.9,1,0,0,24.0,59.8,-8.71,51.44,0,0,0,13.7,-0.63,2,1.0,quietly_struggling,0.02,True
STU_0272,1,5,0,0,0,23,102.4,2,0,0,79.1,79.1,0.0,0.0,0,0,0,9.3,,0,,quietly_struggling,0.814,False
STU_0272,2,5,0,0,0,17,74.5,1,0,0,77.9,78.5,-1.2,0.36,1,0,0,11.1,0.28,0,4.0,quietly_struggling,0.743,False
STU_0272,3,5,0,0,0,19,99.7,2,0,0,72.5,76.5,-3.28,8.12,0,0,0,9.9,,0,,quietly_struggling,0.693,False
STU_0272,4,5,0,0,0,19,57.9,2,0,0,71.5,75.2,-3.17,7.76,1,0,0,12.9,0.93,0,4.0,quietly_struggling,0.676,False
STU_0272,5,5,0,1,0,16,67.8,2,0,0,77.5,75.7,2.51,6.94,0,0,0,11.7,,0,,quietly_struggling,0.666,False
STU_0272,6,4,1,1,0,24,87.6,2,0,0,71.9,75.1,0.17,7.62,0,0,0,9.1,0.58,0,4.0,quietly_struggling,0.629,False
STU_0272,7,5,0,0,0,12,55.3,1,3,0,74.4,75.0,-1.59,5.41,2,0,0,11.6,,0,,quietly_struggling,0.604,False
STU_0272,8,5,0,0,0,14,82.8,2,0,0,69.9,74.3,-0.96,3.3,0,0,0,12.3,0.46,0,3.0,quietly_struggling,0.57,False
STU_0272,9,5,0,1,0,18,93.4,2,0,0,57.8,72.5,-8.28,48.99,1,0,0,10.5,,0,,quietly_struggling,0.573,False
STU_0272,10,4,1,1,0,18,27.8,1,1,0,55.5,70.8,-7.23,40.2,0,0,0,11.5,0.04,0,3.0,quietly_struggling,0.435,False
STU_0272,11,5,0,0,0,17,70.0,2,3,0,53.8,69.3,-1.99,2.66,0,0,0,12.5,,0,,quietly_struggling,0.356,False
STU_0272,12,5,0,1,0,14,38.9,1,2,0,42.8,67.0,-6.34,31.74,0,0,0,9.2,-0.22,0,1.0,quietly_struggling,0.289,True
STU_0272,13,5,0,0,0,20,43.5,1,1,0,46.8,65.5,-3.51,20.86,1,0,0,11.3,,0,,quietly_struggling,0.24,True
STU_0272,14,5,0,0,0,17,21.8,1,1,1,33.9,63.2,-4.46,29.3,0,0,0,10.3,-0.62,1,2.0,quietly_struggling,0.172,True
STU_0272,15,5,0,0,0,18,18.9,1,4,0,33.3,61.2,-6.76,39.01,0,0,0,11.7,,2,,quietly_struggling,0.081,True
STU_0272,16,5,0,0,0,19,40.4,2,2,0,43.4,60.1,4.75,21.37,0,0,0,9.8,-0.49,2,1.0,quietly_struggling,0.02,True
STU_0273,1,5,0,0,0,12,67.1,2,1,1,79.9,79.9,0.0,0.0,1,0,0,13.3,,0,,quietly_struggling,0.728,False
STU_0273,2,5,0,0,0,20,63.4,2,1,0,81.6,80.8,1.64,0.67,0,0,0,12.0,0.31,0,3.0,quietly_struggling,0.708,False
STU_0273,3,5,0,0,0,19,70.0,2,1,0,76.8,79.5,-1.55,3.87,0,0,0,13.0,,0,,quietly_struggling,0.672,False
STU_0273,4,5,0,0,0,13,78.0,1,0,0,73.2,77.9,-4.21,11.88,0,0,0,12.7,1.0,0,4.0,quietly_struggling,0.659,False
STU_0273,5,5,0,1,0,14,93.4,2,0,0,81.2,78.5,2.19,10.82,0,0,0,13.2,,0,,quietly_struggling,0.665,False
STU_0273,6,5,0,0,0,23,50.3,2,2,0,71.7,77.4,-0.73,17.45,0,0,0,13.4,0.12,1,4.0,quietly_struggling,0.587,False
STU_0273,7,5,0,2,0,14,90.4,1,0,0,67.2,76.0,-6.99,33.96,0,0,0,9.7,,1,,quietly_struggling,0.56,False
STU_0273,8,5,0,0,0,17,76.6,2,1,0,65.7,74.7,-3.01,6.53,0,0,0,9.7,0.49,1,4.0,quietly_struggling,0.477,False
STU_0273,9,5,0,0,0,20,52.9,1,1,0,67.9,73.9,0.32,0.85,0,0,0,9.2,,1,,quietly_struggling,0.456,False
STU_0273,10,4,1,0,0,16,50.7,1,2,0,59.8,72.5,-2.93,11.54,0,0,0,9.4,0.15,0,3.0,quietly_struggling,0.405,False
STU_0273,11,5,0,1,0,15,80.3,1,1,0,54.6,70.9,-6.65,29.89,0,0,0,11.9,,0,,quietly_struggling,0.328,False
STU_0273,12,5,0,0,0,19,23.9,1,0,0,65.3,70.4,2.73,19.14,0,0,0,11.2,0.41,0,2.0,quietly_struggling,0.256,True
STU_0273,13,5,0,0,0,17,41.2,2,0,0,38.6,68.0,-7.97,120.0,0,0,0,10.5,,0,,quietly_struggling,0.151,True
STU_0273,14,5,0,0,0,20,21.9,2,0,0,51.8,66.8,-6.76,118.49,1,0,0,12.4,-0.99,0,1.0,quietly_struggling,0.113,True
STU_0273,15,5,0,0,0,22,41.1,1,1,0,30.8,64.4,-3.92,74.93,0,0,0,13.2,,1,,quietly_struggling,0.045,True
STU_0273,16,5,0,0,0,14,35.0,2,4,0,21.3,61.7,-15.23,162.06,0,0,0,13.9,-0.76,0,1.0,quietly_struggling,0.02,True
STU_0274,1,4,1,0,0,19,93.2,1,0,0,77.6,77.6,0.0,0.0,0,0,0,12.7,,0,,quietly_struggling,0.702,False
STU_0274,2,4,1,0,0,20,52.9,2,0,1,73.8,75.7,-3.78,3.57,0,0,0,9.6,0.32,0,2.0,quietly_struggling,0.667,False
STU_0274,3,5,0,2,0,15,74.8,2,0,0,73.6,75.0,-2.0,3.37,0,0,0,11.8,,0,,quietly_struggling,0.654,False
STU_0274,4,5,0,1,0,24,96.1,2,1,0,74.9,75.0,0.53,0.31,0,0,0,12.5,0.24,0,3.0,quietly_struggling,0.599,False
STU_0274,5,4,1,0,0,17,67.8,1,0,0,71.4,74.3,-1.13,2.13,0,0,0,9.6,,0,,quietly_struggling,0.555,False
STU_0274,6,5,0,0,0,20,70.3,2,0,0,61.3,72.1,-6.81,33.28,0,0,0,10.4,0.23,1,2.0,quietly_struggling,0.481,False
STU_0274,7,5,0,0,0,21,69.6,1,1,1,74.2,72.4,1.43,30.85,0,0,0,9.8,,0,,quietly_struggling,0.435,False
STU_0274,8,5,0,1,0,23,92.0,2,0,0,71.9,72.3,5.31,31.75,0,0,0,13.9,0.35,0,3.0,quietly_struggling,0.376,False
STU_0274,9,5,0,0,0,19,38.7,2,3,0,61.7,71.2,-6.25,29.42,0,0,0,10.8,,0,,quietly_struggling,0.282,True
STU_0274,10,5,0,2,0,10,17.6,1,0,0,56.2,69.7,-7.85,42.29,0,0,0,13.8,0.15,1,3.0,quietly_struggling,0.235,True
STU_0274,11,5,0,2,0,20,35.5,1,1,0,64.1,69.2,1.2,11.09,0,0,0,9.3,,1,,quietly_struggling,0.166,True
STU_0274,12,4,1,0,0,20,36.7,2,0,0,42.5,66.9,-6.82,79.5,0,0,0,12.7,-0.6,1,2.0,quietly_struggling,0.182,True
STU_0274,13,5,0,0,0,17,52.9,2,2,0,36.3,64.6,-13.93,142.48,0,0,0,11.3,,2,,quietly_struggling,0.116,True
STU_0274,14,5,0,1,0,16,40.8,2,0,1,41.3,62.9,-0.62,7.37,0,0,0,9.6,-0.76,1,1.0,quietly_struggling,0.095,True
STU_0274,15,5,0,0,0,15,18.7,2,0,0,31.7,60.8,-2.26,15.29,0,0,0,11.6,,1,,quietly_struggling,0.02,True
STU_0274,16,5,0,0,0,14,15.0,1,2,0,33.6,59.1,-3.85,17.15,0,0,0,9.5,-0.74,1,2.0,quietly_struggling,0.02,True
STU_0275,1,5,0,0,0,17,92.8,2,0,0,77.4,77.4,0.0,0.0,0,0,0,10.9,,0,,quietly_struggling,0.727,False
STU_0275,2,5,0,0,0,12,86.8,1,0,0,78.1,77.8,0.68,0.11,0,0,0,12.3,0.58,0,3.0,quietly_struggling,0.735,False
STU_0275,3,5,0,0,0,18,67.5,1,0,2,73.1,76.2,-2.17,4.96,0,0,0,9.4,,0,,quietly_struggling,0.672,False
STU_0275,4,5,0,0,0,11,62.6,2,1,0,75.8,76.1,-1.17,4.22,1,0,0,10.5,0.47,0,4.0,quietly_struggling,0.61,False
STU_0275,5,5,0,0,0,19,85.1,2,0,1,72.3,75.3,-0.39,2.2,0,0,0,12.2,,0,,quietly_struggling,0.576,False
STU_0275,6,5,0,1,0,19,75.7,2,0,1,73.0,75.0,-1.37,2.22,0,0,0,9.1,-0.28,0,3.0,quietly_struggling,0.61,False
STU_0275,7,5,0,0,0,21,98.5,2,0,0,62.6,73.2,-4.87,22.82,1,0,0,9.1,,0,,quietly_struggling,0.543,False
STU_0275,8,5,0,1,0,9,59.7,2,3,0,66.8,72.4,-3.11,18.52,0,0,0,13.6,-0.0,1,4.0,quietly_struggling,0.469,False
STU_0275,9,4,1,1,0,21,63.1,1,1,0,66.9,71.8,2.17,4.11,0,0,0,13.7,,0,,quietly_struggling,0.37,False
STU_0275,10,5,0,0,0,20,56.4,2,0,0,64.5,71.1,-1.14,1.19,0,0,0,9.6,-0.36,0,3.0,quietly_struggling,0.363,True
STU_0275,11,5,0,0,0,15,49.6,2,0,0,46.1,68.8,-10.4,86.47,1,0,0,10.9,,0,,quietly_struggling,0.266,True
STU_0275,12,5,0,0,0,13,34.0,2,0,0,44.2,66.7,-10.16,84.1,0,0,0,12.3,-0.88,2,2.0,quietly_struggling,0.202,True
STU_0275,13,5,0,0,0,18,25.4,2,0,0,39.2,64.6,-3.46,8.51,0,0,0,11.1,,1,,quietly_struggling,0.173,True
STU_0275,14,5,0,0,0,13,31.4,1,1,0,55.7,64.0,5.73,47.55,0,0,0,10.1,-0.54,1,2.0,quietly_struggling,0.096,True
STU_0275,15,5,0,1,0,16,47.1,2,1,0,24.2,61.3,-7.5,165.18,0,0,0,9.7,,0,,quietly_struggling,0.02,True
STU_0275,16,4,1,0,0,19,15.0,2,2,0,25.9,59.1,-14.89,208.95,0,0,0,13.8,-0.78,1,1.0,quietly_struggling,0.02,True
STU_0276,1,5,0,0,0,21,105.3,2,0,1,79.1,79.1,0.0,0.0,0,0,0,12.7,,0,,quietly_struggling,0.782,False
STU_0276,2,5,0,0,0,13,78.8,2,0,1,75.6,77.4,-3.49,3.05,0,0,0,12.7,0.8,0,5.0,quietly_struggling,0.7,False
STU_0276,3,5,0,2,0,21,97.3,1,0,0,71.6,75.5,-3.74,9.33,0,0,0,13.9,,0,,quietly_struggling,0.65,False
STU_0276,4,4,1,0,0,12,55.5,2,0,0,74.5,75.2,-0.57,2.81,1,0,0,12.6,-0.07,0,4.0,quietly_struggling,0.631,False
STU_0276,5,4,1,0,0,22,55.7,1,0,0,73.6,74.9,0.95,1.4,1,0,0,9.7,,0,,quietly_struggling,0.631,False
STU_0276,6,5,0,0,0,14,63.6,2,1,0,68.5,73.8,-3.0,6.93,1,0,0,10.6,0.56,0,3.0,quietly_struggling,0.555,False
STU_0276,7,5,0,0,0,23,56.6,1,0,0,70.9,73.4,-1.31,4.25,0,0,0,12.5,,0,,quietly_struggling,0.499,False
STU_0276,8,5,0,2,0,21,55.5,1,1,0,67.7,72.7,-0.4,1.88,0,0,0,13.6,-0.95,1,2.0,quietly_struggling,0.422,False
STU_0276,9,5,0,1,0,12,45.5,2,0,1,69.3,72.3,-0.82,1.73,0,0,0,12.7,,1,,quietly_struggling,0.361,False
STU_0276,10,5,0,0,0,18,46.8,1,0,0,50.0,70.1,-8.86,76.54,0,0,0,9.1,-0.21,0,3.0,quietly_struggling,0.29,True
STU_0276,11,5,0,0,0,21,38.0,1,2,0,46.9,68.0,-11.19,98.11,0,0,0,10.1,,0,,quietly_struggling,0.225,True
STU_0276,12,5,0,0,0,18,24.4,1,0,0,42.4,65.8,-3.8,9.75,1,0,0,9.1,-0.97,0,1.0,quietly_struggling,0.15,True
STU_0276,13,5,0,0,0,15,15.0,2,2,0,52.6,64.8,2.86,17.56,0,0,0,12.7,,1,,quietly_struggling,0.058,True
STU_0276,14,5,0,0,0,14,15.0,1,3,0,41.8,63.2,-0.31,24.81,0,0,0,10.3,-0.63,0,1.0,quietly_struggling,0.02,True
STU_0276,15,5,0,1,0,22,39.5,2,1,0,45.8,62.0,-3.39,20.07,0,0,0,11.5,,0,,quietly_struggling,0.02,True
STU_0276,16,5,0,0,0,14,15.0,2,1,0,16.3,59.2,-12.71,170.24,0,0,0,9.9,-0.7,1,1.0,quietly_struggling,0.02,True
STU_0277,1,5,0,2,0,16,79.8,1,0,0,75.4,75.4,0.0,0.0,0,0,0,11.4,,0,,quietly_struggling,0.813,False
STU_0277,2,5,0,0,0,20,81.0,2,0,0,78.9,77.1,3.47,3.01,1,0,0,9.0,0.45,0,5.0,quietly_struggling,0.755,False
STU_0277,3,5,0,0,0,20,74.1,2,0,1,75.3,76.5,-0.04,2.73,0,0,0,11.5,,0,,quietly_struggling,0.731,False
STU_0277,4,5,0,0,0,13,71.0,2,1,1,77.5,76.8,-0.69,2.13,1,0,0,12.6,0.73,0,5.0,quietly_struggling,0.693,False
STU_0277,5,5,0,2,0,16,44.2,2,1,0,70.4,75.5,-2.46,8.77,0,0,0,9.8,,0,,quietly_struggling,0.63,False
STU_0277,6,4,1,0,0,16,85.4,2,0,0,71.8,74.9,-2.85,9.38,0,0,0,10.7,0.41,0,4.0,quietly_struggling,0.553,False
STU_0277,7,5,0,0,0,14,66.4,1,0,0,71.9,74.4,0.73,0.45,0,0,0,11.2,,0,,quietly_struggling,0.465,False
STU_0277,8,4,1,0,0,14,41.4,1,2,0,71.7,74.1,-0.03,0.0,0,0,0,10.2,-0.62,1,3.0,quietly_struggling,0.408,False
STU_0277,9,5,0,0,0,20,38.0,2,2,0,67.2,73.3,-2.31,4.59,0,0,0,10.8,,0,,quietly_struggling,0.344,False
STU_0277,10,5,0,0,0,9,62.2,2,0,0,61.2,72.1,-5.24,18.47,0,0,0,13.1,-0.76,0,4.0,quietly_struggling,0.304,True
STU_0277,11,5,0,1,0,19,55.8,2,0,0,53.8,70.5,-6.74,30.44,1,0,0,13.0,,1,,quietly_struggling,0.254,True
STU_0277,12,5,0,1,0,21,17.2,2,1,0,45.7,68.4,-7.76,40.14,0,0,0,11.5,-0.62,0,1.0,quietly_struggling,0.193,True
STU_0277,13,5,0,0,0,23,15.0,1,2,1,48.9,66.9,-2.43,10.93,0,0,0,9.2,,2,,quietly_struggling,0.111,True
STU_0277,14,5,0,2,0,18,59.0,2,3,0,41.4,65.1,-2.16,9.44,0,0,0,12.3,-0.75,1,2.0,quietly_struggling,0.02,True
STU_0277,15,5,0,2,0,14,30.4,2,1,0,36.1,63.1,-6.38,27.45,0,0,0,11.4,,1,,quietly_struggling,0.02,True
STU_0277,16,5,0,0,0,16,51.3,2,3,0,32.5,61.2,-4.45,13.37,1,0,0,9.3,-1.0,1,1.0,quietly_struggling,0.02,True
STU_0278,1,5,0,2,0,20,77.6,2,0,0,82.7,82.7,0.0,0.0,0,0,0,10.3,,0,,quietly_struggling,0.776,False
STU_0278,2,5,0,0,0,15,88.6,1,0,2,77.8,80.3,-4.89,5.97,0,0,0,9.7,-0.11,0,5.0,quietly_struggling,0.708,False
STU_0278,3,5,0,0,0,4,50.8,1,1,0,72.9,77.8,-4.93,16.19,0,0,0,9.4,,0,,quietly_struggling,0.696,False
STU_0278,4,5,0,0,0,10,40.1,1,0,0,71.4,76.2,-3.21,7.57,0,0,0,9.5,0.31,0,2.0,quietly_struggling,0.597,False
STU_0278,5,5,0,1,0,13,113.3,2,0,0,66.8,74.3,-3.05,6.78,0,0,0,9.5,,0,,quietly_struggling,0.579,False
STU_0278,6,4,1,1,0,23,65.7,2,2,0,74.8,74.4,1.72,10.98,0,0,0,10.8,-0.11,0,4.0,quietly_struggling,0.573,False
STU_0278,7,5,0,0,0,18,55.5,1,1,0,67.7,73.4,0.49,12.97,1,0,0,12.0,,0,,quietly_struggling,0.526,False
STU_0278,8,5,0,0,0,18,69.1,2,2,1,66.3,72.5,-4.29,14.01,0,0,0,13.3,0.8,0,4.0,quietly_struggling,0.458,False
STU_0278,9,4,1,1,0,14,44.0,2,1,0,63.2,71.5,-2.25,3.5,0,0,0,12.6,,0,,quietly_struggling,0.431,False
STU_0278,10,5,0,0,0,15,50.0,2,0,0,47.2,69.1,-9.51,69.68,0,0,0,11.3,-0.07,1,2.0,quietly_struggling,0.356,False
STU_0278,11,5,0,0,0,23,55.6,1,1,0,61.6,68.4,-0.81,51.72,0,0,0,9.3,,1,,quietly_struggling,0.354,True
STU_0278,12,5,0,1,0,20,41.5,2,2,0,49.3,66.8,1.02,40.36,0,0,0,13.2,-0.35,1,2.0,quietly_struggling,0.236,True
STU_0278,13,5,0,0,0,20,45.8,1,0,0,50.0,65.5,-5.81,31.98,0,0,0,10.1,,0,,quietly_struggling,0.148,True
STU_0278,14,5,0,0,0,23,25.1,2,2,0,39.1,63.6,-5.11,24.96,0,0,0,9.8,-0.86,0,1.0,quietly_struggling,0.057,True
STU_0278,15,4,1,2,0,6,48.8,2,1,0,36.1,61.8,-6.96,35.82,0,0,0,13.8,,0,,quietly_struggling,0.02,True
STU_0278,16,5,0,1,0,15,32.9,1,2,0,45.1,60.8,3.04,14.22,0,0,0,9.4,-0.85,0,1.0,quietly_struggling,0.02,True
STU_0279,1,5,0,0,0,8,101.4,1,0,1,77.8,77.8,0.0,0.0,0,0,0,11.4,,0,,quietly_struggling,0.766,False
STU_0279,2,5,0,0,0,22,60.4,2,0,0,73.5,75.6,-4.32,4.66,0,0,0,10.5,0.92,0,4.0,quietly_struggling,0.678,False
STU_0279,3,5,0,0,0,21,74.9,2,0,0,74.1,75.1,-1.86,3.65,0,0,0,13.9,,0,,quietly_struggling,0.619,False
STU_0279,4,5,0,0,0,14,67.2,1,2,1,67.1,73.1,-3.22,10.13,2,0,0,11.1,-0.05,0,5.0,quietly_struggling,0.536,False
STU_0279,5,5,0,2,0,19,39.1,2,0,1,78.1,74.1,2.03,20.97,2,0,0,13.5,,0,,quietly_struggling,0.467,False
STU_0279,6,4,1,0,0,6,30.5,1,1,0,66.1,72.8,-0.45,29.71,0,0,0,12.5,-0.24,0,3.0,quietly_struggling,0.38,False
STU_0279,7,5,0,0,0,11,40.1,2,1,0,66.3,71.9,-5.92,31.54,0,0,0,12.2,,0,,quietly_struggling,0.368,True
STU_0279,8,5,0,0,0,13,69.5,2,0,0,67.1,71.3,0.5,0.19,0,0,0,12.2,-0.49,0,2.0,quietly_struggling,0.36,True
STU_0279,9,5,0,2,0,17,20.0,2,0,0,77.0,71.9,5.36,23.71,0,0,0,9.4,,2,,quietly_struggling,0.279,True
STU_0279,10,5,0,0,0,15,50.3,2,0,0,54.2,70.1,-6.45,87.08,0,0,0,13.7,-0.36,0,2.0,quietly_struggling,0.303,True
STU_0279,11,5,0,0,0,21,23.3,2,2,0,60.7,69.3,-8.18,92.06,0,0,0,9.0,,0,,quietly_struggling,0.224,True
STU_0279,12,5,0,0,0,17,31.3,2,2,0,55.1,68.1,0.44,8.09,0,0,0,10.3,-0.97,0,2.0,quietly_struggling,0.172,True
STU_0279,13,5,0,0,0,19,25.8,2,2,0,44.1,66.3,-8.28,47.43,1,0,0,13.1,,0,,quietly_struggling,0.11,True
STU_0279,14,5,0,0,0,20,27.0,2,2,0,50.3,65.1,-2.41,20.38,0,0,0,9.4,-0.71,0,1.0,quietly_struggling,0.024,True
STU_0279,15,5,0,0,0,20,39.4,2,2,0,29.8,62.8,-7.15,73.67,0,0,0,11.6,,1,,quietly_struggling,0.02,True
STU_0279,16,5,0,0,0,23,42.1,2,2,0,43.2,61.5,-3.55,72.23,0,0,0,12.0,-1.0,1,1.0,quietly_struggling,0.02,True
STU_0280,1,5,0,1,0,20,102.2,2,0,1,82.6,82.6,0.0,0.0,0,0,0,12.5,,0,,quietly_struggling,0.791,False
STU_0280,2,5,0,2,0,17,74.5,1,1,0,80.3,81.4,-2.24,1.25,0,0,0,9.6,0.58,0,2.0,quietly_struggling,0.689,False
STU_0280,3,4,1,1,0,17,108.8,2,0,0,72.0,78.3,-5.27,20.59,1,0,0,13.5,,0,,quietly_struggling,0.663,False
STU_0280,4,5,0,0,0,19,68.3,1,0,0,71.7,76.6,-4.33,16.01,0,0,0,12.4,-0.22,0,4.0,quietly_struggling,0.608,False
STU_0280,5,5,0,0,0,22,46.7,2,2,0,70.9,75.5,-0.56,0.22,0,0,0,9.1,,1,,quietly_struggling,0.533,False
STU_0280,6,5,0,1,0,14,57.1,2,0,0,63.4,73.5,-4.11,13.77,0,0,0,11.6,-0.06,0,3.0,quietly_struggling,0.487,False
STU_0280,7,5,0,0,0,18,59.6,1,1,0,66.6,72.5,-2.16,9.35,0,0,0,12.4,,1,,quietly_struggling,0.4,False
STU_0280,8,5,0,0,0,10,51.4,1,0,0,75.1,72.8,5.81,24.08,0,0,0,10.1,0.14,0,2.0,quietly_struggling,0.353,True
STU_0280,9,5,0,1,0,15,45.0,2,0,0,58.8,71.3,-3.88,43.9,0,0,0,11.7,,1,,quietly_struggling,0.32,True
STU_0280,10,5,0,0,0,20,52.1,2,1,0,55.2,69.7,-9.91,74.31,1,0,0,12.0,0.3,1,1.0,quietly_struggling,0.28,True
STU_0280,11,5,0,1,0,9,53.2,2,0,0,58.1,68.6,-0.36,2.4,0,0,0,10.2,,1,,quietly_struggling,0.205,True
STU_0280,12,5,0,0,0,19,61.5,2,1,0,46.8,66.8,-4.23,23.08,0,0,0,12.2,-0.16,0,2.0,quietly_struggling,0.151,True
STU_0280,13,5,0,0,0,21,55.9,1,2,0,53.8,65.8,-2.13,21.78,0,0,0,11.3,,1,,quietly_struggling,0.131,True
STU_0280,14,5,0,0,0,18,28.0,1,2,0,32.5,63.4,-7.15,78.96,0,0,0,10.3,-0.84,0,2.0,quietly_struggling,0.02,True
STU_0280,15,4,1,0,0,18,39.2,2,0,0,30.3,61.2,-11.79,113.05,1,0,0,10.0,,1,,quietly_struggling,0.02,True
STU_0280,16,5,0,0,0,16,32.7,1,1,0,21.3,58.7,-5.61,23.51,0,0,0,9.9,-0.82,1,1.0,quietly_struggling,0.02,True
STU_0281,1,5,0,0,0,16,63.2,1,0,0,80.7,80.7,0.0,0.0,0,0,0,10.9,,0,,quietly_struggling,0.705,False
STU_0281,2,5,0,0,0,16,72.7,2,0,0,76.4,78.5,-4.33,4.68,0,0,0,10.5,0.28,0,5.0,quietly_struggling,0.634,False
STU_0281,3,5,0,0,0,11,76.5,1,0,1,72.6,76.6,-4.04,10.9,0,0,0,13.7,,0,,quietly_struggling,0.605,False
STU_0281,4,5,0,0,0,21,38.6,2,0,0,77.2,76.7,0.41,3.96,0,0,0,9.1,-0.03,0,3.0,quietly_struggling,0.558,False
STU_0281,5,4,1,0,0,19,66.3,1,2,0,71.9,75.8,-0.33,5.42,1,0,0,10.6,,0,,quietly_struggling,0.524,False
STU_0281,6,5,0,0,0,30,55.2,1,0,0,75.5,75.7,-0.83,4.78,0,0,0,10.8,-0.28,0,5.0,quietly_struggling,0.493,False
STU_0281,7,5,0,0,0,14,51.5,2,1,0,70.5,75.0,-0.74,4.51,0,0,0,13.7,,0,,quietly_struggling,0.477,False
STU_0281,8,5,0,0,0,16,90.8,1,0,0,62.8,73.4,-6.38,27.51,0,0,0,9.6,0.44,1,3.0,quietly_struggling,0.436,False
STU_0281,9,5,0,0,0,19,67.0,2,1,0,65.2,72.5,-2.64,10.33,0,0,0,9.5,,0,,quietly_struggling,0.439,False
STU_0281,10,5,0,0,0,14,58.6,2,2,1,55.3,70.8,-3.75,17.88,0,0,0,9.4,0.04,0,4.0,quietly_struggling,0.352,False
STU_0281,11,4,1,0,0,21,60.9,2,0,0,58.3,69.7,-3.45,17.27,0,0,0,13.1,,0,,quietly_struggling,0.326,True
STU_0281,12,5,0,0,0,11,52.0,1,2,0,67.7,69.5,6.22,28.08,0,0,0,10.0,-0.87,0,2.0,quietly_struggling,0.271,True
STU_0281,13,4,1,0,0,15,38.5,2,0,0,48.5,67.9,-4.92,61.76,0,0,0,12.2,,0,,quietly_struggling,0.212,True
STU_0281,14,5,0,0,0,14,19.9,1,2,0,37.8,65.7,-14.93,152.77,0,0,0,12.5,-0.49,0,3.0,quietly_struggling,0.167,True
STU_0281,15,4,1,0,0,24,27.4,1,1,0,42.8,64.2,-2.82,18.8,0,0,0,9.4,,2,,quietly_struggling,0.11,True
STU_0281,16,5,0,1,0,12,21.3,2,3,0,56.6,63.7,9.38,62.92,0,0,0,13.1,-0.7,0,2.0,quietly_struggling,0.069,True
STU_0282,1,5,0,0,0,15,54.4,2,1,1,77.0,77.0,0.0,0.0,1,0,0,12.0,,0,,quietly_struggling,0.715,False
STU_0282,2,5,0,0,0,20,54.4,1,1,0,73.5,75.3,-3.56,3.17,0,0,0,13.6,0.68,0,4.0,quietly_struggling,0.709,False
STU_0282,3,5,0,0,0,24,69.8,2,0,0,71.2,73.9,-2.89,5.68,1,0,0,9.3,,1,,quietly_struggling,0.64,False
STU_0282,4,5,0,2,0,20,60.7,1,0,1,70.4,73.0,-1.55,1.7,0,0,0,13.8,-0.54,0,4.0,quietly_struggling,0.584,False
STU_0282,5,5,0,0,0,18,58.8,1,1,0,79.9,74.4,4.34,18.56,0,0,0,13.0,,0,,quietly_struggling,0.564,False
STU_0282,6,4,1,0,0,21,74.9,2,0,0,68.0,73.3,-1.19,26.56,1,0,0,11.0,0.43,0,4.0,quietly_struggling,0.481,False
STU_0282,7,5,0,0,0,15,49.6,1,0,0,64.7,72.1,-7.63,42.88,0,0,0,11.6,,0,,quietly_struggling,0.421,False
STU_0282,8,5,0,0,0,16,57.5,2,0,0,73.5,72.3,2.75,13.21,0,0,0,11.7,0.45,1,3.0,quietly_struggling,0.293,False
STU_0282,9,5,0,1,0,18,32.4,2,0,0,71.9,72.2,3.63,14.75,0,0,0,14.0,,1,,quietly_struggling,0.241,True
STU_0282,10,5,0,2,0,17,42.0,1,0,1,65.3,71.5,-4.1,12.63,0,0,0,12.8,-0.63,0,3.0,quietly_struggling,0.143,True
STU_0282,11,5,0,0,0,11,19.7,1,0,0,58.3,70.3,-6.82,31.04,1,0,0,10.3,,0,,quietly_struggling,0.046,True
STU_0282,12,4,1,0,0,24,15.0,1,1,0,45.4,68.3,-9.93,67.57,0,0,0,12.1,-0.41,0,1.0,quietly_struggling,0.02,True
STU_0282,13,5,0,0,0,20,43.0,1,0,0,41.0,66.2,-8.62,53.54,0,0,0,11.9,,0,,quietly_struggling,0.02,True
STU_0282,14,5,0,0,0,21,15.0,1,1,0,43.6,64.6,-0.91,3.27,0,0,0,10.6,-0.84,0,2.0,quietly_struggling,0.02,True
STU_0282,15,4,1,0,0,16,15.0,2,0,0,29.2,62.2,-5.93,39.54,0,0,0,9.9,,0,,quietly_struggling,0.02,True
STU_0282,16,4,1,1,0,18,15.0,1,2,0,31.9,60.3,-5.87,39.29,0,0,0,13.9,-1.0,0,2.0,quietly_struggling,0.02,True
STU_0283,1,5,0,0,0,23,85.3,2,0,1,81.4,81.4,0.0,0.0,0,0,0,10.2,,0,,quietly_struggling,0.75,False
STU_0283,2,5,0,0,0,18,82.1,1,0,0,76.6,79.0,-4.82,5.81,0,0,0,10.8,0.37,0,4.0,quietly_struggling,0.727,False
STU_0283,3,5,0,0,0,20,78.7,2,0,0,72.6,76.9,-4.37,12.78,0,0,0,13.5,,0,,quietly_struggling,0.666,False
STU_0283,4,5,0,0,0,18,66.0,2,2,0,72.8,75.8,-1.89,3.3,1,0,0,10.7,0.54,0,3.0,quietly_struggling,0.631,False
STU_0283,5,5,0,0,0,14,48.0,1,0,0,69.8,74.6,-1.43,1.91,0,0,0,9.5,,0,,quietly_struggling,0.591,False
STU_0283,6,4,1,1,0,18,79.1,2,0,0,70.5,73.9,-1.16,1.65,0,0,0,9.3,-0.05,0,3.0,quietly_struggling,0.506,False
STU_0283,7,5,0,0,0,16,65.8,1,0,0,78.9,74.6,4.54,17.04,0,0,0,11.4,,0,,quietly_struggling,0.459,False
STU_0283,8,5,0,2,0,16,68.7,1,2,0,64.1,73.3,-3.18,36.51,0,0,0,10.8,-0.13,0,3.0,quietly_struggling,0.373,False
STU_0283,9,5,0,1,0,15,62.4,2,3,0,66.2,72.5,-6.34,42.55,1,0,0,13.3,,0,,quietly_struggling,0.303,True
STU_0283,10,4,1,0,0,13,80.7,2,2,1,56.0,70.9,-4.05,19.28,2,0,0,10.5,-0.85,0,2.0,quietly_struggling,0.312,True
STU_0283,11,5,0,1,0,20,49.4,2,1,0,62.0,70.1,-2.06,17.46,0,0,0,10.1,,1,,quietly_struggling,0.266,True
STU_0283,12,5,0,0,0,13,36.0,2,1,0,52.2,68.6,-1.87,16.28,0,0,0,12.3,-0.76,0,2.0,quietly_struggling,0.255,True
STU_0283,13,5,0,0,0,19,58.2,1,0,0,38.5,66.3,-11.78,93.35,1,0,0,9.4,,1,,quietly_struggling,0.256,True
STU_0283,14,5,0,0,0,14,20.5,2,0,0,51.7,65.2,-0.29,40.37,0,0,0,11.8,-1.0,0,3.0,quietly_struggling,0.2,True
STU_0283,15,4,1,0,0,20,53.8,2,2,0,39.7,63.5,0.63,35.22,0,0,0,12.2,,2,,quietly_struggling,0.142,True
STU_0283,16,4,1,0,0,22,42.5,2,0,0,31.3,61.5,-10.18,69.7,0,0,0,10.3,-0.51,0,2.0,quietly_struggling,0.034,True
STU_0284,1,5,0,1,0,15,79.8,1,0,1,82.9,82.9,0.0,0.0,0,0,0,10.6,,0,,quietly_struggling,0.776,False
STU_0284,2,5,0,0,0,16,65.4,1,1,0,74.2,78.6,-8.66,18.77,0,0,0,10.9,-0.1,0,4.0,quietly_struggling,0.732,False
STU_0284,3,5,0,1,0,16,108.7,2,0,0,68.9,75.3,-6.99,33.17,0,0,0,11.2,,0,,quietly_struggling,0.734,False
STU_0284,4,5,0,0,0,21,91.3,2,0,0,69.6,73.9,-2.3,5.53,2,0,0,12.6,0.78,0,5.0,quietly_struggling,0.696,False
STU_0284,5,5,0,0,0,25,68.4,2,0,0,75.3,74.2,3.18,8.11,0,0,0,11.4,,0,,quietly_struggling,0.629,False
STU_0284,6,5,0,1,0,10,42.7,2,1,0,73.2,74.0,1.79,5.45,0,0,0,10.3,0.86,0,3.0,quietly_struggling,0.562,False
STU_0284,7,5,0,0,0,13,79.2,1,1,1,70.6,73.5,-2.32,3.61,0,0,0,9.3,,0,,quietly_struggling,0.531,False
STU_0284,8,4,1,2,0,12,65.9,1,1,0,68.0,72.8,-2.59,4.48,0,0,0,12.5,0.29,1,4.0,quietly_struggling,0.45,False
STU_0284,9,4,1,1,0,18,57.5,1,1,0,64.7,71.9,-2.97,5.9,0,0,0,13.7,,0,,quietly_struggling,0.377,False
STU_0284,10,5,0,0,0,14,49.4,2,1,0,57.3,70.5,-5.38,20.23,0,0,0,12.4,-0.1,1,1.0,quietly_struggling,0.281,True
STU_0284,11,5,0,0,0,19,58.3,1,2,0,60.5,69.6,-2.08,9.25,0,0,0,10.5,,0,,quietly_struggling,0.297,True
STU_0284,12,5,0,0,0,14,19.3,1,0,0,53.9,68.3,-1.68,7.33,1,0,0,13.9,-0.22,0,1.0,quietly_struggling,0.268,True
STU_0284,13,5,0,1,0,27,27.2,1,1,0,65.7,68.1,2.59,23.36,0,0,0,10.2,,2,,quietly_struggling,0.2,True
STU_0284,14,4,1,0,0,21,50.6,2,3,0,40.2,66.1,-6.88,109.13,0,0,0,13.0,-0.51,0,2.0,quietly_struggling,0.119,True
STU_0284,15,5,0,0,0,22,52.7,2,2,0,48.6,64.9,-8.55,113.07,0,0,0,11.7,,0,,quietly_struggling,0.063,True
STU_0284,16,4,1,0,0,20,19.6,2,3,0,41.3,63.4,0.56,14.09,0,0,0,9.5,-0.6,0,1.0,quietly_struggling,0.02,True
STU_0285,1,5,0,1,0,17,89.1,1,0,1,80.4,80.4,0.0,0.0,0,0,0,12.8,,0,,quietly_struggling,0.756,False
STU_0285,2,5,0,0,0,18,83.4,1,0,0,81.1,80.7,0.71,0.12,0,0,0,11.8,0.64,0,5.0,quietly_struggling,0.65,False
STU_0285,3,5,0,0,0,19,45.6,2,0,0,70.5,77.3,-4.92,23.22,1,0,0,9.3,,0,,quietly_struggling,0.593,False
STU_0285,4,5,0,0,0,16,68.8,2,0,0,72.4,76.1,-4.35,21.19,0,0,0,11.5,0.66,0,2.0,quietly_struggling,0.529,False
STU_0285,5,5,0,1,0,16,62.9,2,1,0,69.8,74.8,-0.39,1.21,0,0,0,13.1,,0,,quietly_struggling,0.425,False
STU_0285,6,5,0,0,0,18,45.8,2,1,0,69.7,74.0,-1.33,1.55,0,0,0,12.0,0.45,0,3.0,quietly_struggling,0.403,False
STU_0285,7,5,0,0,0,17,38.5,2,0,0,65.5,72.8,-2.13,3.99,0,0,0,9.6,,1,,quietly_struggling,0.309,False
STU_0285,8,5,0,0,0,20,50.9,2,3,0,75.7,73.1,2.98,17.45,1,0,0,9.5,-0.04,0,1.0,quietly_struggling,0.225,True
STU_0285,9,5,0,1,0,18,27.9,2,1,0,63.6,72.1,-0.95,28.16,0,0,0,10.6,,1,,quietly_struggling,0.215,True
STU_0285,10,5,0,0,0,13,48.6,2,0,0,46.3,69.5,-14.7,145.57,0,0,0,13.6,-0.81,1,1.0,quietly_struggling,0.147,True
STU_0285,11,5,0,0,0,17,56.9,1,0,0,60.8,68.7,-1.42,57.48,0,0,0,12.4,,1,,quietly_struggling,0.1,True
STU_0285,12,5,0,0,0,22,56.9,1,1,0,49.4,67.1,1.56,38.7,0,0,0,11.1,-0.53,0,1.0,quietly_struggling,0.046,True
STU_0285,13,5,0,0,0,25,15.0,2,1,0,43.5,65.3,-8.61,51.15,0,0,0,9.3,,0,,quietly_struggling,0.02,True
STU_0285,14,5,0,1,0,18,30.9,1,0,0,37.8,63.3,-5.83,22.69,0,0,0,13.9,-0.31,2,2.0,quietly_struggling,0.02,True
STU_0285,15,5,0,0,0,15,21.3,2,1,0,33.5,61.3,-5.04,17.08,0,0,0,13.4,,1,,quietly_struggling,0.02,True
STU_0285,16,5,0,0,0,13,35.4,1,1,0,32.9,59.6,-2.43,4.71,0,0,0,9.3,-0.42,1,1.0,quietly_struggling,0.02,True
STU_0286,1,5,0,0,0,10,90.1,1,0,0,80.7,80.7,0.0,0.0,0,0,0,12.3,,0,,quietly_struggling,0.756,False
STU_0286,2,5,0,0,0,15,82.2,1,0,0,67.0,73.9,-13.67,46.7,1,0,0,12.4,0.76,0,4.0,quietly_struggling,0.778,False
STU_0286,3,4,1,0,0,24,63.8,1,0,0,81.1,76.3,0.18,42.62,0,0,0,10.6,,0,,quietly_struggling,0.7,False
STU_0286,4,5,0,1,0,19,78.1,2,0,0,75.1,76.0,4.03,33.01,0,0,0,13.6,0.84,0,5.0,quietly_struggling,0.655,False
STU_0286,5,5,0,0,0,19,85.7,1,0,0,75.0,75.8,-3.03,8.02,0,0,0,12.2,,0,,quietly_struggling,0.614,False
STU_0286,6,5,0,0,0,14,74.8,2,0,1,72.6,75.2,-1.27,1.38,0,0,0,11.6,0.69,0,4.0,quietly_struggling,0.574,False
STU_0286,7,4,1,0,0,16,49.5,1,0,0,69.8,74.5,-2.6,4.52,0,0,0,12.9,,1,,quietly_struggling,0.594,False
STU_0286,8,4,1,0,0,14,71.5,2,1,0,64.0,73.2,-4.3,12.86,0,0,0,12.7,-0.09,0,4.0,quietly_struggling,0.516,False
STU_0286,9,4,1,0,0,21,68.3,2,0,0,65.8,72.3,-1.99,5.94,0,0,0,12.9,,0,,quietly_struggling,0.483,False
STU_0286,10,4,1,1,0,10,78.6,2,1,0,57.1,70.8,-3.42,14.02,0,0,0,11.9,0.03,0,3.0,quietly_struggling,0.466,False
STU_0286,11,5,0,1,0,18,34.3,2,1,0,50.0,68.9,-7.91,41.86,1,0,0,11.6,,0,,quietly_struggling,0.413,False
STU_0286,12,4,1,1,0,17,44.4,2,0,0,50.0,67.3,-3.58,11.3,0,0,0,10.3,-0.5,0,2.0,quietly_struggling,0.378,False
STU_0286,13,5,0,2,0,21,54.4,2,1,1,39.0,65.2,-5.51,26.87,0,0,0,13.4,,0,,quietly_struggling,0.266,True
STU_0286,14,5,0,0,0,13,51.7,1,2,0,32.2,62.8,-8.88,53.55,0,0,0,10.0,-0.66,0,3.0,quietly_struggling,0.215,True
STU_0286,15,5,0,0,0,21,33.8,2,0,0,35.0,61.0,-1.97,7.75,0,0,0,9.3,,2,,quietly_struggling,0.188,True
STU_0286,16,5,0,0,0,12,36.5,2,3,0,23.7,58.6,-4.27,23.42,0,0,0,11.3,-0.32,1,2.0,quietly_struggling,0.09,True
STU_0287,1,5,0,0,0,19,100.1,2,0,0,74.9,74.9,0.0,0.0,0,0,0,13.4,,1,,quietly_struggling,0.801,False
STU_0287,2,5,0,0,0,16,85.8,1,3,0,74.1,74.5,-0.81,0.16,0,0,0,11.7,0.91,0,4.0,quietly_struggling,0.706,False
STU_0287,3,5,0,0,0,18,66.8,1,1,0,78.1,75.7,1.6,3.0,0,0,0,13.0,,0,,quietly_struggling,0.681,False
STU_0287,4,5,0,0,0,19,83.4,2,0,1,79.0,76.5,2.47,4.6,1,0,0,12.6,1.0,0,4.0,quietly_struggling,0.643,False
STU_0287,5,5,0,2,0,24,66.4,2,0,1,73.9,76.0,-2.08,4.91,0,0,0,11.3,,0,,quietly_struggling,0.58,False
STU_0287,6,5,0,0,0,22,56.4,2,1,0,67.6,74.6,-5.72,21.87,0,0,0,13.5,-0.12,1,1.0,quietly_struggling,0.555,False
STU_0287,7,4,1,1,0,13,91.4,1,0,1,64.7,73.2,-4.6,14.75,0,0,0,9.1,,1,,quietly_struggling,0.543,False
STU_0287,8,5,0,2,0,22,57.9,1,0,0,65.0,72.2,-1.3,1.67,0,0,0,10.7,-0.32,0,2.0,quietly_struggling,0.493,False
STU_0287,9,5,0,1,0,14,46.8,2,2,1,73.0,72.3,4.15,14.88,0,0,0,13.9,,0,,quietly_struggling,0.437,False
STU_0287,10,5,0,1,0,15,45.5,1,0,0,56.5,70.7,-4.25,45.66,1,0,0,12.0,0.07,0,3.0,quietly_struggling,0.382,False
STU_0287,11,5,0,0,0,23,27.2,2,3,0,46.7,68.5,-13.17,118.13,0,0,0,13.8,,0,,quietly_struggling,0.324,True
STU_0287,12,5,0,1,0,15,17.9,2,0,0,48.0,66.8,-4.23,18.79,0,0,0,12.7,-0.58,1,3.0,quietly_struggling,0.252,True
STU_0287,13,5,0,1,0,25,41.9,2,1,1,52.3,65.7,2.79,5.66,0,0,0,11.7,,0,,quietly_struggling,0.16,True
STU_0287,14,5,0,2,0,17,15.0,1,2,0,40.9,63.9,-3.56,22.03,0,0,0,11.9,-0.62,1,2.0,quietly_struggling,0.081,True
STU_0287,15,5,0,0,0,20,29.5,2,2,0,37.8,62.2,-7.22,38.61,0,0,0,12.3,,0,,quietly_struggling,0.032,True
STU_0287,16,5,0,0,0,10,36.7,2,2,0,42.8,61.0,0.96,4.21,1,0,0,12.4,-1.0,2,1.0,quietly_struggling,0.02,True
STU_0288,1,5,0,0,0,17,97.0,2,0,0,77.6,77.6,0.0,0.0,0,0,0,10.7,,0,,quietly_struggling,0.76,False
STU_0288,2,5,0,0,0,18,62.2,1,0,0,73.5,75.5,-4.07,4.15,0,0,0,11.5,0.63,0,4.0,quietly_struggling,0.769,False
STU_0288,3,4,1,0,0,17,53.3,1,0,0,81.8,77.6,2.13,11.57,0,0,0,12.3,,0,,quietly_struggling,0.724,False
STU_0288,4,5,0,0,0,16,95.5,2,0,0,77.6,77.6,2.07,11.57,0,0,0,10.4,0.87,0,4.0,quietly_struggling,0.688,False
STU_0288,5,5,0,0,0,19,82.5,1,0,1,68.7,75.8,-6.59,30.23,0,0,0,10.0,,0,,quietly_struggling,0.638,False
STU_0288,6,5,0,0,0,18,56.3,1,0,1,69.2,74.7,-4.23,16.95,0,0,0,13.9,0.68,0,2.0,quietly_struggling,0.565,False
STU_0288,7,5,0,0,0,18,53.9,2,2,1,61.5,72.9,-3.56,12.14,0,0,0,9.7,,0,,quietly_struggling,0.529,False
STU_0288,8,5,0,0,0,21,64.7,2,1,1,73.8,73.0,2.3,25.49,0,0,0,13.9,-0.41,0,3.0,quietly_struggling,0.457,False
STU_0288,9,5,0,0,0,19,43.6,2,2,2,67.4,72.3,2.92,25.0,0,0,0,11.1,,0,,quietly_struggling,0.381,False
STU_0288,10,5,0,0,0,19,54.7,1,1,0,56.2,70.7,-8.77,52.52,0,0,0,11.9,-0.67,1,2.0,quietly_struggling,0.298,True
STU_0288,11,5,0,0,0,22,41.2,2,1,0,50.4,68.9,-8.5,49.75,0,0,0,12.3,,2,,quietly_struggling,0.26,True
STU_0288,12,5,0,1,0,26,52.4,2,4,0,53.5,67.6,-1.38,5.75,0,0,0,11.7,-0.67,0,3.0,quietly_struggling,0.251,True
STU_0288,13,5,0,0,0,18,56.2,2,1,0,54.8,66.6,2.22,3.45,0,0,0,12.3,,0,,quietly_struggling,0.196,True
STU_0288,14,5,0,0,0,18,18.1,1,3,0,33.6,64.3,-9.94,93.99,2,0,0,9.9,-0.46,1,3.0,quietly_struggling,0.128,True
STU_0288,15,5,0,0,0,15,56.0,2,0,0,35.4,62.3,-9.71,92.2,0,0,0,13.7,,1,,quietly_struggling,0.046,True
STU_0288,16,5,0,0,0,8,27.4,2,3,0,31.3,60.4,-1.13,2.72,0,0,0,10.7,-1.0,1,2.0,quietly_struggling,0.02,True
STU_0289,1,5,0,0,0,17,74.2,2,0,0,78.9,78.9,0.0,0.0,1,0,0,11.5,,0,,quietly_struggling,0.716,False
STU_0289,2,5,0,0,0,15,71.9,1,0,0,77.0,77.9,-1.89,0.89,1,0,0,13.4,0.17,0,5.0,quietly_struggling,0.678,False
STU_0289,3,5,0,0,0,16,70.0,1,0,0,74.7,76.8,-2.09,2.93,0,0,0,14.0,,0,,quietly_struggling,0.596,False
STU_0289,4,5,0,0,0,18,66.4,1,0,0,67.9,74.6,-4.51,14.66,0,0,0,11.7,0.89,0,3.0,quietly_struggling,0.532,False
STU_0289,5,4,1,0,0,14,64.0,2,3,0,71.6,74.0,-1.51,7.56,0,0,0,9.6,,1,,quietly_struggling,0.469,False
STU_0289,6,5,0,0,0,22,91.0,2,1,0,74.7,74.1,3.38,7.62,0,0,0,10.1,0.34,0,2.0,quietly_struggling,0.448,False
STU_0289,7,4,1,0,0,16,70.7,2,1,0,70.9,73.7,-0.35,2.65,0,0,0,12.3,,0,,quietly_struggling,0.418,False
STU_0289,8,5,0,0,0,20,65.0,2,1,0,69.9,73.2,-2.38,4.19,0,0,0,13.4,-0.67,0,2.0,quietly_struggling,0.365,False
STU_0289,9,5,0,0,0,17,63.8,2,3,0,59.2,71.7,-5.86,28.08,0,0,0,12.3,,0,,quietly_struggling,0.342,True
STU_0289,10,4,1,1,0,17,45.0,1,0,0,60.0,70.5,-4.99,23.85,0,0,0,10.5,-0.17,1,1.0,quietly_struggling,0.244,True
STU_0289,11,5,0,0,0,10,44.3,2,4,0,53.8,69.0,-2.72,7.55,0,0,0,11.2,,0,,quietly_struggling,0.2,True
STU_0289,12,5,0,0,0,11,28.7,1,0,0,58.1,68.1,-0.91,6.67,0,0,0,9.4,-0.07,1,1.0,quietly_struggling,0.188,True
STU_0289,13,5,0,0,0,18,18.0,2,2,0,45.7,66.3,-4.04,26.47,1,0,0,11.5,,0,,quietly_struggling,0.083,True
STU_0289,14,5,0,0,0,11,23.0,1,5,0,40.1,64.5,-9.0,56.57,0,0,0,9.3,-1.0,1,1.0,quietly_struggling,0.02,True
STU_0289,15,5,0,0,0,22,66.2,1,2,0,43.9,63.1,-0.94,5.38,0,0,0,11.2,,2,,quietly_struggling,0.02,True
STU_0289,16,4,1,0,0,15,31.5,1,1,0,25.9,60.8,-7.13,60.0,0,0,0,11.1,-1.0,0,1.0,quietly_struggling,0.02,True
STU_0290,1,5,0,2,0,18,86.0,1,1,0,76.3,76.3,0.0,0.0,0,0,0,12.4,,0,,quietly_struggling,0.756,False
STU_0290,2,5,0,0,0,14,49.3,2,1,0,76.2,76.2,-0.16,0.01,0,0,0,13.3,0.55,0,3.0,quietly_struggling,0.742,False
STU_0290,3,5,0,0,0,15,81.9,2,0,0,68.0,73.5,-4.16,15.07,0,0,0,9.3,,0,,quietly_struggling,0.708,False
STU_0290,4,4,1,0,0,18,66.5,2,0,0,70.4,72.7,-2.9,11.74,0,0,0,10.7,0.28,0,4.0,quietly_struggling,0.673,False
STU_0290,5,5,0,0,0,18,80.5,2,1,0,71.6,72.5,1.82,2.27,0,0,0,12.1,,0,,quietly_struggling,0.621,False
STU_0290,6,5,0,0,0,18,84.9,2,1,0,63.3,71.0,-3.54,13.53,0,0,0,13.1,0.53,0,3.0,quietly_struggling,0.556,False
STU_0290,7,5,0,0,0,19,99.8,1,1,0,72.3,71.1,0.32,16.83,1,0,0,11.9,,0,,quietly_struggling,0.531,False
STU_0290,8,4,1,1,0,23,32.0,2,1,0,67.8,70.7,2.28,13.52,0,0,0,9.1,0.51,0,4.0,quietly_struggling,0.481,False
STU_0290,9,5,0,0,0,16,60.4,2,1,0,58.6,69.4,-6.86,32.69,0,0,0,12.2,,0,,quietly_struggling,0.413,False
STU_0290,10,5,0,1,0,19,61.6,2,2,0,56.4,68.1,-5.74,24.72,1,0,0,9.3,0.22,0,3.0,quietly_struggling,0.351,False
STU_0290,11,5,0,0,0,16,68.3,1,0,0,54.2,66.8,-2.16,3.11,0,0,0,13.4,,0,,quietly_struggling,0.266,True
STU_0290,12,4,1,1,0,17,40.4,2,4,0,51.0,65.5,-2.68,4.86,0,0,0,12.2,-0.46,0,2.0,quietly_struggling,0.203,True
STU_0290,13,5,0,1,0,12,30.7,2,3,0,50.8,64.4,-1.73,2.49,0,0,0,10.7,,0,,quietly_struggling,0.122,True
STU_0290,14,5,0,2,0,18,39.5,1,2,0,30.5,62.0,-10.24,92.17,0,0,0,12.4,-0.9,1,1.0,quietly_struggling,0.02,True
STU_0290,15,5,0,0,0,24,15.0,2,1,0,33.0,60.0,-8.91,81.55,1,0,0,12.4,,2,,quietly_struggling,0.02,True
STU_0290,16,5,0,0,0,16,15.0,2,2,0,27.5,58.0,-1.52,5.03,0,0,0,9.6,-0.73,1,1.0,quietly_struggling,0.02,True
STU_0291,1,5,0,0,0,11,74.5,1,0,0,73.5,73.5,0.0,0.0,2,0,0,11.6,,0,,quietly_struggling,0.814,False
STU_0291,2,5,0,0,0,17,73.9,1,0,0,78.1,75.8,4.6,5.3,0,0,0,12.0,0.97,0,5.0,quietly_struggling,0.794,False
STU_0291,3,5,0,2,0,20,79.7,2,0,0,73.0,74.8,-0.23,5.23,0,0,0,11.2,,0,,quietly_struggling,0.77,False
STU_0291,4,4,1,0,0,22,104.4,2,0,0,74.8,74.8,-1.64,4.41,0,0,0,11.2,0.68,0,5.0,quietly_struggling,0.743,False
STU_0291,5,5,0,0,0,18,80.1,1,0,0,71.1,74.1,-0.95,2.26,0,0,0,10.6,,0,,quietly_struggling,0.607,False
STU_0291,6,5,0,0,0,18,66.6,2,0,0,72.9,73.9,-0.97,2.26,0,0,0,12.2,0.29,0,2.0,quietly_struggling,0.552,False
STU_0291,7,5,0,0,0,12,58.4,2,0,0,66.0,72.8,-2.57,8.52,0,0,0,9.3,,1,,quietly_struggling,0.469,False
STU_0291,8,5,0,0,0,14,43.0,2,0,0,70.5,72.5,-1.17,8.16,0,0,0,9.1,-0.1,1,3.0,quietly_struggling,0.368,False
STU_0291,9,4,1,0,0,24,46.0,1,0,0,71.7,72.4,2.87,6.11,1,0,0,12.2,,0,,quietly_struggling,0.312,True
STU_0291,10,5,0,1,0,24,15.0,2,1,0,56.1,70.8,-7.22,50.46,0,0,0,13.6,-0.34,1,2.0,quietly_struggling,0.301,True
STU_0291,11,4,1,0,0,12,42.7,2,0,0,54.9,69.3,-8.39,58.57,1,0,0,10.6,,1,,quietly_struggling,0.309,True
STU_0291,12,5,0,2,0,22,77.7,2,0,0,54.1,68.1,-0.98,0.64,1,0,0,11.4,-0.93,2,2.0,quietly_struggling,0.3,True
STU_0291,13,5,0,0,0,18,54.3,1,0,0,49.1,66.6,-2.94,6.77,0,0,0,13.7,,1,,quietly_struggling,0.269,True
STU_0291,14,4,1,0,0,11,43.4,1,0,0,42.3,64.9,-5.94,23.69,0,0,0,9.3,-0.77,1,2.0,quietly_struggling,0.219,True
STU_0291,15,5,0,0,0,17,33.1,1,2,0,33.7,62.8,-7.69,39.62,0,0,0,9.7,,0,,quietly_struggling,0.195,True
STU_0291,16,4,1,0,0,12,52.3,1,0,0,23.7,60.3,-9.25,57.2,0,0,0,11.8,-0.96,2,2.0,quietly_struggling,0.163,True
STU_0292,1,5,0,0,0,21,99.0,2,0,2,80.5,80.5,0.0,0.0,0,0,0,12.1,,0,,quietly_struggling,0.835,False
STU_0292,2,5,0,0,0,19,87.2,2,0,2,80.0,80.2,-0.41,0.04,0,0,0,10.4,0.69,0,5.0,quietly_struggling,0.816,False
STU_0292,3,4,1,0,0,26,90.6,2,0,0,70.8,77.1,-4.83,19.92,0,0,0,12.3,,1,,quietly_struggling,0.812,False
STU_0292,4,5,0,0,0,19,91.6,2,0,0,72.0,75.8,-4.01,16.83,0,0,0,13.7,0.93,0,4.0,quietly_struggling,0.715,False
STU_0292,5,5,0,0,0,21,84.4,2,0,0,73.3,75.3,1.26,1.05,0,0,0,11.5,,0,,quietly_struggling,0.676,False
STU_0292,6,5,0,1,0,22,84.6,1,0,0,74.8,75.2,1.37,1.25,0,0,0,12.1,0.56,0,3.0,quietly_struggling,0.629,False
STU_0292,7,5,0,1,0,14,45.1,1,1,0,69.5,74.4,-1.89,4.89,0,0,0,10.3,,0,,quietly_struggling,0.581,False
STU_0292,8,5,0,0,0,19,50.6,2,1,1,68.1,73.6,-3.33,8.2,0,0,0,10.8,0.28,0,2.0,quietly_struggling,0.506,False
STU_0292,9,5,0,1,0,11,71.9,1,3,1,74.4,73.7,2.44,7.25,0,0,0,10.4,,0,,quietly_struggling,0.427,False
STU_0292,10,5,0,0,0,13,24.8,2,0,0,60.9,72.4,-3.61,30.41,0,0,0,9.1,-0.8,0,2.0,quietly_struggling,0.347,False
STU_0292,11,5,0,0,0,21,51.7,2,0,0,61.8,71.5,-6.28,37.89,0,0,0,11.6,,0,,quietly_struggling,0.305,True
STU_0292,12,5,0,0,0,9,27.8,2,1,0,45.7,69.3,-7.6,54.73,0,0,0,12.1,-0.39,2,1.0,quietly_struggling,0.213,True
STU_0292,13,5,0,0,0,19,61.4,2,1,0,41.4,67.2,-10.23,77.51,0,0,0,10.6,,0,,quietly_struggling,0.127,True
STU_0292,14,5,0,0,0,19,20.1,1,1,0,32.0,64.7,-6.82,32.45,0,0,0,9.2,-0.65,0,2.0,quietly_struggling,0.039,True
STU_0292,15,5,0,0,0,21,30.7,1,3,1,27.5,62.2,-6.93,33.33,0,0,0,9.9,,1,,quietly_struggling,0.02,True
STU_0292,16,5,0,2,0,15,26.1,2,2,0,30.4,60.2,-0.83,3.51,0,0,0,11.4,-1.0,0,2.0,quietly_struggling,0.02,True
STU_0293,1,5,0,0,0,17,99.6,2,0,0,74.5,74.5,0.0,0.0,2,0,0,11.0,,1,,quietly_struggling,0.768,False
STU_0293,2,5,0,0,0,22,79.5,1,1,1,77.6,76.0,3.16,2.49,0,0,0,9.4,0.69,0,5.0,quietly_struggling,0.705,False
STU_0293,3,5,0,1,0,23,88.5,2,0,0,77.1,76.4,1.32,1.91,0,0,0,14.0,,0,,quietly_struggling,0.642,False
STU_0293,4,5,0,0,0,13,52.9,1,1,0,72.7,75.5,-2.47,4.93,0,0,0,11.4,0.16,0,3.0,quietly_struggling,0.612,False
STU_0293,5,5,0,0,0,6,97.5,1,0,0,69.0,74.2,-4.06,11.01,0,0,0,13.4,,0,,quietly_struggling,0.541,False
STU_0293,6,5,0,0,0,24,54.6,2,1,0,73.6,74.1,0.47,3.99,0,0,0,12.6,0.46,0,3.0,quietly_struggling,0.523,False
STU_0293,7,5,0,0,0,19,48.5,1,1,0,72.8,73.9,1.93,4.1,0,0,0,9.2,,1,,quietly_struggling,0.479,False
STU_0293,8,4,1,0,0,9,65.1,1,1,0,75.4,74.1,0.88,1.13,0,0,0,9.7,-0.14,0,3.0,quietly_struggling,0.412,False
STU_0293,9,5,0,2,0,14,46.8,1,0,0,55.5,72.0,-8.66,77.85,0,0,0,11.1,,1,,quietly_struggling,0.295,False
STU_0293,10,5,0,1,0,24,47.7,2,2,0,59.1,70.7,-8.14,74.66,0,0,0,12.7,-0.41,0,2.0,quietly_struggling,0.265,True
STU_0293,11,5,0,0,0,21,47.8,2,2,0,66.1,70.3,5.31,19.47,0,0,0,13.4,,0,,quietly_struggling,0.224,True
STU_0293,12,5,0,1,0,14,30.0,2,2,0,43.1,68.0,-8.0,92.96,0,0,0,11.2,-0.53,1,2.0,quietly_struggling,0.15,True
STU_0293,13,5,0,0,0,12,33.3,2,0,0,39.8,65.9,-13.17,137.24,0,0,0,10.8,,2,,quietly_struggling,0.111,True
STU_0293,14,5,0,1,0,19,21.1,2,4,0,51.4,64.8,4.13,23.61,0,0,0,11.0,-0.85,2,2.0,quietly_struggling,0.02,True
STU_0293,15,5,0,1,0,14,20.5,2,1,0,43.1,63.4,1.67,23.56,0,0,0,10.4,,1,,quietly_struggling,0.02,True
STU_0293,16,5,0,2,0,24,32.2,2,2,0,31.3,61.4,-10.02,67.67,0,0,0,12.1,-0.8,1,2.0,quietly_struggling,0.02,True
STU_0294,1,5,0,1,0,12,105.5,1,0,0,82.8,82.8,0.0,0.0,0,0,0,12.0,,0,,quietly_struggling,0.783,False
STU_0294,2,5,0,0,0,13,73.6,1,1,0,75.4,79.1,-7.44,13.84,0,0,0,12.5,0.56,0,4.0,quietly_struggling,0.739,False
STU_0294,3,4,1,1,0,20,88.4,1,1,0,73.4,77.2,-4.68,16.28,1,0,0,13.2,,0,,quietly_struggling,0.652,False
STU_0294,4,5,0,0,0,8,61.2,2,0,0,70.8,75.6,-2.28,3.48,0,0,0,10.3,0.81,0,4.0,quietly_struggling,0.59,False
STU_0294,5,4,1,0,0,10,62.7,1,0,0,69.6,74.4,-1.91,2.54,0,0,0,10.2,,0,,quietly_struggling,0.547,False
STU_0294,6,5,0,0,0,16,38.3,2,1,0,70.7,73.8,-0.04,0.29,1,0,0,9.5,-0.31,0,4.0,quietly_struggling,0.531,False
STU_0294,7,4,1,0,0,19,39.7,2,1,0,68.5,73.0,-0.55,0.81,0,0,0,9.6,,0,,quietly_struggling,0.462,False
STU_0294,8,5,0,0,0,16,34.1,2,0,0,64.4,72.0,-3.17,6.89,0,0,0,10.4,0.2,0,3.0,quietly_struggling,0.35,False
STU_0294,9,5,0,1,0,12,58.2,2,1,0,62.9,71.0,-2.82,5.68,0,0,0,13.9,,0,,quietly_struggling,0.303,True
STU_0294,10,5,0,0,0,25,22.9,2,3,0,53.6,69.2,-5.4,22.8,0,0,0,10.6,-0.66,1,1.0,quietly_struggling,0.26,True
STU_0294,11,4,1,0,0,11,36.3,2,0,0,62.5,68.6,-0.17,18.52,0,0,0,10.0,,1,,quietly_struggling,0.224,True
STU_0294,12,5,0,0,0,16,15.0,2,1,0,45.0,66.6,-4.28,51.17,0,0,0,13.6,-1.0,0,2.0,quietly_struggling,0.122,True
STU_0294,13,5,0,0,0,22,21.5,2,1,0,36.0,64.3,-13.26,121.33,0,0,0,9.8,,1,,quietly_struggling,0.028,True
STU_0294,14,5,0,1,0,16,28.0,2,2,0,54.7,63.6,4.85,58.3,1,0,0,13.4,-1.0,1,1.0,quietly_struggling,0.02,True
STU_0294,15,4,1,1,0,18,15.0,2,1,0,39.6,62.0,1.79,65.69,0,0,0,12.0,,0,,quietly_struggling,0.02,True
STU_0294,16,5,0,0,0,25,15.0,2,1,0,27.5,59.9,-13.61,124.0,0,0,0,10.4,-1.0,0,1.0,quietly_struggling,0.02,True
STU_0295,1,5,0,0,0,21,102.4,2,0,1,80.8,80.8,0.0,0.0,1,0,0,13.7,,0,,quietly_struggling,0.774,False
STU_0295,2,5,0,0,0,10,99.2,2,1,0,81.0,80.9,0.18,0.01,0,0,0,12.0,0.08,0,4.0,quietly_struggling,0.738,False
STU_0295,3,5,0,1,0,28,80.3,2,0,0,74.3,78.7,-3.23,9.54,1,0,0,10.9,,0,,quietly_struggling,0.715,False
STU_0295,4,5,0,0,0,18,92.0,2,0,0,75.9,78.0,-2.53,8.02,0,0,0,12.9,0.39,0,3.0,quietly_struggling,0.699,False
STU_0295,5,5,0,1,0,27,103.6,2,0,0,74.3,77.3,0.0,0.56,1,0,0,9.9,,0,,quietly_struggling,0.672,False
STU_0295,6,5,0,0,0,15,77.9,2,0,1,79.3,77.6,1.67,4.21,0,0,0,13.5,0.34,0,3.0,quietly_struggling,0.595,False
STU_0295,7,5,0,0,0,18,65.6,2,0,0,64.9,75.8,-4.74,35.73,0,0,0,13.6,,0,,quietly_struggling,0.552,False
STU_0295,8,5,0,0,0,15,57.5,1,1,0,67.8,74.8,-5.74,38.66,0,0,0,11.8,-0.27,0,3.0,quietly_struggling,0.508,False
STU_0295,9,5,0,0,0,16,45.1,2,3,0,68.5,74.1,1.83,2.49,0,0,0,10.5,,0,,quietly_struggling,0.409,False
STU_0295,10,5,0,2,0,23,77.4,1,1,1,62.2,72.9,-2.78,7.93,0,0,0,9.3,-0.53,1,2.0,quietly_struggling,0.368,False
STU_0295,11,5,0,0,0,18,33.6,1,1,0,40.4,69.9,-14.07,145.43,0,0,0,9.3,,0,,quietly_struggling,0.339,True
STU_0295,12,5,0,0,0,15,51.4,1,0,0,35.9,67.1,-13.15,132.01,0,0,0,12.7,-0.3,1,3.0,quietly_struggling,0.287,True
STU_0295,13,4,1,0,0,13,51.6,2,0,0,49.6,65.8,4.6,32.32,0,0,0,12.5,,2,,quietly_struggling,0.238,True
STU_0295,14,4,1,0,0,10,33.9,1,2,0,47.4,64.4,5.73,35.85,0,0,0,10.7,-0.47,2,2.0,quietly_struggling,0.207,True
STU_0295,15,5,0,1,0,12,59.4,2,1,0,35.7,62.5,-6.94,37.13,0,0,0,13.4,,0,,quietly_struggling,0.116,True
STU_0295,16,5,0,0,0,22,15.0,2,1,0,32.4,60.6,-7.5,41.43,1,0,0,10.0,-0.76,0,2.0,quietly_struggling,0.02,True
STU_0296,1,5,0,1,0,21,72.7,2,0,1,69.4,69.4,0.0,0.0,0,0,0,10.2,,0,,quietly_struggling,0.694,False
STU_0296,2,4,1,1,0,9,104.6,1,2,0,76.5,72.9,7.13,12.72,0,0,0,12.2,0.69,1,4.0,quietly_struggling,0.681,False
STU_0296,3,4,1,0,0,23,61.8,2,0,0,69.2,71.7,-0.1,11.63,0,0,0,9.8,,0,,quietly_struggling,0.682,False
STU_0296,4,5,0,0,0,23,78.7,2,1,0,75.7,72.7,-0.4,10.79,1,0,0,11.6,0.42,0,4.0,quietly_struggling,0.628,False
STU_0296,5,5,0,0,0,16,48.6,2,0,1,70.0,72.2,0.42,8.44,0,0,0,13.0,,0,,quietly_struggling,0.571,False
STU_0296,6,5,0,1,0,17,78.2,2,0,1,79.3,73.3,1.78,14.57,0,0,0,9.2,-0.23,0,4.0,quietly_struggling,0.498,False
STU_0296,7,5,0,1,0,13,77.1,1,0,0,69.0,72.7,-0.53,21.51,0,0,0,12.8,,0,,quietly_struggling,0.447,False
STU_0296,8,5,0,0,0,20,87.5,2,0,0,66.5,71.9,-6.38,30.57,1,0,0,11.2,-0.65,0,4.0,quietly_struggling,0.435,False
STU_0296,9,4,1,0,0,20,82.4,2,0,0,67.5,71.4,-0.72,1.0,0,0,0,10.2,,1,,quietly_struggling,0.401,False
STU_0296,10,5,0,0,0,18,47.0,2,0,0,65.0,70.8,-0.74,1.02,0,0,0,10.7,0.1,0,1.0,quietly_struggling,0.377,False
STU_0296,11,5,0,0,0,18,31.8,1,1,0,48.2,68.8,-9.66,73.67,0,0,0,9.3,,0,,quietly_struggling,0.375,True
STU_0296,12,5,0,0,0,21,64.0,1,0,0,41.7,66.5,-11.65,96.51,0,0,0,12.3,0.19,1,2.0,quietly_struggling,0.313,True
STU_0296,13,5,0,0,0,12,42.0,1,0,0,42.4,64.6,-2.91,8.42,0,0,0,13.7,,0,,quietly_struggling,0.288,True
STU_0296,14,5,0,0,0,13,37.1,2,0,0,41.0,63.0,-0.36,0.31,0,0,0,9.8,-0.41,0,1.0,quietly_struggling,0.225,True
STU_0296,15,5,0,0,0,20,32.1,1,1,0,43.9,61.7,0.76,1.39,1,0,0,13.0,,1,,quietly_struggling,0.132,True
STU_0296,16,5,0,0,0,21,29.8,2,0,0,36.8,60.1,-2.13,8.6,0,0,0,10.3,-0.82,1,2.0,quietly_struggling,0.04,True
STU_0297,1,5,0,0,0,17,139.5,1,1,0,77.1,77.1,0.0,0.0,0,0,0,10.7,,0,,quietly_struggling,0.838,False
STU_0297,2,4,1,0,0,15,91.1,2,0,0,72.7,74.9,-4.44,4.92,0,0,0,11.6,0.13,0,3.0,quietly_struggling,0.798,False
STU_0297,3,5,0,0,0,11,90.4,1,0,2,72.8,74.2,-2.16,4.26,0,0,0,13.9,,0,,quietly_struggling,0.755,False
STU_0297,4,5,0,0,0,11,96.9,2,1,0,79.8,75.6,3.58,11.23,0,0,0,13.3,0.44,0,3.0,quietly_struggling,0.71,False
STU_0297,5,5,0,1,0,10,76.2,1,0,0,67.4,74.0,-2.67,25.77,0,0,0,13.4,,0,,quietly_struggling,0.685,False
STU_0297,6,5,0,1,0,17,97.9,2,1,1,71.0,73.5,-4.42,27.17,1,0,0,12.1,0.31,0,4.0,quietly_struggling,0.604,False
STU_0297,7,5,0,0,0,16,62.7,1,0,0,66.9,72.5,-0.27,3.29,0,0,0,14.0,,0,,quietly_struggling,0.574,False
STU_0297,8,5,0,0,0,13,63.7,2,0,1,69.5,72.2,-0.72,2.87,1,0,0,12.7,-0.14,0,4.0,quietly_struggling,0.559,False
STU_0297,9,5,0,1,0,18,45.6,1,0,0,60.4,70.8,-3.25,14.75,0,0,0,10.5,,0,,quietly_struggling,0.522,False
STU_0297,10,5,0,0,0,25,53.6,1,0,0,59.4,69.7,-5.05,20.74,1,0,0,13.5,0.21,0,2.0,quietly_struggling,0.476,False
STU_0297,11,4,1,0,0,26,71.3,1,3,0,51.8,68.1,-4.32,14.93,0,0,0,12.6,,0,,quietly_struggling,0.467,False
STU_0297,12,5,0,0,0,18,53.5,1,0,0,39.6,65.7,-9.94,66.97,1,0,0,9.6,-0.09,0,5.0,quietly_struggling,0.364,False
STU_0297,13,4,1,0,0,18,74.0,2,2,0,56.9,65.0,2.59,53.1,1,0,0,13.3,,0,,quietly_struggling,0.365,True
STU_0297,14,5,0,0,0,18,43.6,2,1,1,44.1,63.5,2.26,54.24,0,0,0,12.4,-0.26,2,3.0,quietly_struggling,0.298,True
STU_0297,15,4,1,2,0,25,80.8,2,0,0,43.1,62.2,-6.92,39.82,0,0,0,9.9,,2,,quietly_struggling,0.255,True
STU_0297,16,5,0,0,0,17,28.7,2,0,1,32.5,60.3,-5.76,27.23,0,0,0,9.5,-0.33,1,2.0,quietly_struggling,0.161,True
STU_0298,1,4,1,0,0,12,103.1,2,1,0,74.4,74.4,0.0,0.0,0,0,0,11.0,,0,,quietly_struggling,0.86,False
STU_0298,2,5,0,0,0,17,109.6,1,0,2,82.5,78.5,8.08,16.31,1,0,0,11.1,0.47,0,5.0,quietly_struggling,0.788,False
STU_0298,3,5,0,2,0,15,95.9,2,0,0,71.0,76.0,-1.71,23.23,0,0,0,11.8,,0,,quietly_struggling,0.776,False
STU_0298,4,5,0,0,0,12,66.2,2,0,0,74.8,75.7,-3.86,22.89,0,0,0,10.5,0.93,0,5.0,quietly_struggling,0.754,False
STU_0298,5,5,0,0,0,18,101.7,2,1,0,71.6,74.9,0.29,2.76,0,0,0,13.2,,0,,quietly_struggling,0.696,False
STU_0298,6,5,0,0,0,19,106.0,1,1,0,71.8,74.4,-1.5,2.14,1,0,0,11.3,1.0,0,4.0,quietly_struggling,0.668,False
STU_0298,7,5,0,1,0,23,50.5,1,1,0,65.5,73.1,-3.03,8.42,0,0,0,9.8,,0,,quietly_struggling,0.571,False
STU_0298,8,5,0,0,0,21,55.5,2,2,1,69.0,72.6,-1.39,6.54,1,0,0,12.9,-0.39,0,4.0,quietly_struggling,0.461,False
STU_0298,9,5,0,1,0,17,59.6,1,1,0,65.9,71.9,0.19,2.42,0,0,0,13.5,,0,,quietly_struggling,0.349,False
STU_0298,10,5,0,0,0,12,61.6,1,5,0,60.6,70.7,-4.21,12.07,1,0,0,12.5,-0.24,0,2.0,quietly_struggling,0.216,True
STU_0298,11,5,0,0,0,23,19.2,2,0,0,50.9,68.9,-7.51,38.72,0,0,0,11.2,,1,,quietly_struggling,0.154,True
STU_0298,12,5,0,0,0,17,15.0,2,0,0,49.5,67.3,-5.56,24.42,0,0,0,10.1,-0.38,1,1.0,quietly_struggling,0.058,True
STU_0298,13,5,0,0,0,13,36.6,1,0,0,59.4,66.7,4.27,19.31,1,0,0,10.5,,1,,quietly_struggling,0.02,True
STU_0298,14,5,0,2,0,20,37.7,2,2,0,47.0,65.3,-1.25,28.92,0,0,0,12.8,-1.0,0,2.0,quietly_struggling,0.02,True
STU_0298,15,5,0,0,0,21,15.0,2,2,0,35.5,63.3,-11.96,95.41,0,0,0,13.4,,0,,quietly_struggling,0.02,True
STU_0298,16,4,1,0,0,19,28.3,2,1,0,35.4,61.6,-5.78,29.44,0,0,0,9.3,-1.0,0,2.0,quietly_struggling,0.02,True
STU_0299,1,5,0,0,0,22,83.4,1,0,0,85.4,85.4,0.0,0.0,0,0,0,9.8,,0,,quietly_struggling,0.791,False
STU_0299,2,5,0,2,0,20,86.7,2,0,0,77.4,81.4,-7.93,15.72,0,0,0,13.8,1.0,0,5.0,quietly_struggling,0.697,False
STU_0299,3,5,0,0,0,19,67.4,2,0,0,76.4,79.7,-4.46,15.95,0,0,0,13.4,,0,,quietly_struggling,0.627,False
STU_0299,4,5,0,0,0,19,75.3,2,1,0,78.3,79.4,0.45,0.59,0,0,0,12.5,0.22,0,4.0,quietly_struggling,0.574,False
STU_0299,5,4,1,2,0,23,72.2,2,0,1,72.1,77.9,-2.18,6.84,0,0,0,13.9,,0,,quietly_struggling,0.536,False
STU_0299,6,5,0,1,0,14,61.8,1,4,1,69.2,76.5,-4.54,14.38,0,0,0,9.2,0.15,0,3.0,quietly_struggling,0.488,False
STU_0299,7,5,0,0,0,17,42.1,1,1,0,69.0,75.4,-1.51,1.91,0,0,0,13.6,,0,,quietly_struggling,0.415,False
STU_0299,8,4,1,0,0,14,70.6,2,0,0,66.3,74.3,-1.46,1.78,0,0,0,12.8,-0.44,1,2.0,quietly_struggling,0.336,False
STU_0299,9,5,0,0,0,19,19.9,2,0,0,57.0,72.4,-6.01,26.5,0,0,0,12.0,,0,,quietly_struggling,0.266,True
STU_0299,10,5,0,2,0,27,46.1,1,0,0,55.2,70.6,-5.57,23.79,0,0,0,13.1,-0.18,1,2.0,quietly_struggling,0.172,True
STU_0299,11,5,0,2,0,20,34.8,1,1,0,53.1,69.1,-1.94,2.51,0,0,0,12.6,,2,,quietly_struggling,0.116,True
STU_0299,12,5,0,1,0,22,32.9,1,1,0,46.8,67.2,-4.21,12.89,0,0,0,11.7,-0.46,1,1.0,quietly_struggling,0.042,True
STU_0299,13,5,0,1,0,17,15.0,2,2,0,51.0,65.9,-1.08,7.04,0,0,0,10.1,,1,,quietly_struggling,0.02,True
STU_0299,14,4,1,0,0,20,26.4,1,0,0,42.0,64.2,-2.37,13.42,0,0,0,11.7,-1.0,0,2.0,quietly_struggling,0.02,True
STU_0299,15,4,1,0,0,18,43.4,1,1,0,30.8,62.0,-10.08,68.05,0,0,0,11.0,,1,,quietly_struggling,0.02,True
STU_0299,16,5,0,0,0,14,27.9,2,1,0,24.2,59.6,-8.91,54.14,0,0,0,11.4,-1.0,2,1.0,quietly_struggling,0.02,True
STU_0300,1,5,0,0,0,19,77.3,1,1,1,72.9,72.9,0.0,0.0,0,0,0,13.4,,0,,quietly_struggling,0.764,False
STU_0300,2,5,0,0,0,18,76.6,2,1,0,77.1,75.0,4.22,4.45,1,0,0,11.4,0.52,0,3.0,quietly_struggling,0.691,False
STU_0300,3,5,0,0,0,17,82.4,2,0,0,71.2,73.7,-0.86,6.22,0,0,0,10.2,,0,,quietly_struggling,0.634,False
STU_0300,4,4,1,1,0,21,65.2,2,0,1,71.1,73.1,-3.01,7.95,0,0,0,11.4,0.51,0,5.0,quietly_struggling,0.591,False
STU_0300,5,5,0,0,0,13,43.2,2,0,0,80.3,74.5,4.58,18.82,1,0,0,9.2,,0,,quietly_struggling,0.59,False
STU_0300,6,5,0,0,0,11,55.7,1,0,0,73.8,74.4,1.38,15.03,0,0,0,9.2,-0.4,0,4.0,quietly_struggling,0.57,False
STU_0300,7,4,1,0,0,18,54.8,1,0,1,77.9,74.9,-1.23,7.16,0,0,0,9.2,,0,,quietly_struggling,0.569,False
STU_0300,8,5,0,0,0,17,73.4,2,0,1,70.5,74.3,-1.66,9.03,1,0,0,9.5,0.17,0,3.0,quietly_struggling,0.518,False
STU_0300,9,5,0,0,0,15,36.3,1,2,0,56.5,72.4,-10.69,78.72,0,0,0,10.9,,1,,quietly_struggling,0.45,False
STU_0300,10,5,0,2,0,22,49.1,2,0,0,60.7,71.2,-4.91,34.59,0,0,0,13.5,-0.21,0,3.0,quietly_struggling,0.376,False
STU_0300,11,5,0,0,0,11,40.9,2,1,0,51.8,69.4,-2.35,13.22,0,0,0,10.8,,0,,quietly_struggling,0.323,True
STU_0300,12,5,0,2,0,12,41.5,1,1,0,39.3,66.9,-10.67,76.59,0,0,0,13.9,-0.98,1,2.0,quietly_struggling,0.252,True
STU_0300,13,5,0,1,0,13,45.8,2,1,0,53.3,65.9,0.77,39.16,0,0,0,9.7,,2,,quietly_struggling,0.114,True
STU_0300,14,4,1,0,0,17,47.9,2,0,0,44.4,64.3,2.5,33.45,0,0,0,9.3,-0.66,1,1.0,quietly_struggling,0.032,True
STU_0300,15,5,0,1,0,19,40.2,2,1,0,34.1,62.3,-9.59,61.43,0,0,0,9.5,,1,,quietly_struggling,0.02,True
STU_0300,16,5,0,0,0,18,39.1,2,1,0,18.3,59.6,-13.03,114.95,0,0,0,12.0,-0.79,1,1.0,quietly_struggling,0.02,True
STU_0301,1,5,0,0,0,16,66.6,1,0,0,76.3,76.3,0.0,0.0,0,0,0,11.9,,0,,quietly_struggling,0.702,False
STU_0301,2,5,0,0,0,24,68.5,1,0,0,86.0,81.1,9.71,23.57,1,0,0,12.1,-0.23,0,4.0,quietly_struggling,0.699,False
STU_0301,3,5,0,0,0,19,39.2,2,0,0,70.9,77.7,-2.68,38.89,0,0,0,11.7,,0,,quietly_struggling,0.647,False
STU_0301,4,5,0,0,0,24,75.2,1,1,0,78.3,77.9,-3.83,37.84,0,0,0,10.3,0.06,0,4.0,quietly_struggling,0.662,False
STU_0301,5,5,0,1,0,10,86.0,1,0,1,68.0,75.9,-1.43,18.73,1,0,0,9.1,,1,,quietly_struggling,0.632,False
STU_0301,6,5,0,0,0,16,107.3,1,0,0,69.7,74.9,-4.33,20.35,0,0,0,13.0,0.11,0,3.0,quietly_struggling,0.629,False
STU_0301,7,4,1,0,0,16,79.3,2,1,0,69.2,74.0,0.57,0.45,0,0,0,9.4,,0,,quietly_struggling,0.6,False
STU_0301,8,5,0,2,0,22,63.1,2,0,0,70.1,73.6,0.24,0.15,1,0,0,10.8,0.28,1,3.0,quietly_struggling,0.482,False
STU_0301,9,5,0,0,0,21,51.3,1,1,1,67.6,72.9,-0.79,1.08,0,0,0,10.9,,0,,quietly_struggling,0.46,False
STU_0301,10,5,0,0,0,8,58.1,2,2,0,56.8,71.3,-6.65,33.3,0,0,0,12.4,-0.63,0,1.0,quietly_struggling,0.435,False
STU_0301,11,5,0,1,0,20,35.0,2,0,0,47.3,69.1,-10.17,69.03,0,0,0,11.7,,1,,quietly_struggling,0.396,False
STU_0301,12,5,0,2,0,13,16.3,1,2,0,49.6,67.5,-3.62,16.56,0,0,0,13.2,-0.36,0,3.0,quietly_struggling,0.317,True
STU_0301,13,5,0,0,0,15,44.7,1,1,0,46.6,65.9,-0.32,1.6,0,0,0,11.4,,2,,quietly_struggling,0.274,True
STU_0301,14,4,1,0,0,18,28.7,1,2,0,41.1,64.1,-4.23,12.31,0,0,0,10.6,-0.37,1,2.0,quietly_struggling,0.21,True
STU_0301,15,5,0,0,0,14,37.8,2,3,0,31.9,62.0,-7.38,37.12,1,0,0,9.5,,0,,quietly_struggling,0.18,True
STU_0301,16,5,0,1,0,22,31.6,1,1,0,30.6,60.0,-5.23,21.85,0,0,0,13.0,-0.6,1,2.0,quietly_struggling,0.129,True
STU_0302,1,5,0,0,0,18,82.6,2,0,0,77.9,77.9,0.0,0.0,0,0,0,12.3,,0,,quietly_struggling,0.679,False
STU_0302,2,5,0,2,0,23,94.0,2,0,0,74.6,76.2,-3.37,2.84,0,0,0,12.3,0.59,0,3.0,quietly_struggling,0.603,False
STU_0302,3,5,0,1,0,14,90.3,2,1,0,78.4,77.0,0.25,2.96,0,0,0,11.7,,0,,quietly_struggling,0.663,False
STU_0302,4,5,0,1,0,17,88.6,1,1,0,70.8,75.4,-1.86,9.63,0,0,0,9.8,0.53,0,3.0,quietly_struggling,0.601,False
STU_0302,5,5,0,0,0,12,83.4,2,2,0,72.8,74.9,-2.8,10.36,0,0,0,12.9,,1,,quietly_struggling,0.592,False
STU_0302,6,5,0,0,0,18,89.1,1,0,0,70.5,74.2,-0.16,1.05,0,0,0,13.5,0.59,0,4.0,quietly_struggling,0.547,False
STU_0302,7,5,0,0,0,23,47.7,2,0,0,70.4,73.6,-1.2,1.24,0,0,0,10.0,,1,,quietly_struggling,0.419,False
STU_0302,8,4,1,0,0,19,75.5,2,0,0,73.3,73.6,1.4,1.8,0,0,0,11.6,-0.15,1,2.0,quietly_struggling,0.416,False
STU_0302,9,5,0,1,0,20,50.6,2,1,0,61.6,72.3,-4.39,24.64,0,0,0,10.4,,0,,quietly_struggling,0.37,False
STU_0302,10,5,0,0,0,14,15.0,2,0,0,43.6,69.4,-14.84,149.02,0,0,0,9.5,-0.75,0,3.0,quietly_struggling,0.285,True
STU_0302,11,5,0,0,0,18,42.0,1,1,0,55.1,68.1,-3.28,55.36,1,0,0,11.7,,1,,quietly_struggling,0.212,True
STU_0302,12,5,0,0,0,14,55.1,2,2,0,52.5,66.8,4.44,24.05,1,0,0,12.1,-0.46,0,2.0,quietly_struggling,0.184,True
STU_0302,13,5,0,0,0,17,25.3,2,2,0,45.6,65.2,-4.72,15.89,0,0,0,9.9,,0,,quietly_struggling,0.204,True
STU_0302,14,5,0,0,0,21,24.1,1,0,0,50.3,64.1,-1.14,8.2,1,0,0,13.7,0.53,1,3.0,quietly_struggling,0.134,True
STU_0302,15,5,0,0,0,21,43.6,2,0,0,44.5,62.8,-0.55,6.11,0,0,0,9.8,,0,,quietly_struggling,0.042,True
STU_0302,16,5,0,0,0,20,51.4,2,2,0,30.1,60.8,-10.07,71.85,0,0,0,13.3,-0.69,0,1.0,quietly_struggling,0.02,True
STU_0303,1,4,1,0,0,18,82.6,1,0,0,76.8,76.8,0.0,0.0,0,0,0,11.7,,0,,quietly_struggling,0.757,False
STU_0303,2,4,1,0,0,11,93.1,1,0,0,72.4,74.6,-4.41,4.87,0,0,0,13.6,0.92,0,4.0,quietly_struggling,0.685,False
STU_0303,3,5,0,0,0,18,93.2,2,1,0,72.9,74.0,-1.95,3.88,0,0,0,10.0,,0,,quietly_struggling,0.644,False
STU_0303,4,5,0,0,0,17,91.3,1,1,1,71.2,73.3,-0.6,0.52,0,0,0,13.1,0.49,0,3.0,quietly_struggling,0.569,False
STU_0303,5,5,0,0,0,13,90.1,1,1,0,74.7,73.6,0.9,2.07,0,0,0,11.6,,0,,quietly_struggling,0.51,False
STU_0303,6,4,1,0,0,15,72.5,2,1,0,63.3,71.9,-3.93,22.68,0,0,0,11.7,0.35,1,3.0,quietly_struggling,0.452,False
STU_0303,7,5,0,0,0,17,42.4,2,1,1,70.6,71.7,-2.06,22.19,1,0,0,12.2,,0,,quietly_struggling,0.356,False
STU_0303,8,5,0,0,0,13,71.8,2,0,1,68.4,71.3,2.55,9.31,0,0,0,10.8,-0.08,0,2.0,quietly_struggling,0.323,True
STU_0303,9,5,0,0,0,19,41.3,1,0,0,67.9,70.9,-1.33,1.33,1,0,0,11.0,,1,,quietly_struggling,0.256,True
STU_0303,10,5,0,2,0,17,63.6,2,1,0,65.1,70.3,-1.64,2.1,0,0,0,13.5,-1.0,1,1.0,quietly_struggling,0.212,True
STU_0303,11,5,0,0,0,19,49.9,1,0,1,59.3,69.3,-4.33,12.99,1,0,0,11.2,,0,,quietly_struggling,0.185,True
STU_0303,12,5,0,0,0,26,20.1,2,1,1,64.7,68.9,-0.23,7.04,0,0,0,9.2,-0.23,1,1.0,quietly_struggling,0.142,True
STU_0303,13,5,0,0,0,24,26.0,1,1,0,44.0,67.0,-7.62,76.24,0,0,0,11.6,,0,,quietly_struggling,0.093,True
STU_0303,14,5,0,0,0,25,36.0,2,1,0,39.4,65.1,-12.65,120.72,0,0,0,13.3,0.08,0,2.0,quietly_struggling,0.02,True
STU_0303,15,5,0,0,0,18,18.9,2,2,0,38.0,63.2,-3.03,6.74,0,0,0,10.8,,0,,quietly_struggling,0.02,True
STU_0303,16,5,0,0,0,14,27.9,1,1,0,34.4,61.4,-2.48,4.36,0,0,0,11.7,-1.0,2,1.0,quietly_struggling,0.02,True
STU_0304,1,5,0,0,0,20,72.4,2,0,0,79.1,79.1,0.0,0.0,2,0,0,11.7,,1,,quietly_struggling,0.775,False
STU_0304,2,5,0,0,0,15,107.9,1,0,1,75.8,77.4,-3.39,2.88,1,0,0,12.9,0.28,0,3.0,quietly_struggling,0.792,False
STU_0304,3,4,1,2,0,14,98.2,1,1,0,70.6,75.2,-4.29,12.48,0,0,0,12.6,,0,,quietly_struggling,0.721,False
STU_0304,4,5,0,1,0,19,68.4,1,1,0,73.1,74.6,-1.31,4.5,0,0,0,13.3,0.49,0,3.0,quietly_struggling,0.695,False
STU_0304,5,4,1,0,0,10,90.8,2,0,0,67.1,73.1,-1.74,6.18,0,0,0,13.9,,0,,quietly_struggling,0.619,False
STU_0304,6,4,1,1,0,14,102.8,2,0,0,70.0,72.6,-1.55,6.13,1,0,0,13.0,0.37,0,3.0,quietly_struggling,0.56,False
STU_0304,7,5,0,0,0,13,81.2,2,0,1,66.2,71.7,-0.44,2.69,0,0,0,10.8,,0,,quietly_struggling,0.558,False
STU_0304,8,5,0,2,0,15,72.5,2,0,0,65.8,71.0,-2.09,3.6,0,0,0,10.0,0.3,0,3.0,quietly_struggling,0.51,False
STU_0304,9,5,0,0,0,16,45.7,1,0,0,55.5,69.2,-5.36,24.68,0,0,0,11.3,,0,,quietly_struggling,0.454,False
STU_0304,10,5,0,1,0,18,50.9,1,2,0,56.7,68.0,-4.59,21.44,0,0,0,12.3,-0.45,0,3.0,quietly_struggling,0.416,False
STU_0304,11,5,0,0,0,25,15.2,2,0,0,60.4,67.3,2.45,4.36,1,0,0,9.1,,0,,quietly_struggling,0.349,False
STU_0304,12,5,0,0,0,19,31.3,2,1,1,50.5,65.9,-3.08,16.6,1,0,0,9.1,-0.58,0,3.0,quietly_struggling,0.289,True
STU_0304,13,5,0,0,0,18,56.2,2,2,0,41.6,64.0,-9.39,58.82,2,0,0,13.8,,2,,quietly_struggling,0.181,True
STU_0304,14,5,0,1,0,21,35.6,1,1,0,34.8,61.9,-7.83,41.13,0,0,0,12.8,-0.2,1,2.0,quietly_struggling,0.066,True
STU_0304,15,5,0,2,0,18,15.3,2,0,0,28.5,59.7,-6.55,28.61,0,0,0,12.8,,2,,quietly_struggling,0.02,True
STU_0304,16,5,0,0,0,19,15.0,1,0,0,38.3,58.4,1.71,16.33,0,0,0,10.2,-1.0,0,3.0,quietly_struggling,0.02,True
STU_0305,1,5,0,0,0,13,76.6,2,1,0,78.6,78.6,0.0,0.0,0,0,0,12.8,,0,,quietly_struggling,0.683,False
STU_0305,2,5,0,2,0,12,90.7,2,0,1,80.3,79.4,1.65,0.68,0,0,0,11.9,-0.02,0,4.0,quietly_struggling,0.632,False
STU_0305,3,4,1,2,0,8,32.6,2,1,0,77.9,78.9,-0.37,1.0,0,0,0,9.2,,0,,quietly_struggling,0.537,False
STU_0305,4,5,0,2,0,15,54.2,2,2,0,65.3,75.5,-7.5,43.27,0,0,0,12.3,0.34,0,3.0,quietly_struggling,0.489,False
STU_0305,5,4,1,1,0,21,49.7,2,0,0,74.0,75.2,-1.95,27.76,0,0,0,10.4,,0,,quietly_struggling,0.36,False
STU_0305,6,5,0,1,0,24,68.9,2,0,0,65.0,73.5,-0.14,17.39,0,0,0,12.5,-0.44,0,3.0,quietly_struggling,0.343,True
STU_0305,7,5,0,0,0,20,47.2,2,0,0,70.4,73.1,-1.79,13.64,0,0,0,9.7,,0,,quietly_struggling,0.291,True
STU_0305,8,5,0,0,0,18,27.1,2,1,1,69.3,72.6,2.17,5.47,0,0,0,13.5,-0.6,1,2.0,quietly_struggling,0.252,True
STU_0305,9,5,0,1,0,14,15.0,2,3,0,68.2,72.1,-1.1,0.81,0,0,0,10.9,,2,,quietly_struggling,0.201,True
STU_0305,10,5,0,1,0,12,20.5,2,0,0,55.1,70.4,-7.14,42.01,0,0,0,11.2,0.08,1,2.0,quietly_struggling,0.148,True
STU_0305,11,5,0,0,0,17,20.4,1,0,0,65.7,70.0,-1.26,32.46,0,0,0,13.3,,0,,quietly_struggling,0.113,True
STU_0305,12,5,0,0,0,15,38.6,1,0,0,51.8,68.5,-1.64,35.24,0,0,0,11.9,-0.18,0,2.0,quietly_struggling,0.064,True
STU_0305,13,4,1,2,0,18,18.3,1,2,0,45.6,66.7,-10.04,70.53,0,0,0,10.6,,0,,quietly_struggling,0.02,True
STU_0305,14,5,0,0,0,19,15.0,2,2,0,42.5,65.0,-4.65,14.91,0,0,0,13.2,-0.46,0,1.0,quietly_struggling,0.02,True
STU_0305,15,5,0,0,0,14,24.2,1,1,0,38.5,63.2,-3.57,8.54,0,0,0,13.4,,1,,quietly_struggling,0.02,True
STU_0305,16,5,0,0,0,20,30.0,1,4,0,39.5,61.7,-1.48,2.89,0,0,0,11.5,-0.98,0,2.0,quietly_struggling,0.02,True
STU_0306,1,5,0,0,0,15,111.3,2,0,0,75.9,75.9,0.0,0.0,0,0,0,9.2,,0,,quietly_struggling,0.81,False
STU_0306,2,5,0,1,0,16,85.6,1,0,0,79.6,77.8,3.73,3.48,0,0,0,11.7,0.55,0,5.0,quietly_struggling,0.719,False
STU_0306,3,5,0,0,0,20,71.8,2,1,0,73.9,76.5,-1.01,5.69,0,0,0,12.5,,0,,quietly_struggling,0.69,False
STU_0306,4,4,1,0,0,20,84.4,1,1,0,79.1,77.1,-0.25,6.8,0,0,0,12.2,0.62,0,3.0,quietly_struggling,0.629,False
STU_0306,5,4,1,0,0,14,52.8,2,0,0,80.6,77.8,3.35,8.3,0,0,0,13.3,,0,,quietly_struggling,0.535,False
STU_0306,6,5,0,0,0,15,38.8,2,1,0,77.4,77.8,-0.87,1.69,0,0,0,13.3,-0.18,0,4.0,quietly_struggling,0.519,False
STU_0306,7,5,0,0,0,12,66.1,2,0,0,64.7,75.9,-7.93,46.95,1,0,0,10.5,,0,,quietly_struggling,0.422,False
STU_0306,8,4,1,0,0,22,48.0,2,0,0,60.7,74.0,-8.33,50.46,0,0,0,12.0,-0.01,0,3.0,quietly_struggling,0.369,False
STU_0306,9,5,0,0,0,16,57.0,2,0,0,70.0,73.6,2.65,14.44,0,0,0,11.5,,0,,quietly_struggling,0.347,True
STU_0306,10,5,0,0,0,15,42.7,2,1,0,54.5,71.7,-3.11,40.54,0,0,0,12.3,-0.25,0,3.0,quietly_struggling,0.296,True
STU_0306,11,5,0,0,0,10,17.6,2,2,0,47.8,69.5,-11.1,86.47,0,0,0,9.1,,2,,quietly_struggling,0.271,True
STU_0306,12,5,0,1,0,17,59.9,1,2,0,48.7,67.7,-2.93,8.9,0,0,0,12.9,-0.4,0,2.0,quietly_struggling,0.23,True
STU_0306,13,5,0,0,0,12,57.3,2,3,0,45.2,66.0,-1.32,2.2,0,0,0,12.1,,1,,quietly_struggling,0.162,True
STU_0306,14,4,1,0,0,12,31.7,1,3,0,41.4,64.3,-3.64,8.81,0,0,0,13.2,-0.25,0,2.0,quietly_struggling,0.063,True
STU_0306,15,5,0,0,0,16,16.6,2,1,0,36.7,62.4,-4.25,12.1,0,0,0,13.0,,2,,quietly_struggling,0.02,True
STU_0306,16,5,0,0,0,14,24.1,2,3,0,36.1,60.8,-2.67,5.67,0,0,0,9.3,-1.0,0,1.0,quietly_struggling,0.02,True
STU_0307,1,5,0,0,0,17,81.4,2,2,0,72.7,72.7,0.0,0.0,0,0,0,11.8,,0,,quietly_struggling,0.7,False
STU_0307,2,5,0,0,0,25,61.8,2,0,1,77.0,74.8,4.24,4.49,0,0,0,12.5,0.25,0,4.0,quietly_struggling,0.646,False
STU_0307,3,5,0,1,0,19,69.1,2,0,0,71.4,73.7,-0.64,5.58,1,0,0,11.8,,0,,quietly_struggling,0.554,False
STU_0307,4,5,0,0,0,20,45.8,2,0,0,80.3,75.4,1.69,13.49,0,0,0,12.6,-0.44,0,2.0,quietly_struggling,0.52,False
STU_0307,5,4,1,0,0,20,70.4,1,1,0,66.6,73.6,-2.43,32.54,2,0,0,9.2,,0,,quietly_struggling,0.482,False
STU_0307,6,5,0,1,0,24,68.5,2,1,0,73.7,73.6,-3.32,31.64,1,0,0,12.9,-0.08,1,4.0,quietly_struggling,0.442,False
STU_0307,7,5,0,1,0,17,49.0,1,1,0,72.1,73.4,2.76,9.32,0,0,0,10.7,,0,,quietly_struggling,0.42,False
STU_0307,8,5,0,0,0,12,38.5,2,1,0,73.0,73.3,-0.37,0.43,1,0,0,10.2,-0.45,1,4.0,quietly_struggling,0.348,False
STU_0307,9,5,0,1,0,21,58.8,1,2,0,57.5,71.6,-7.3,50.33,0,0,0,11.6,,0,,quietly_struggling,0.334,True
STU_0307,10,5,0,2,0,15,22.0,2,5,0,57.0,70.1,-7.99,54.97,0,0,0,13.5,-0.25,2,3.0,quietly_struggling,0.222,True
STU_0307,11,4,1,2,0,5,39.1,2,0,0,51.0,68.4,-3.24,8.63,0,0,0,13.6,,1,,quietly_struggling,0.146,True
STU_0307,12,5,0,1,0,14,51.7,1,1,0,56.6,67.4,-0.19,7.43,0,0,0,10.0,-0.75,1,2.0,quietly_struggling,0.114,True
STU_0307,13,5,0,2,0,15,30.9,2,2,0,52.4,66.2,0.68,5.64,0,0,0,10.8,,1,,quietly_struggling,0.02,True
STU_0307,14,4,1,0,0,19,16.4,2,3,0,38.7,64.3,-8.95,58.39,0,0,0,11.3,-1.0,2,1.0,quietly_struggling,0.02,True
STU_0307,15,5,0,1,0,23,24.7,2,3,0,41.1,62.7,-5.65,35.62,0,0,0,10.2,,1,,quietly_struggling,0.02,True
STU_0307,16,5,0,0,0,16,29.3,1,2,0,31.0,60.7,-3.87,18.74,0,0,0,11.1,-0.75,2,1.0,quietly_struggling,0.02,True
STU_0308,1,5,0,0,0,12,65.9,2,1,0,77.0,77.0,0.0,0.0,0,0,0,10.6,,0,,quietly_struggling,0.756,False
STU_0308,2,5,0,0,0,19,87.4,2,0,0,83.0,80.0,5.97,8.91,0,0,0,11.8,0.13,0,4.0,quietly_struggling,0.735,False
STU_0308,3,5,0,1,0,20,70.4,1,0,0,72.5,77.5,-2.25,18.4,1,0,0,10.6,,0,,quietly_struggling,0.648,False
STU_0308,4,5,0,0,0,24,48.6,2,0,0,75.0,76.9,-3.97,19.91,0,0,0,10.0,1.0,0,3.0,quietly_struggling,0.595,False
STU_0308,5,5,0,1,0,17,70.7,2,0,0,70.1,75.5,-1.22,4.12,0,0,0,13.8,,0,,quietly_struggling,0.542,False
STU_0308,6,5,0,0,0,13,64.9,1,1,0,69.0,74.4,-3.02,6.92,0,0,0,11.7,0.22,1,4.0,quietly_struggling,0.477,False
STU_0308,7,5,0,0,0,19,55.4,2,0,0,72.9,74.2,1.4,2.66,0,0,0,9.9,,0,,quietly_struggling,0.394,False
STU_0308,8,5,0,0,0,15,49.4,1,1,0,69.9,73.7,0.42,2.76,0,0,0,9.6,-0.74,0,2.0,quietly_struggling,0.369,True
STU_0308,9,5,0,2,0,18,32.1,2,0,0,59.3,72.1,-6.78,33.8,0,0,0,12.5,,0,,quietly_struggling,0.333,True
STU_0308,10,5,0,1,0,18,49.9,1,0,0,54.6,70.3,-7.63,40.66,0,0,0,12.1,-0.3,2,2.0,quietly_struggling,0.282,True
STU_0308,11,5,0,0,0,8,52.5,2,0,0,53.1,68.8,-3.1,6.99,0,0,0,12.7,,0,,quietly_struggling,0.267,True
STU_0308,12,5,0,0,0,19,70.6,1,0,0,51.0,67.3,-1.79,2.15,1,0,0,14.0,0.11,0,1.0,quietly_struggling,0.214,True
STU_0308,13,5,0,0,0,17,40.1,2,0,0,50.4,66.0,-1.34,1.32,0,0,0,9.0,,0,,quietly_struggling,0.111,True
STU_0308,14,5,0,0,0,22,43.1,2,0,0,42.2,64.3,-4.42,16.25,0,0,0,12.7,-0.51,0,1.0,quietly_struggling,0.02,True
STU_0308,15,5,0,0,0,23,34.7,1,1,0,33.2,62.2,-8.63,49.67,0,0,0,11.8,,0,,quietly_struggling,0.02,True
STU_0308,16,5,0,0,0,20,33.5,2,4,0,19.2,59.5,-11.51,89.66,0,0,0,13.4,-1.0,1,1.0,quietly_struggling,0.02,True
STU_0309,1,5,0,2,0,19,38.9,2,1,0,77.4,77.4,0.0,0.0,0,0,0,11.3,,0,,quietly_struggling,0.712,False
STU_0309,2,5,0,0,0,17,111.2,2,0,2,74.1,75.7,-3.34,2.79,0,0,0,11.6,0.51,0,3.0,quietly_struggling,0.7,False
STU_0309,3,5,0,0,0,19,70.8,1,2,0,74.7,75.4,-1.35,2.09,0,0,0,12.4,,0,,quietly_struggling,0.687,False
STU_0309,4,5,0,0,0,16,75.4,2,0,0,69.5,73.9,-2.26,5.27,0,0,0,11.2,0.52,0,3.0,quietly_struggling,0.639,False
STU_0309,5,5,0,0,0,17,90.6,1,1,0,73.7,73.9,-0.49,5.0,1,0,0,9.8,,0,,quietly_struggling,0.565,False
STU_0309,6,5,0,0,0,26,55.0,1,0,1,65.1,72.4,-2.21,12.32,0,0,0,13.0,-0.39,1,2.0,quietly_struggling,0.491,False
STU_0309,7,5,0,1,0,19,43.8,2,0,0,67.2,71.7,-3.25,13.4,0,0,0,10.6,,0,,quietly_struggling,0.46,False
STU_0309,8,5,0,0,0,18,51.8,2,0,1,71.1,71.6,2.98,6.11,0,0,0,12.3,-1.0,0,3.0,quietly_struggling,0.407,False
STU_0309,9,5,0,0,0,16,41.7,2,3,0,53.8,69.6,-6.73,55.16,1,0,0,9.8,,0,,quietly_struggling,0.378,False
STU_0309,10,5,0,1,0,19,64.0,2,0,0,51.8,67.8,-9.64,75.07,0,0,0,10.8,-0.56,0,2.0,quietly_struggling,0.259,True
STU_0309,11,5,0,1,0,16,37.3,1,2,0,49.9,66.2,-1.9,2.42,0,0,0,9.7,,0,,quietly_struggling,0.19,True
STU_0309,12,5,0,2,0,17,32.1,2,2,0,40.4,64.1,-5.7,24.93,0,0,0,11.1,-0.88,0,2.0,quietly_struggling,0.146,True
STU_0309,13,4,1,0,0,10,39.0,1,2,0,41.3,62.3,-4.3,18.43,1,0,0,9.9,,1,,quietly_struggling,0.076,True
STU_0309,14,4,1,0,0,11,15.0,2,3,0,30.3,60.0,-5.04,24.85,0,0,0,13.3,-0.14,0,1.0,quietly_struggling,0.02,True
STU_0309,15,5,0,0,0,18,24.5,1,1,0,49.1,59.3,3.88,59.25,0,0,0,12.2,,1,,quietly_struggling,0.02,True
STU_0309,16,5,0,1,0,16,18.0,1,1,0,35.5,57.8,2.6,62.53,0,0,0,11.4,-1.0,1,1.0,quietly_struggling,0.02,True
STU_0310,1,5,0,0,0,19,84.6,2,0,0,76.6,76.6,0.0,0.0,0,0,0,12.5,,0,,quietly_struggling,0.736,False
STU_0310,2,5,0,0,0,23,95.7,2,1,1,78.0,77.3,1.39,0.48,0,0,0,9.7,1.0,0,4.0,quietly_struggling,0.745,False
STU_0310,3,5,0,0,0,21,107.0,1,1,1,78.2,77.6,0.78,0.49,0,0,0,9.2,,0,,quietly_struggling,0.694,False
STU_0310,4,5,0,2,0,13,52.3,2,1,0,78.3,77.8,0.16,0.02,0,0,0,12.7,0.38,1,4.0,quietly_struggling,0.632,False
STU_0310,5,5,0,0,0,24,103.0,2,0,0,70.6,76.3,-3.79,13.02,0,0,0,12.8,,0,,quietly_struggling,0.548,False
STU_0310,6,5,0,2,0,21,51.4,2,1,1,66.4,74.7,-5.95,24.31,0,0,0,10.3,-0.39,0,3.0,quietly_struggling,0.47,False
STU_0310,7,5,0,0,0,18,51.0,1,1,0,68.4,73.8,-1.09,2.91,0,0,0,11.8,,1,,quietly_struggling,0.461,False
STU_0310,8,5,0,1,0,17,40.5,1,0,0,63.7,72.5,-1.37,3.76,0,0,0,10.0,0.17,0,1.0,quietly_struggling,0.376,False
STU_0310,9,5,0,0,0,14,29.8,1,0,1,53.8,70.4,-7.3,37.03,1,0,0,9.7,,0,,quietly_struggling,0.264,True
STU_0310,10,4,1,0,0,16,29.6,2,0,0,57.5,69.2,-3.07,16.58,0,0,0,12.1,-0.69,1,2.0,quietly_struggling,0.208,True
STU_0310,11,5,0,0,0,11,54.2,2,2,0,56.4,68.0,1.29,2.43,0,0,0,13.3,,1,,quietly_struggling,0.093,True
STU_0310,12,5,0,0,0,9,15.0,2,3,0,38.6,65.5,-9.48,75.31,0,0,0,11.0,-0.4,1,1.0,quietly_struggling,0.047,True
STU_0310,13,5,0,1,0,19,36.9,2,1,0,62.1,65.3,2.85,100.28,0,0,0,11.6,,0,,quietly_struggling,0.02,True
STU_0310,14,5,0,0,0,13,15.0,2,0,0,38.2,63.3,-0.17,124.61,0,0,0,11.3,-0.93,0,2.0,quietly_struggling,0.02,True
STU_0310,15,5,0,0,0,11,31.3,1,0,0,42.7,62.0,-9.71,107.24,0,0,0,13.2,,2,,quietly_struggling,0.02,True
STU_0310,16,5,0,0,0,15,26.4,2,0,0,31.8,60.1,-3.2,19.77,0,0,0,10.5,-0.63,0,2.0,quietly_struggling,0.02,True
STU_0311,1,5,0,0,0,16,54.0,2,0,0,76.1,76.1,0.0,0.0,0,0,0,13.3,,0,,quietly_struggling,0.686,False
STU_0311,2,5,0,1,0,23,40.3,2,1,3,75.4,75.7,-0.64,0.1,0,0,0,10.4,-0.2,0,3.0,quietly_struggling,0.623,False
STU_0311,3,5,0,0,0,21,90.3,2,1,0,74.3,75.2,-0.91,0.56,1,0,0,14.0,,0,,quietly_struggling,0.571,False
STU_0311,4,5,0,0,0,14,59.8,1,0,0,70.0,73.9,-2.72,5.48,0,0,0,9.5,-0.18,0,4.0,quietly_struggling,0.504,False
STU_0311,5,5,0,0,0,11,48.8,2,0,0,72.4,73.6,-0.95,3.06,0,0,0,13.1,,1,,quietly_struggling,0.488,False
STU_0311,6,5,0,1,0,17,94.8,2,1,0,69.3,72.9,-0.35,1.73,0,0,0,9.4,-0.51,1,3.0,quietly_struggling,0.445,False
STU_0311,7,4,1,0,0,19,65.1,2,1,1,72.8,72.9,0.23,2.45,0,0,0,12.6,,0,,quietly_struggling,0.394,False
STU_0311,8,4,1,2,0,22,64.2,2,1,0,76.1,73.3,3.4,7.69,0,0,0,13.8,-0.32,0,3.0,quietly_struggling,0.306,True
STU_0311,9,5,0,0,0,16,44.4,2,0,0,66.2,72.5,-3.31,16.96,0,0,0,12.3,,1,,quietly_struggling,0.221,True
STU_0311,10,5,0,0,0,22,69.0,2,2,0,57.0,70.9,-9.55,60.83,0,0,0,10.8,-0.56,0,3.0,quietly_struggling,0.157,True
STU_0311,11,4,1,0,0,13,40.2,1,0,0,55.0,69.5,-5.58,23.69,0,0,0,10.2,,0,,quietly_struggling,0.072,True
STU_0311,12,5,0,0,0,19,34.0,2,1,0,38.0,66.9,-9.47,72.37,1,0,0,13.2,-1.0,0,1.0,quietly_struggling,0.058,True
STU_0311,13,5,0,0,0,10,26.3,1,2,0,44.6,65.2,-5.22,48.91,1,0,0,9.0,,2,,quietly_struggling,0.02,True
STU_0311,14,5,0,0,0,11,49.6,2,2,0,40.6,63.4,1.3,7.22,0,0,0,11.3,-0.83,1,1.0,quietly_struggling,0.02,True
STU_0311,15,5,0,0,0,6,15.0,1,2,0,45.6,62.2,0.53,4.61,0,0,0,9.3,,2,,quietly_struggling,0.02,True
STU_0311,16,5,0,0,0,15,25.9,2,1,0,36.0,60.6,-2.33,15.54,0,0,0,10.5,-1.0,1,2.0,quietly_struggling,0.02,True
STU_0312,1,5,0,0,0,21,71.2,1,1,0,72.2,72.2,0.0,0.0,0,0,0,12.2,,0,,quietly_struggling,0.798,False
STU_0312,2,5,0,0,0,19,105.9,2,0,0,67.1,69.7,-5.05,6.37,0,0,0,12.9,0.83,0,4.0,quietly_struggling,0.716,False
STU_0312,3,4,1,1,0,10,79.6,1,1,0,79.7,73.0,3.78,26.82,0,0,0,12.0,,0,,quietly_struggling,0.626,False
STU_0312,4,5,0,1,0,18,59.8,2,1,0,70.5,72.4,1.69,28.36,0,0,0,11.2,0.11,0,4.0,quietly_struggling,0.538,False
STU_0312,5,5,0,0,0,20,50.9,2,0,0,79.2,73.8,-0.26,17.86,0,0,0,13.6,,0,,quietly_struggling,0.475,False
STU_0312,6,4,1,0,0,21,76.5,1,1,1,71.1,73.3,0.3,15.7,0,0,0,11.1,-0.82,0,2.0,quietly_struggling,0.41,False
STU_0312,7,5,0,1,0,15,56.5,1,1,0,72.6,73.2,-3.31,12.39,0,0,0,10.4,,0,,quietly_struggling,0.335,False
STU_0312,8,5,0,0,0,12,51.4,2,0,0,69.6,72.8,-0.74,1.44,0,0,0,11.7,-0.27,0,2.0,quietly_struggling,0.336,True
STU_0312,9,5,0,2,0,16,34.7,2,1,0,66.9,72.1,-2.86,5.45,0,0,0,11.3,,1,,quietly_struggling,0.223,True
STU_0312,10,5,0,0,0,10,27.7,2,1,0,66.5,71.6,-1.55,1.94,1,0,0,10.0,-0.74,2,2.0,quietly_struggling,0.119,True
STU_0312,11,5,0,1,0,18,15.0,1,1,0,49.7,69.6,-8.59,64.39,0,0,0,11.6,,0,,quietly_struggling,0.072,True
STU_0312,12,5,0,0,0,14,23.7,1,1,0,50.8,68.0,-7.88,59.29,0,0,0,13.1,-0.8,1,1.0,quietly_struggling,0.02,True
STU_0312,13,5,0,0,0,21,24.8,2,0,0,51.4,66.7,0.84,0.49,0,0,0,11.5,,1,,quietly_struggling,0.02,True
STU_0312,14,5,0,0,0,21,45.4,1,0,0,55.3,65.9,2.26,4.04,0,0,0,13.5,-1.0,0,1.0,quietly_struggling,0.02,True
STU_0312,15,5,0,2,0,20,23.1,1,1,0,34.6,63.8,-8.4,80.96,0,0,0,12.6,,0,,quietly_struggling,0.02,True
STU_0312,16,5,0,0,0,19,18.4,2,1,0,38.9,62.3,-8.2,79.82,0,0,0,13.1,-0.72,1,2.0,quietly_struggling,0.02,True
STU_0313,1,5,0,0,0,14,106.8,1,1,0,74.2,74.2,0.0,0.0,0,0,0,10.0,,0,,quietly_struggling,0.736,False
STU_0313,2,5,0,0,0,11,81.3,2,0,0,77.5,75.9,3.3,2.72,0,0,0,9.6,0.41,0,4.0,quietly_struggling,0.682,False
STU_0313,3,5,0,0,0,20,83.1,2,1,0,69.0,73.6,-2.62,12.34,0,0,0,10.7,,0,,quietly_struggling,0.65,False
STU_0313,4,5,0,2,0,15,80.9,2,1,1,77.1,74.4,-0.23,15.37,0,0,0,12.4,0.73,0,4.0,quietly_struggling,0.615,False
STU_0313,5,5,0,2,0,17,47.0,1,1,0,71.9,73.9,1.46,11.17,0,0,0,9.1,,0,,quietly_struggling,0.566,False
STU_0313,6,5,0,1,0,24,59.4,2,2,1,68.0,72.9,-4.53,13.74,0,0,0,12.5,-0.12,1,3.0,quietly_struggling,0.472,False
STU_0313,7,5,0,0,0,17,58.5,1,3,0,72.6,72.9,0.35,4.06,0,0,0,9.7,,0,,quietly_struggling,0.416,False
STU_0313,8,5,0,0,0,20,42.0,1,3,0,68.1,72.3,0.03,4.61,0,0,0,12.2,-0.3,1,2.0,quietly_struggling,0.251,False
STU_0313,9,5,0,1,0,15,49.9,2,1,0,59.3,70.8,-6.66,30.55,0,0,0,13.2,,0,,quietly_struggling,0.231,True
STU_0313,10,4,1,0,0,10,45.3,2,2,0,58.7,69.6,-4.68,18.35,0,0,0,11.3,-1.0,2,2.0,quietly_struggling,0.174,True
STU_0313,11,5,0,1,0,20,48.2,2,2,0,64.3,69.1,2.52,6.37,0,0,0,10.3,,1,,quietly_struggling,0.096,True
STU_0313,12,5,0,0,0,14,61.6,2,3,0,62.1,68.6,1.68,5.33,1,0,0,12.6,-0.94,0,1.0,quietly_struggling,0.055,True
STU_0313,13,5,0,0,0,15,15.0,1,0,0,50.5,67.2,-6.93,36.88,1,0,0,10.4,,1,,quietly_struggling,0.02,True
STU_0313,14,5,0,0,0,14,34.2,1,2,0,39.9,65.2,-11.09,82.0,0,0,0,13.3,-0.59,0,1.0,quietly_struggling,0.02,True
STU_0313,15,5,0,0,0,11,15.0,2,0,0,31.8,63.0,-9.31,58.1,0,0,0,12.9,,1,,quietly_struggling,0.02,True
STU_0313,16,5,0,1,0,18,21.1,2,3,0,29.4,60.9,-5.25,20.11,0,0,0,9.3,-0.72,1,1.0,quietly_struggling,0.02,True
STU_0314,1,5,0,1,0,25,93.5,2,0,0,74.8,74.8,0.0,0.0,0,0,0,13.9,,0,,quietly_struggling,0.752,False
STU_0314,2,4,1,0,0,18,57.7,1,0,0,69.8,72.3,-5.06,6.4,0,0,0,10.3,0.04,0,3.0,quietly_struggling,0.695,False
STU_0314,3,5,0,1,0,22,92.8,1,1,0,71.3,72.0,-1.78,4.5,0,0,0,9.3,,0,,quietly_struggling,0.649,False
STU_0314,4,5,0,0,0,20,87.5,1,2,0,69.7,71.4,-0.06,0.54,1,0,0,12.8,0.36,0,3.0,quietly_struggling,0.573,False
STU_0314,5,5,0,0,0,17,59.5,1,0,0,71.9,71.5,0.3,0.88,0,0,0,10.9,,0,,quietly_struggling,0.563,False
STU_0314,6,5,0,0,0,14,88.1,1,0,0,75.1,72.1,2.74,5.06,0,0,0,12.4,0.35,0,3.0,quietly_struggling,0.537,False
STU_0314,7,4,1,0,0,15,44.6,2,1,0,72.0,72.1,0.06,2.27,0,0,0,12.1,,0,,quietly_struggling,0.473,False
STU_0314,8,5,0,0,0,17,39.5,1,1,0,63.5,71.0,-5.83,24.25,0,0,0,11.6,-0.28,0,4.0,quietly_struggling,0.438,False
STU_0314,9,4,1,1,0,17,92.3,2,3,0,68.6,70.7,-1.71,12.26,0,0,0,14.0,,0,,quietly_struggling,0.434,False
STU_0314,10,5,0,0,0,15,34.4,2,0,0,64.2,70.1,0.34,5.13,0,0,0,13.2,-0.74,0,2.0,quietly_struggling,0.287,False
STU_0314,11,5,0,0,0,17,47.5,2,2,0,46.9,68.0,-10.83,87.35,0,0,0,9.6,,0,,quietly_struggling,0.241,True
STU_0314,12,5,0,1,0,14,46.7,2,1,0,53.9,66.8,-5.13,50.11,1,0,0,10.9,-0.5,0,1.0,quietly_struggling,0.183,True
STU_0314,13,5,0,0,0,19,30.9,2,4,0,41.8,64.9,-2.57,24.71,0,0,0,12.5,,2,,quietly_struggling,0.099,True
STU_0314,14,5,0,0,0,19,15.0,2,0,0,46.8,63.6,-3.53,24.74,0,0,0,12.8,-0.24,2,1.0,quietly_struggling,0.022,True
STU_0314,15,5,0,0,0,20,41.3,2,1,0,29.7,61.3,-6.03,51.6,1,0,0,11.6,,2,,quietly_struggling,0.02,True
STU_0314,16,5,0,0,0,13,37.8,2,3,0,33.3,59.6,-6.79,54.46,0,0,0,13.3,-1.0,0,1.0,quietly_struggling,0.02,True
STU_0315,1,4,1,0,0,18,93.3,2,0,0,73.4,73.4,0.0,0.0,0,0,0,12.0,,0,,quietly_struggling,0.774,False
STU_0315,2,4,1,0,0,18,73.6,2,0,0,78.0,75.7,4.63,5.36,0,0,0,10.3,0.54,0,5.0,quietly_struggling,0.761,False
STU_0315,3,5,0,0,0,13,87.5,1,0,0,73.6,75.0,0.13,4.51,0,0,0,9.3,,0,,quietly_struggling,0.667,False
STU_0315,4,5,0,0,0,26,85.5,2,0,0,72.5,74.4,-2.77,5.68,0,0,0,12.0,-0.01,0,4.0,quietly_struggling,0.649,False
STU_0315,5,5,0,1,0,23,78.0,1,0,0,71.6,73.8,-1.03,0.71,0,0,0,10.5,,0,,quietly_struggling,0.603,False
STU_0315,6,5,0,1,0,24,60.8,1,0,0,73.3,73.7,0.43,0.5,0,0,0,13.4,0.65,1,3.0,quietly_struggling,0.568,False
STU_0315,7,5,0,0,0,9,74.0,2,1,0,72.5,73.5,0.44,0.5,0,0,0,10.6,,0,,quietly_struggling,0.518,False
STU_0315,8,5,0,0,0,12,63.8,2,1,0,65.3,72.5,-4.0,12.84,0,0,0,9.1,-0.12,0,4.0,quietly_struggling,0.441,False
STU_0315,9,5,0,2,0,21,63.6,1,1,0,58.4,70.9,-7.03,32.92,1,0,0,10.8,,0,,quietly_struggling,0.433,False
STU_0315,10,5,0,0,0,26,89.0,2,1,0,55.5,69.4,-4.92,17.01,0,0,0,11.9,-0.5,0,3.0,quietly_struggling,0.402,False
STU_0315,11,5,0,0,0,22,47.0,1,0,0,55.2,68.1,-1.61,2.11,0,0,0,9.1,,0,,quietly_struggling,0.345,False
STU_0315,12,5,0,1,0,19,49.2,1,1,0,52.6,66.8,-1.41,1.61,2,0,0,11.8,-0.01,0,2.0,quietly_struggling,0.292,True
STU_0315,13,5,0,0,0,21,49.7,2,0,0,49.5,65.5,-2.87,5.5,1,0,0,12.6,,2,,quietly_struggling,0.2,True
STU_0315,14,5,0,0,0,16,33.0,2,1,0,37.4,63.5,-7.64,43.26,2,0,0,9.3,-0.9,2,2.0,quietly_struggling,0.141,True
STU_0315,15,5,0,0,0,24,65.8,1,0,0,38.0,61.8,-5.71,30.75,1,0,0,11.5,,2,,quietly_struggling,0.093,True
STU_0315,16,5,0,0,0,12,15.0,2,0,0,27.2,59.6,-5.08,24.56,0,0,0,10.1,-0.64,0,2.0,quietly_struggling,0.042,True
STU_0316,1,5,0,1,0,13,93.9,2,0,0,72.0,72.0,0.0,0.0,0,0,0,10.8,,0,,quietly_struggling,0.782,False
STU_0316,2,5,0,0,0,19,61.3,1,0,0,69.4,70.7,-2.58,1.67,0,0,0,10.6,0.33,0,4.0,quietly_struggling,0.684,False
STU_0316,3,4,1,0,0,17,76.9,2,1,0,74.8,72.1,1.41,4.85,0,0,0,9.7,,1,,quietly_struggling,0.666,False
STU_0316,4,5,0,0,0,21,65.0,2,1,1,70.3,71.6,0.44,5.59,0,0,0,13.1,0.95,0,3.0,quietly_struggling,0.626,False
STU_0316,5,5,0,0,0,17,56.7,1,2,1,70.5,71.4,-2.15,4.34,0,0,0,11.4,,0,,quietly_struggling,0.566,False
STU_0316,6,4,1,2,0,20,57.3,1,1,0,75.4,72.1,2.55,5.57,0,0,0,12.7,0.23,0,4.0,quietly_struggling,0.485,False
STU_0316,7,5,0,0,0,25,49.6,1,1,1,73.8,72.3,1.66,4.16,0,0,0,13.6,,0,,quietly_struggling,0.421,False
STU_0316,8,5,0,0,0,13,48.5,2,1,0,71.6,72.2,-1.91,2.44,1,0,0,10.4,-0.74,0,2.0,quietly_struggling,0.312,False
STU_0316,9,5,0,1,0,16,37.4,2,0,0,60.1,70.9,-6.85,36.02,0,0,0,11.7,,0,,quietly_struggling,0.288,True
STU_0316,10,5,0,0,0,18,55.2,2,3,0,62.9,70.1,-4.37,23.92,0,0,0,11.3,-0.75,1,1.0,quietly_struggling,0.198,True
STU_0316,11,5,0,0,0,15,49.7,1,2,0,51.1,68.4,-4.51,25.16,0,0,0,10.3,,0,,quietly_struggling,0.157,True
STU_0316,12,5,0,0,0,17,45.4,1,0,0,44.8,66.4,-9.04,56.13,0,0,0,11.7,-1.0,0,3.0,quietly_struggling,0.158,True
STU_0316,13,5,0,0,0,10,41.2,1,3,0,43.8,64.7,-3.67,10.57,0,0,0,11.8,,2,,quietly_struggling,0.069,True
STU_0316,14,5,0,0,0,19,20.7,1,0,0,52.2,63.8,3.72,14.19,0,0,0,12.0,-0.79,1,1.0,quietly_struggling,0.02,True
STU_0316,15,5,0,1,0,24,43.4,1,1,0,38.3,62.1,-2.74,32.75,0,0,0,12.0,,1,,quietly_struggling,0.02,True
STU_0316,16,5,0,0,0,16,42.4,2,3,0,29.7,60.0,-11.28,86.39,0,0,0,12.1,-0.27,0,1.0,quietly_struggling,0.02,True
STU_0317,1,4,1,0,0,24,86.0,2,0,0,72.4,72.4,0.0,0.0,1,0,0,9.9,,0,,quietly_struggling,0.745,False
STU_0317,2,5,0,0,0,21,108.2,2,0,0,82.9,77.6,10.59,28.02,0,0,0,12.3,0.16,0,3.0,quietly_struggling,0.668,False
STU_0317,3,5,0,2,0,14,113.9,1,0,1,73.8,76.4,0.72,21.98,0,0,0,12.7,,0,,quietly_struggling,0.644,False
STU_0317,4,5,0,1,0,20,59.2,2,0,0,72.6,75.4,-5.18,21.38,0,0,0,13.0,-0.14,0,4.0,quietly_struggling,0.633,False
STU_0317,5,5,0,1,0,20,71.7,1,1,0,67.8,73.9,-3.01,6.78,0,0,0,9.2,,1,,quietly_struggling,0.563,False
STU_0317,6,4,1,2,0,22,72.9,1,0,0,63.9,72.2,-4.33,12.56,1,0,0,9.4,0.21,0,3.0,quietly_struggling,0.509,False
STU_0317,7,5,0,0,0,12,87.4,1,0,1,73.4,72.4,2.81,15.1,0,0,0,10.0,,1,,quietly_struggling,0.519,False
STU_0317,8,5,0,0,0,21,50.0,2,0,0,71.1,72.2,3.57,16.21,0,0,0,10.0,-0.76,0,3.0,quietly_struggling,0.455,False
STU_0317,9,5,0,0,0,16,56.2,2,1,0,69.9,72.0,-1.74,2.08,0,0,0,10.2,,0,,quietly_struggling,0.405,False
STU_0317,10,5,0,0,0,21,48.1,2,0,0,62.3,71.0,-4.36,14.93,1,0,0,13.2,-0.77,0,1.0,quietly_struggling,0.381,False
STU_0317,11,5,0,0,0,18,65.3,1,2,0,54.3,69.5,-7.81,40.71,0,0,0,9.2,,0,,quietly_struggling,0.351,True
STU_0317,12,5,0,0,0,11,77.4,2,1,0,50.0,67.9,-6.18,26.29,0,0,0,12.7,-0.77,0,3.0,quietly_struggling,0.275,True
STU_0317,13,5,0,0,0,13,53.3,1,1,0,38.5,65.6,-7.91,44.57,0,0,0,11.1,,0,,quietly_struggling,0.165,True
STU_0317,14,5,0,0,0,19,44.6,2,2,0,35.4,63.4,-7.27,39.26,0,0,0,11.3,-0.63,1,1.0,quietly_struggling,0.13,True
STU_0317,15,5,0,2,0,19,47.3,2,2,0,27.4,61.0,-5.53,21.75,0,0,0,11.5,,2,,quietly_struggling,0.043,True
STU_0317,16,5,0,0,0,16,22.3,1,0,0,29.3,59.1,-3.06,11.71,0,0,0,13.3,-0.7,1,1.0,quietly_struggling,0.02,True
STU_0318,1,4,1,0,0,23,97.0,2,0,0,80.8,80.8,0.0,0.0,1,0,0,10.1,,1,,quietly_struggling,0.714,False
STU_0318,2,5,0,1,0,19,77.9,1,0,0,80.0,80.4,-0.84,0.17,0,0,0,11.1,0.35,1,5.0,quietly_struggling,0.645,False
STU_0318,3,5,0,0,0,20,99.9,1,0,0,76.1,78.9,-2.36,4.22,0,0,0,12.8,,0,,quietly_struggling,0.568,False
STU_0318,4,5,0,0,0,24,62.3,2,0,0,74.3,77.8,-2.85,5.65,0,0,0,12.5,0.48,0,3.0,quietly_struggling,0.568,False
STU_0318,5,5,0,2,0,15,65.2,1,0,0,69.5,76.1,-3.29,7.69,0,0,0,13.8,,0,,quietly_struggling,0.531,False
STU_0318,6,5,0,0,0,15,81.4,1,0,0,68.7,74.9,-2.76,5.96,1,0,0,10.2,0.3,0,3.0,quietly_struggling,0.5,False
STU_0318,7,5,0,1,0,14,84.5,2,2,1,81.3,75.8,5.91,33.18,0,0,0,12.0,,0,,quietly_struggling,0.465,False
STU_0318,8,5,0,0,0,21,40.1,2,0,0,67.1,74.7,-0.82,40.37,0,0,0,13.3,0.18,0,2.0,quietly_struggling,0.43,False
STU_0318,9,5,0,1,0,25,47.4,2,2,0,57.0,72.7,-12.16,99.56,0,0,0,13.7,,0,,quietly_struggling,0.384,False
STU_0318,10,5,0,0,0,14,81.1,2,0,0,59.1,71.4,-4.02,18.99,0,0,0,9.2,0.23,0,3.0,quietly_struggling,0.377,True
STU_0318,11,5,0,2,0,14,48.5,2,1,0,51.2,69.5,-2.92,11.19,0,0,0,12.9,,0,,quietly_struggling,0.395,True
STU_0318,12,5,0,1,0,7,40.2,2,1,0,51.3,68.0,-3.87,13.6,0,0,0,10.7,-0.18,2,1.0,quietly_struggling,0.228,True
STU_0318,13,5,0,0,0,24,29.7,2,1,0,42.3,66.0,-4.44,17.79,0,0,0,13.8,,0,,quietly_struggling,0.166,True
STU_0318,14,5,0,0,0,16,34.5,2,0,0,36.0,63.9,-7.67,39.66,0,0,0,13.7,-0.98,0,2.0,quietly_struggling,0.067,True
STU_0318,15,5,0,0,0,20,15.0,2,0,0,35.0,62.0,-3.62,10.37,0,0,0,11.1,,2,,quietly_struggling,0.02,True
STU_0318,16,5,0,0,0,19,28.5,2,2,0,28.9,59.9,-3.53,9.83,0,0,0,11.0,-0.92,1,3.0,quietly_struggling,0.02,True
STU_0319,1,5,0,0,0,11,101.3,2,1,1,78.2,78.2,0.0,0.0,0,0,0,11.7,,0,,quietly_struggling,0.766,False
STU_0319,2,5,0,0,0,14,90.4,1,0,0,81.0,79.6,2.8,1.96,0,0,0,12.7,0.43,0,4.0,quietly_struggling,0.725,False
STU_0319,3,5,0,0,0,25,40.7,2,0,1,74.8,78.0,-1.7,6.43,0,0,0,12.9,,0,,quietly_struggling,0.678,False
STU_0319,4,5,0,0,0,17,108.2,2,0,1,75.6,77.4,-2.7,7.58,0,0,0,9.9,0.24,0,2.0,quietly_struggling,0.662,False
STU_0319,5,4,1,1,0,14,69.9,2,2,0,75.7,77.0,0.44,0.16,0,0,0,10.9,,0,,quietly_struggling,0.593,False
STU_0319,6,5,0,1,0,20,74.1,1,0,0,70.6,76.0,-2.47,5.53,2,0,0,12.3,0.2,0,3.0,quietly_struggling,0.498,False
STU_0319,7,5,0,0,0,15,67.1,2,1,0,61.2,73.9,-7.26,36.26,0,0,0,11.1,,0,,quietly_struggling,0.497,False
STU_0319,8,4,1,0,0,11,71.0,1,1,0,67.8,73.1,-1.42,15.82,0,0,0,13.4,0.22,1,4.0,quietly_struggling,0.494,False
STU_0319,9,5,0,1,0,20,42.1,2,0,1,64.3,72.1,1.59,7.37,0,0,0,13.0,,0,,quietly_struggling,0.463,False
STU_0319,10,5,0,1,0,13,58.4,2,1,0,67.4,71.7,-0.21,2.4,0,0,0,12.4,-0.24,1,2.0,quietly_struggling,0.438,False
STU_0319,11,5,0,0,0,16,49.8,1,3,0,42.0,69.0,-11.19,128.48,0,0,0,9.8,,0,,quietly_struggling,0.396,False
STU_0319,12,5,0,1,0,20,42.1,1,2,0,60.3,68.2,-3.55,114.76,0,0,0,9.8,0.07,0,3.0,quietly_struggling,0.342,True
STU_0319,13,5,0,1,0,16,60.7,2,1,0,43.5,66.3,0.78,68.87,0,0,0,13.7,,0,,quietly_struggling,0.298,True
STU_0319,14,4,1,2,0,17,56.3,2,0,0,42.0,64.6,-9.16,68.81,0,0,0,12.3,-0.49,2,1.0,quietly_struggling,0.294,True
STU_0319,15,5,0,0,0,21,48.3,2,1,0,33.5,62.5,-4.98,19.18,0,0,0,13.2,,0,,quietly_struggling,0.233,True
STU_0319,16,5,0,0,0,16,42.3,2,0,0,32.9,60.7,-4.53,17.04,0,0,0,12.8,-0.59,0,2.0,quietly_struggling,0.123,True
STU_0320,1,5,0,0,0,15,97.4,2,2,0,77.6,77.6,0.0,0.0,0,0,0,9.8,,0,,quietly_struggling,0.694,False
STU_0320,2,5,0,0,0,15,57.4,1,0,1,75.3,76.4,-2.24,1.25,0,0,0,13.4,0.14,0,3.0,quietly_struggling,0.65,False
STU_0320,3,4,1,0,0,16,60.8,2,0,1,73.8,75.6,-1.88,2.38,0,0,0,12.4,,0,,quietly_struggling,0.61,False
STU_0320,4,4,1,0,0,18,65.3,2,1,0,70.6,74.3,-2.38,3.92,0,0,0,12.2,0.14,0,3.0,quietly_struggling,0.6,False
STU_0320,5,5,0,1,0,17,73.5,1,0,0,70.4,73.5,-1.69,2.43,0,0,0,11.5,,0,,quietly_struggling,0.549,False
STU_0320,6,5,0,2,0,15,51.4,2,0,0,67.9,72.6,-1.36,1.56,0,0,0,12.6,0.05,0,2.0,quietly_struggling,0.512,False
STU_0320,7,5,0,1,0,12,61.9,1,0,0,63.7,71.3,-3.38,7.76,0,0,0,13.6,,1,,quietly_struggling,0.537,False
STU_0320,8,5,0,0,0,15,52.0,2,2,0,70.9,71.3,1.53,8.8,0,0,0,12.6,0.0,1,2.0,quietly_struggling,0.479,False
STU_0320,9,5,0,0,0,19,58.7,1,1,0,62.8,70.3,-0.42,13.13,0,0,0,13.1,,0,,quietly_struggling,0.362,False
STU_0320,10,5,0,0,0,11,58.2,1,0,0,62.4,69.5,-4.24,15.24,0,0,0,11.4,-0.39,0,2.0,quietly_struggling,0.315,True
STU_0320,11,5,0,2,0,20,36.8,2,1,0,51.0,67.9,-5.91,30.04,1,0,0,9.8,,0,,quietly_struggling,0.209,True
STU_0320,12,5,0,2,0,24,19.2,1,1,0,51.0,66.4,-5.72,29.0,0,0,0,11.8,-0.3,0,2.0,quietly_struggling,0.119,True
STU_0320,13,5,0,0,0,20,37.9,1,1,0,48.4,65.1,-1.29,1.48,0,0,0,10.9,,0,,quietly_struggling,0.037,True
STU_0320,14,5,0,2,0,21,15.0,1,1,0,48.6,63.9,-1.18,1.35,0,0,0,9.5,-0.91,1,1.0,quietly_struggling,0.02,True
STU_0320,15,4,1,2,0,20,29.7,2,2,0,47.4,62.8,-0.52,0.3,0,0,0,13.0,,0,,quietly_struggling,0.02,True
STU_0320,16,5,0,1,0,14,27.0,1,5,0,40.9,61.4,-3.87,11.52,0,0,0,12.9,-0.82,2,1.0,quietly_struggling,0.02,True
STU_0321,1,5,0,0,0,12,113.0,1,0,2,76.1,76.1,0.0,0.0,0,0,0,12.4,,0,,quietly_struggling,0.826,False
STU_0321,2,5,0,0,0,21,73.2,2,0,1,66.5,71.3,-9.62,23.14,0,0,0,13.7,0.47,0,4.0,quietly_struggling,0.742,False
STU_0321,3,5,0,2,0,19,95.7,2,0,1,72.2,71.6,-1.95,15.61,0,0,0,13.2,,0,,quietly_struggling,0.696,False
STU_0321,4,5,0,2,0,18,75.2,2,0,0,71.2,71.5,2.37,6.25,0,0,0,11.5,0.7,0,3.0,quietly_struggling,0.628,False
STU_0321,5,5,0,0,0,12,105.9,2,0,1,69.3,71.0,-1.46,1.46,0,0,0,11.5,,0,,quietly_struggling,0.585,False
STU_0321,6,5,0,0,0,20,71.1,1,0,0,67.8,70.5,-1.69,1.91,1,0,0,9.9,0.26,0,3.0,quietly_struggling,0.561,False
STU_0321,7,5,0,1,0,15,41.8,2,1,0,72.5,70.8,1.61,3.81,1,0,0,12.4,,1,,quietly_struggling,0.517,False
STU_0321,8,4,1,0,0,15,61.2,2,1,0,59.8,69.4,-4.04,27.71,1,0,0,13.6,0.19,1,3.0,quietly_struggling,0.495,False
STU_0321,9,5,0,0,0,18,50.1,1,0,0,73.3,69.8,0.39,38.46,0,0,0,10.1,,0,,quietly_struggling,0.432,False
STU_0321,10,5,0,0,0,18,51.1,2,0,0,58.6,68.7,-0.58,44.44,0,0,0,9.6,0.05,0,3.0,quietly_struggling,0.32,False
STU_0321,11,5,0,0,0,18,56.1,2,3,0,48.7,66.9,-12.31,102.32,1,0,0,11.1,,0,,quietly_struggling,0.239,True
STU_0321,12,4,1,2,0,25,39.1,1,2,0,50.2,65.5,-4.2,19.09,1,0,0,11.3,0.18,0,1.0,quietly_struggling,0.198,True
STU_0321,13,5,0,1,0,22,36.5,1,0,0,48.9,64.2,0.12,0.47,0,0,0,13.4,,1,,quietly_struggling,0.152,True
STU_0321,14,5,0,2,0,27,46.5,2,2,0,44.2,62.8,-3.02,6.73,0,0,0,12.6,-0.64,2,2.0,quietly_struggling,0.113,True
STU_0321,15,5,0,2,0,12,15.0,2,1,0,49.4,61.9,0.26,5.55,0,0,0,10.9,,0,,quietly_struggling,0.02,True
STU_0321,16,4,1,0,0,14,26.9,2,0,0,37.5,60.4,-3.32,23.58,0,0,0,9.4,-0.58,2,1.0,quietly_struggling,0.02,True
STU_0322,1,5,0,1,0,15,106.8,2,1,0,75.5,75.5,0.0,0.0,0,0,0,12.1,,0,,quietly_struggling,0.76,False
STU_0322,2,5,0,0,0,21,69.9,2,1,0,71.7,73.6,-3.85,3.7,0,0,0,13.5,0.51,0,4.0,quietly_struggling,0.739,False
STU_0322,3,5,0,1,0,20,64.9,1,0,1,72.1,73.1,-1.69,2.94,0,0,0,13.1,,0,,quietly_struggling,0.676,False
STU_0322,4,5,0,0,0,16,73.1,2,1,0,73.8,73.3,1.09,0.88,0,0,0,10.1,0.26,0,4.0,quietly_struggling,0.626,False
STU_0322,5,5,0,0,0,18,51.5,2,0,0,75.1,73.7,1.47,1.46,0,0,0,9.6,,1,,quietly_struggling,0.567,False
STU_0322,6,5,0,0,0,18,66.6,2,0,0,70.2,73.1,-1.85,4.4,0,0,0,13.7,0.79,1,3.0,quietly_struggling,0.593,False
STU_0322,7,5,0,0,0,22,62.5,1,0,1,70.0,72.6,-2.56,5.62,0,0,0,11.4,,0,,quietly_struggling,0.546,False
STU_0322,8,5,0,0,0,20,71.1,2,0,1,66.8,71.9,-1.67,2.36,0,0,0,10.3,0.49,0,3.0,quietly_struggling,0.497,False
STU_0322,9,5,0,1,0,15,62.3,2,1,0,59.7,70.5,-5.13,18.38,0,0,0,11.0,,1,,quietly_struggling,0.494,False
STU_0322,10,5,0,0,0,19,74.4,2,0,1,51.5,68.6,-7.64,38.94,0,0,0,12.2,0.21,1,3.0,quietly_struggling,0.44,False
STU_0322,11,5,0,0,0,18,53.1,1,2,1,61.2,68.0,0.73,17.98,0,0,0,9.6,,0,,quietly_struggling,0.411,False
STU_0322,12,5,0,1,0,20,43.9,2,1,1,50.3,66.5,-0.62,23.63,0,0,0,12.9,-0.31,0,2.0,quietly_struggling,0.358,False
STU_0322,13,5,0,0,0,18,37.1,2,0,0,47.9,65.1,-6.61,33.17,0,0,0,9.6,,0,,quietly_struggling,0.264,True
STU_0322,14,4,1,0,0,19,53.7,1,1,0,45.2,63.6,-2.55,4.35,0,0,0,10.7,-1.0,0,2.0,quietly_struggling,0.206,True
STU_0322,15,5,0,0,0,28,58.8,1,0,0,29.9,61.4,-9.03,63.03,0,0,0,11.7,,1,,quietly_struggling,0.189,True
STU_0322,16,5,0,0,0,16,49.7,2,2,0,35.3,59.8,-4.94,40.06,0,0,0,14.0,-0.89,0,3.0,quietly_struggling,0.13,True
STU_0323,1,5,0,0,0,10,79.0,2,0,0,81.6,81.6,0.0,0.0,0,0,0,12.0,,0,,quietly_struggling,0.723,False
STU_0323,2,5,0,0,0,13,93.5,2,2,0,77.2,79.4,-4.46,4.98,0,0,0,11.5,0.72,0,3.0,quietly_struggling,0.7,False
STU_0323,3,5,0,0,0,15,85.2,1,1,0,77.8,78.9,-1.9,3.87,0,0,0,9.7,,0,,quietly_struggling,0.675,False
STU_0323,4,5,0,1,0,19,51.7,1,0,0,69.6,76.6,-3.76,13.79,0,0,0,12.1,0.48,0,4.0,quietly_struggling,0.585,False
STU_0323,5,5,0,2,0,16,73.6,1,0,0,79.0,77.0,0.58,17.28,0,0,0,10.5,,0,,quietly_struggling,0.493,False
STU_0323,6,5,0,0,0,17,93.8,1,0,0,65.1,75.0,-2.29,33.57,0,0,0,10.8,-0.07,0,3.0,quietly_struggling,0.444,False
STU_0323,7,5,0,0,0,15,37.4,1,1,0,72.0,74.6,-3.47,32.32,0,0,0,11.2,,0,,quietly_struggling,0.334,False
STU_0323,8,5,0,0,0,15,49.2,2,0,0,67.9,73.8,1.42,8.21,0,0,0,10.1,-0.3,0,3.0,quietly_struggling,0.286,True
STU_0323,9,5,0,1,0,19,60.1,1,1,0,58.5,72.1,-6.75,31.88,0,0,0,13.2,,0,,quietly_struggling,0.221,True
STU_0323,10,5,0,0,0,11,37.8,2,3,0,52.0,70.1,-7.96,42.66,0,0,0,12.5,-1.0,2,1.0,quietly_struggling,0.167,True
STU_0323,11,5,0,1,0,17,47.5,1,1,0,45.8,67.9,-6.38,27.18,0,0,0,10.6,,0,,quietly_struggling,0.143,True
STU_0323,12,5,0,0,0,11,41.2,2,0,0,52.5,66.6,0.24,9.3,0,0,0,12.8,-0.95,2,2.0,quietly_struggling,0.082,True
STU_0323,13,5,0,1,0,19,41.1,2,1,0,55.6,65.7,4.91,16.77,0,0,0,10.0,,0,,quietly_struggling,0.02,True
STU_0323,14,5,0,0,0,9,43.0,1,0,0,43.4,64.1,-4.53,26.71,0,0,0,10.0,-1.0,2,1.0,quietly_struggling,0.02,True
STU_0323,15,5,0,0,0,12,44.7,1,2,0,32.8,62.0,-11.37,86.35,1,0,0,11.2,,0,,quietly_struggling,0.02,True
STU_0323,16,4,1,2,0,19,27.4,2,8,0,48.9,61.2,2.76,44.54,1,0,0,13.1,-0.8,1,1.0,quietly_struggling,0.02,True
STU_0324,1,5,0,1,0,11,109.6,1,0,0,71.2,71.2,0.0,0.0,0,0,0,11.8,,0,,quietly_struggling,0.802,False
STU_0324,2,5,0,1,0,14,72.7,2,2,0,78.4,74.8,7.26,13.19,0,0,0,10.1,0.07,0,3.0,quietly_struggling,0.773,False
STU_0324,3,5,0,0,0,19,75.2,1,1,1,72.8,74.1,0.83,9.66,0,0,0,11.6,,0,,quietly_struggling,0.728,False
STU_0324,4,5,0,0,0,20,55.0,2,2,0,76.5,74.7,-0.95,5.42,1,0,0,11.2,0.26,0,3.0,quietly_struggling,0.702,False
STU_0324,5,5,0,0,0,25,111.8,1,1,0,68.5,73.5,-2.14,10.67,0,0,0,10.4,,0,,quietly_struggling,0.674,False
STU_0324,6,5,0,0,0,17,70.6,1,0,0,73.5,73.5,-1.49,10.88,0,0,0,13.9,0.53,0,4.0,quietly_struggling,0.608,False
STU_0324,7,5,0,1,0,19,72.3,2,1,0,72.5,73.4,2.0,4.68,0,0,0,11.2,,0,,quietly_struggling,0.521,False
STU_0324,8,5,0,0,0,11,58.9,2,1,0,64.1,72.2,-4.73,18.03,0,0,0,10.8,0.09,0,4.0,quietly_struggling,0.436,False
STU_0324,9,5,0,0,0,17,65.4,2,0,0,59.5,70.8,-6.52,29.21,0,0,0,13.6,,0,,quietly_struggling,0.402,False
STU_0324,10,5,0,2,0,22,55.2,1,3,0,61.3,69.8,-1.39,3.56,0,0,0,10.1,0.3,0,2.0,quietly_struggling,0.372,False
STU_0324,11,5,0,1,0,15,49.8,2,1,0,46.5,67.7,-6.5,43.44,0,0,0,12.4,,0,,quietly_struggling,0.343,True
STU_0324,12,4,1,0,0,26,39.7,2,0,0,43.1,65.7,-9.09,62.29,0,0,0,10.0,-0.06,0,3.0,quietly_struggling,0.287,True
STU_0324,13,5,0,0,0,22,49.1,1,0,0,38.8,63.6,-3.84,9.9,0,0,0,9.6,,2,,quietly_struggling,0.249,True
STU_0324,14,5,0,0,0,19,60.3,2,1,0,42.1,62.1,-0.5,3.39,1,0,0,11.4,-0.49,1,1.0,quietly_struggling,0.191,True
STU_0324,15,5,0,0,0,13,55.0,2,1,0,35.1,60.3,-1.85,8.22,0,0,0,13.2,,0,,quietly_struggling,0.172,True
STU_0324,16,4,1,1,0,22,74.7,2,3,0,27.3,58.2,-7.4,36.58,0,0,0,11.6,-0.56,0,3.0,quietly_struggling,0.049,True
STU_0325,1,4,1,0,0,16,88.1,2,1,1,79.4,79.4,0.0,0.0,0,0,0,11.6,,0,,quietly_struggling,0.803,False
STU_0325,2,5,0,0,0,16,84.4,1,0,0,76.1,77.7,-3.36,2.82,0,0,0,12.2,0.25,0,4.0,quietly_struggling,0.77,False
STU_0325,3,5,0,0,0,11,96.0,2,0,0,69.1,74.9,-5.17,18.56,0,0,0,12.9,,0,,quietly_struggling,0.776,False
STU_0325,4,5,0,0,0,17,64.3,2,0,0,65.0,72.4,-5.54,20.9,0,0,0,9.7,0.61,1,4.0,quietly_struggling,0.741,False
STU_0325,5,5,0,0,0,13,76.7,2,0,0,65.0,70.9,-2.05,3.72,0,0,0,13.4,,0,,quietly_struggling,0.73,False
STU_0325,6,4,1,1,0,21,81.1,2,0,1,71.5,71.0,3.25,9.42,0,0,0,10.5,0.1,0,5.0,quietly_struggling,0.688,False
STU_0325,7,5,0,0,0,30,76.0,1,0,0,70.1,70.9,2.57,7.87,0,0,0,12.7,,0,,quietly_struggling,0.653,False
STU_0325,8,5,0,0,0,19,67.1,2,0,1,64.1,70.0,-3.71,10.37,0,0,0,9.3,0.81,0,3.0,quietly_struggling,0.629,False
STU_0325,9,5,0,2,0,10,74.9,2,0,0,66.2,69.6,-1.98,6.28,0,0,0,12.9,,0,,quietly_struggling,0.524,False
STU_0325,10,4,1,0,0,12,71.2,2,0,0,55.7,68.2,-4.19,20.46,1,0,0,13.1,0.2,0,4.0,quietly_struggling,0.466,False
STU_0325,11,5,0,0,0,16,48.3,2,1,0,59.1,67.4,-3.53,18.99,0,0,0,12.7,,0,,quietly_struggling,0.41,False
STU_0325,12,5,0,0,0,20,61.4,1,0,0,47.6,65.7,-4.04,23.22,0,0,0,10.3,-0.53,0,2.0,quietly_struggling,0.364,False
STU_0325,13,5,0,1,0,27,55.8,2,1,0,45.7,64.2,-6.67,34.84,0,0,0,12.8,,0,,quietly_struggling,0.299,True
STU_0325,14,4,1,0,0,21,80.2,1,1,0,45.6,62.9,-1.03,0.86,1,0,0,10.2,-0.48,1,2.0,quietly_struggling,0.251,True
STU_0325,15,5,0,2,0,12,16.1,1,1,0,40.8,61.4,-2.49,5.33,0,0,0,9.2,,0,,quietly_struggling,0.217,True
STU_0325,16,5,0,2,0,20,58.3,2,1,0,40.6,60.1,-2.49,5.31,0,0,0,11.6,-0.6,1,3.0,quietly_struggling,0.15,True
STU_0326,1,5,0,0,0,24,87.7,1,0,0,80.2,80.2,0.0,0.0,0,0,0,12.3,,0,,quietly_struggling,0.777,False
STU_0326,2,5,0,2,0,13,91.9,2,2,0,67.3,73.8,-12.91,41.65,0,0,0,9.2,-0.22,1,5.0,quietly_struggling,0.675,False
STU_0326,3,5,0,0,0,16,85.5,1,0,0,65.5,71.0,-7.36,42.92,0,0,0,12.0,,0,,quietly_struggling,0.645,False
STU_0326,4,4,1,0,0,14,83.8,1,1,0,78.2,72.8,5.45,31.49,1,0,0,10.2,0.51,0,3.0,quietly_struggling,0.559,False
STU_0326,5,5,0,0,0,25,76.9,2,2,0,67.0,71.7,0.75,32.13,0,0,0,12.5,,1,,quietly_struggling,0.523,False
STU_0326,6,5,0,2,0,25,68.8,2,1,0,73.2,71.9,-2.51,20.99,0,0,0,11.9,-0.29,1,4.0,quietly_struggling,0.52,False
STU_0326,7,5,0,1,0,19,57.5,2,1,0,67.4,71.3,0.17,8.06,0,0,0,12.1,,0,,quietly_struggling,0.407,False
STU_0326,8,5,0,0,0,8,43.8,1,1,2,70.1,71.1,-1.57,5.7,0,0,0,9.7,-0.3,0,3.0,quietly_struggling,0.333,False
STU_0326,9,5,0,0,0,16,40.4,1,1,1,65.5,70.5,-0.93,3.51,0,0,0,10.4,,0,,quietly_struggling,0.237,True
STU_0326,10,5,0,0,0,30,32.1,2,3,0,56.3,69.1,-6.88,32.71,0,0,0,9.1,-0.37,0,2.0,quietly_struggling,0.195,True
STU_0326,11,5,0,0,0,20,15.0,2,0,0,57.8,68.0,-3.87,16.26,0,0,0,10.5,,0,,quietly_struggling,0.133,True
STU_0326,12,5,0,0,0,12,41.2,2,1,0,52.6,66.8,-1.84,4.66,0,0,0,11.1,-0.56,0,2.0,quietly_struggling,0.116,True
STU_0326,13,5,0,2,0,19,26.9,2,2,0,49.7,65.4,-4.05,11.18,1,0,0,14.0,,2,,quietly_struggling,0.054,True
STU_0326,14,5,0,0,0,16,29.5,1,2,0,47.8,64.2,-2.42,3.98,0,0,0,13.0,-0.16,0,1.0,quietly_struggling,0.02,True
STU_0326,15,4,1,0,0,13,24.7,2,3,0,29.4,61.9,-10.14,83.7,0,0,0,12.1,,1,,quietly_struggling,0.02,True
STU_0326,16,5,0,0,0,20,30.5,2,0,0,22.2,59.4,-12.78,115.94,0,0,0,12.5,-0.7,2,1.0,quietly_struggling,0.02,True
STU_0327,1,5,0,0,0,22,85.4,1,0,0,82.8,82.8,0.0,0.0,0,0,0,13.4,,1,,quietly_struggling,0.733,False
STU_0327,2,5,0,0,0,11,79.1,1,0,0,68.5,75.7,-14.24,50.67,0,0,0,11.4,0.19,0,4.0,quietly_struggling,0.686,False
STU_0327,3,4,1,0,0,14,69.5,1,0,0,79.1,76.8,-1.82,36.48,2,0,0,12.4,,0,,quietly_struggling,0.638,False
STU_0327,4,5,0,0,0,20,60.1,2,0,0,75.6,76.5,3.54,19.46,0,0,0,9.3,-0.07,0,4.0,quietly_struggling,0.566,False
STU_0327,5,5,0,0,0,15,62.6,2,1,0,74.7,76.2,-2.21,3.63,0,0,0,11.0,,0,,quietly_struggling,0.479,False
STU_0327,6,5,0,0,0,19,51.9,2,1,1,72.5,75.5,-1.58,1.78,0,0,0,9.2,-0.05,0,3.0,quietly_struggling,0.411,False
STU_0327,7,5,0,0,0,10,18.7,1,0,0,63.1,73.8,-5.82,25.33,0,0,0,13.4,,0,,quietly_struggling,0.334,False
STU_0327,8,5,0,0,0,10,73.6,1,0,0,65.6,72.7,-3.45,15.7,0,0,0,10.6,-0.06,0,2.0,quietly_struggling,0.308,True
STU_0327,9,5,0,0,0,22,47.1,1,0,1,60.3,71.4,-1.42,4.68,1,0,0,10.8,,0,,quietly_struggling,0.297,True
STU_0327,10,4,1,0,0,14,22.3,2,2,0,56.6,69.9,-4.47,13.49,1,0,0,12.0,-0.78,1,2.0,quietly_struggling,0.23,True
STU_0327,11,5,0,0,0,22,36.7,1,1,0,53.2,68.4,-3.51,8.21,2,0,0,12.6,,0,,quietly_struggling,0.196,True
STU_0327,12,4,1,0,0,18,35.5,1,1,1,47.6,66.6,-4.49,13.69,0,0,0,10.4,-1.0,1,3.0,quietly_struggling,0.123,True
STU_0327,13,5,0,0,0,20,34.3,2,1,0,51.4,65.5,-0.93,5.43,0,0,0,11.3,,2,,quietly_struggling,0.055,True
STU_0327,14,4,1,0,0,26,15.0,2,1,0,41.2,63.7,-3.21,17.61,0,0,0,12.4,-0.84,2,3.0,quietly_struggling,0.02,True
STU_0327,15,5,0,0,0,21,55.9,1,1,0,40.7,62.2,-5.36,24.26,1,0,0,13.2,,0,,quietly_struggling,0.02,True
STU_0327,16,5,0,0,0,13,38.9,2,2,0,37.2,60.6,-2.0,3.12,0,0,0,12.8,-1.0,2,1.0,quietly_struggling,0.02,True
STU_0328,1,4,1,0,0,18,75.7,2,0,0,83.7,83.7,0.0,0.0,0,0,0,10.7,,0,,quietly_struggling,0.732,False
STU_0328,2,5,0,0,0,18,89.0,2,1,0,77.1,80.4,-6.52,10.64,0,0,0,11.4,0.17,1,4.0,quietly_struggling,0.694,False
STU_0328,3,5,0,0,0,21,73.9,1,0,0,78.1,79.6,-2.8,8.3,0,0,0,13.7,,0,,quietly_struggling,0.642,False
STU_0328,4,5,0,1,0,15,74.6,2,0,0,68.4,76.8,-4.39,19.14,1,0,0,13.4,0.3,0,3.0,quietly_struggling,0.54,False
STU_0328,5,5,0,1,0,19,74.6,2,1,0,67.6,75.0,-5.23,22.72,0,0,0,12.0,,0,,quietly_struggling,0.472,False
STU_0328,6,4,1,0,0,13,59.2,2,1,0,76.4,75.2,4.01,15.74,0,0,0,9.9,-0.67,0,3.0,quietly_struggling,0.358,False
STU_0328,7,5,0,0,0,22,56.6,2,0,0,70.4,74.5,1.38,13.41,0,0,0,11.9,,0,,quietly_struggling,0.266,True
STU_0328,8,5,0,0,0,21,60.4,1,2,0,70.2,74.0,-3.09,8.27,0,0,0,11.3,-0.54,1,2.0,quietly_struggling,0.148,True
STU_0328,9,5,0,0,0,12,34.3,2,0,0,58.0,72.2,-6.19,33.57,1,0,0,9.0,,1,,quietly_struggling,0.14,True
STU_0328,10,5,0,0,0,21,37.4,1,1,0,51.6,70.1,-9.31,59.63,0,0,0,11.1,-0.82,0,1.0,quietly_struggling,0.094,True
STU_0328,11,5,0,0,0,21,39.3,2,1,0,55.7,68.8,-1.12,7.05,0,0,0,10.5,,2,,quietly_struggling,0.021,True
STU_0328,12,5,0,0,0,26,43.0,2,3,0,45.8,66.9,-2.88,16.56,1,0,0,10.2,-0.63,0,2.0,quietly_struggling,0.02,True
STU_0328,13,5,0,1,0,14,46.6,1,0,0,52.0,65.8,-1.86,16.77,0,0,0,11.9,,2,,quietly_struggling,0.02,True
STU_0328,14,5,0,0,0,25,45.6,1,2,0,33.7,63.5,-6.04,57.69,0,0,0,12.9,-0.72,1,2.0,quietly_struggling,0.02,True
STU_0328,15,4,1,1,0,14,28.1,2,1,0,36.3,61.7,-7.86,65.36,0,0,0,9.8,,0,,quietly_struggling,0.02,True
STU_0328,16,5,0,0,0,16,27.0,1,3,0,42.4,60.5,4.33,13.17,0,0,0,13.8,-0.65,0,1.0,quietly_struggling,0.02,True
STU_0329,1,5,0,0,0,20,51.7,2,0,1,83.5,83.5,0.0,0.0,0,0,0,12.0,,0,,quietly_struggling,0.806,False
STU_0329,2,5,0,0,0,22,57.0,2,0,0,76.5,80.0,-6.98,12.2,1,0,0,14.0,1.0,0,4.0,quietly_struggling,0.754,False
STU_0329,3,5,0,0,0,15,105.0,2,0,1,78.1,79.4,-2.72,8.98,0,0,0,12.9,,0,,quietly_struggling,0.76,False
STU_0329,4,5,0,0,0,13,104.9,2,0,0,66.2,76.1,-5.19,27.98,0,0,0,11.3,-0.4,0,4.0,quietly_struggling,0.725,False
STU_0329,5,5,0,1,0,11,78.2,2,0,0,68.1,74.5,-5.01,27.3,1,0,0,10.0,,0,,quietly_struggling,0.672,False
STU_0329,6,5,0,0,0,18,77.5,1,0,0,70.4,73.8,2.14,3.06,0,0,0,13.8,0.32,0,4.0,quietly_struggling,0.616,False
STU_0329,7,5,0,0,0,16,88.3,2,1,0,56.4,71.3,-5.84,37.78,0,0,0,11.4,,0,,quietly_struggling,0.567,False
STU_0329,8,4,1,0,0,13,44.7,2,2,0,63.0,70.3,-3.71,32.99,1,0,0,11.0,-0.09,0,3.0,quietly_struggling,0.443,False
STU_0329,9,5,0,1,0,19,59.4,2,1,0,58.2,68.9,0.93,7.83,0,0,0,13.5,,1,,quietly_struggling,0.386,False
STU_0329,10,5,0,0,0,16,62.5,2,1,0,64.6,68.5,0.81,7.38,0,0,0,13.7,-0.22,0,2.0,quietly_struggling,0.314,True
STU_0329,11,5,0,0,0,17,50.9,1,1,1,55.7,67.3,-1.28,14.18,0,0,0,11.9,,2,,quietly_struggling,0.194,True
STU_0329,12,4,1,0,0,23,41.9,2,0,0,47.2,65.7,-8.71,50.56,0,0,0,9.8,-0.27,0,2.0,quietly_struggling,0.089,True
STU_0329,13,4,1,0,0,13,58.3,2,3,0,37.2,63.5,-9.26,57.3,1,0,0,10.6,,2,,quietly_struggling,0.039,True
STU_0329,14,5,0,2,0,15,15.0,1,1,0,47.0,62.3,-0.12,21.94,0,0,0,9.1,-0.59,0,1.0,quietly_struggling,0.02,True
STU_0329,15,5,0,0,0,26,15.0,2,2,0,34.0,60.4,-1.59,30.57,0,0,0,12.0,,2,,quietly_struggling,0.02,True
STU_0329,16,5,0,1,0,11,24.0,2,1,0,38.2,59.0,-4.41,29.33,0,0,0,13.6,-1.0,1,1.0,quietly_struggling,0.02,True
STU_0330,1,5,0,0,0,17,83.1,1,0,0,75.7,75.7,0.0,0.0,0,0,0,13.0,,0,,quietly_struggling,0.691,False
STU_0330,2,5,0,0,0,22,104.8,1,0,1,73.8,74.7,-1.88,0.88,0,0,0,12.7,0.9,0,4.0,quietly_struggling,0.676,False
STU_0330,3,5,0,0,0,18,48.7,2,0,1,78.1,75.8,1.19,3.04,0,0,0,11.4,,0,,quietly_struggling,0.626,False
STU_0330,4,5,0,1,0,23,96.1,2,0,0,72.4,75.0,-0.67,5.71,0,0,0,9.7,0.24,0,5.0,quietly_struggling,0.626,False
STU_0330,5,5,0,0,0,11,62.7,1,0,0,71.1,74.2,-3.48,9.07,1,0,0,12.5,,0,,quietly_struggling,0.555,False
STU_0330,6,5,0,1,0,17,48.3,1,2,0,69.7,73.5,-1.37,1.25,1,0,0,10.4,-0.1,0,5.0,quietly_struggling,0.421,False
STU_0330,7,5,0,0,0,29,53.4,2,1,1,74.8,73.7,1.88,4.71,0,0,0,11.8,,1,,quietly_struggling,0.417,False
STU_0330,8,5,0,0,0,15,31.3,2,0,0,67.0,72.8,-1.35,10.55,2,0,0,13.0,0.29,0,3.0,quietly_struggling,0.392,False
STU_0330,9,5,0,1,0,18,44.7,1,2,1,61.3,71.6,-6.76,30.69,0,0,0,13.8,,0,,quietly_struggling,0.345,True
STU_0330,10,5,0,0,0,8,59.4,2,0,0,44.3,68.8,-11.37,93.36,0,0,0,12.6,-0.13,2,3.0,quietly_struggling,0.303,True
STU_0330,11,5,0,1,0,21,68.6,2,2,0,55.1,67.6,-3.1,49.68,0,0,0,10.7,,1,,quietly_struggling,0.251,True
STU_0330,12,5,0,0,0,20,41.6,2,1,0,55.3,66.6,5.51,26.58,0,0,0,11.5,-0.48,1,1.0,quietly_struggling,0.18,True
STU_0330,13,5,0,0,0,20,25.8,1,2,0,44.4,64.9,-5.35,25.85,0,0,0,13.9,,0,,quietly_struggling,0.089,True
STU_0330,14,5,0,0,0,14,15.0,2,4,0,47.6,63.6,-3.83,20.79,0,0,0,13.3,-0.59,0,2.0,quietly_struggling,0.025,True
STU_0330,15,5,0,1,0,18,44.8,2,3,0,37.2,61.9,-3.61,19.0,0,0,0,10.2,,1,,quietly_struggling,0.02,True
STU_0330,16,5,0,2,0,18,19.1,2,1,0,19.9,59.2,-13.87,130.84,0,0,0,9.7,-0.57,2,2.0,quietly_struggling,0.02,True
STU_0331,1,5,0,0,0,14,95.7,1,0,0,87.7,87.7,0.0,0.0,0,0,0,13.1,,0,,quietly_struggling,0.841,False
STU_0331,2,4,1,0,0,12,95.0,1,0,1,83.1,85.4,-4.6,5.29,0,0,0,13.1,0.28,0,5.0,quietly_struggling,0.838,False
STU_0331,3,5,0,0,0,15,63.2,1,0,0,72.7,81.2,-7.49,39.21,0,0,0,10.1,,0,,quietly_struggling,0.819,False
STU_0331,4,5,0,0,0,21,101.0,2,0,0,71.8,78.8,-5.66,26.32,0,0,0,13.6,0.75,0,3.0,quietly_struggling,0.752,False
STU_0331,5,5,0,1,0,16,74.7,1,0,0,67.4,76.6,-2.66,5.36,0,0,0,13.6,,0,,quietly_struggling,0.728,False
STU_0331,6,5,0,0,0,16,91.9,2,0,0,67.9,75.1,-1.96,3.85,0,0,0,11.0,0.55,0,4.0,quietly_struggling,0.683,False
STU_0331,7,5,0,0,0,20,65.3,1,1,1,76.4,75.3,4.48,17.01,0,0,0,13.5,,1,,quietly_struggling,0.631,False
STU_0331,8,5,0,0,0,17,55.3,1,0,0,68.7,74.5,0.4,14.74,0,0,0,11.6,0.79,0,4.0,quietly_struggling,0.548,False
STU_0331,9,5,0,0,0,18,43.0,2,0,0,60.9,73.0,-7.73,39.85,0,0,0,11.5,,0,,quietly_struggling,0.43,False
STU_0331,10,5,0,1,0,16,54.1,2,2,2,51.1,70.8,-8.81,51.97,0,0,0,11.6,-0.02,0,3.0,quietly_struggling,0.361,False
STU_0331,11,5,0,1,0,19,43.3,2,2,0,58.5,69.7,-1.19,17.65,0,0,0,11.8,,0,,quietly_struggling,0.326,True
STU_0331,12,5,0,0,0,25,31.5,1,0,0,46.3,67.7,-2.36,25.23,0,0,0,13.8,-0.88,0,2.0,quietly_struggling,0.234,True
STU_0331,13,5,0,0,0,18,23.4,2,2,0,47.0,66.1,-5.79,31.48,1,0,0,13.3,,1,,quietly_struggling,0.207,True
STU_0331,14,5,0,0,0,16,35.8,1,0,0,30.6,63.6,-7.85,57.02,0,0,0,9.2,-0.04,1,1.0,quietly_struggling,0.14,True
STU_0331,15,5,0,0,0,16,28.8,2,1,0,39.4,62.0,-3.8,44.45,0,0,0,11.3,,0,,quietly_struggling,0.028,True
STU_0331,16,5,0,0,0,16,15.0,2,1,0,33.8,60.2,1.56,13.0,0,0,0,9.5,-0.37,2,2.0,quietly_struggling,0.02,True
STU_0332,1,5,0,0,0,19,82.0,2,0,0,79.4,79.4,0.0,0.0,0,0,0,12.2,,0,,quietly_struggling,0.79,False
STU_0332,2,5,0,0,0,18,73.5,2,0,0,77.4,78.4,-2.06,1.06,0,0,0,9.6,0.28,0,4.0,quietly_struggling,0.727,False
STU_0332,3,5,0,0,0,22,68.0,2,0,0,75.6,77.5,-1.93,2.48,0,0,0,12.6,,0,,quietly_struggling,0.68,False
STU_0332,4,5,0,0,0,13,66.6,2,0,1,77.6,77.5,0.1,0.81,0,0,0,14.0,0.32,0,4.0,quietly_struggling,0.644,False
STU_0332,5,4,1,0,0,15,66.1,1,0,1,81.1,78.2,2.75,5.16,0,0,0,11.4,,0,,quietly_struggling,0.519,False
STU_0332,6,5,0,0,0,19,62.3,1,3,0,64.6,75.9,-6.51,50.51,0,0,0,12.5,-0.15,1,4.0,quietly_struggling,0.531,False
STU_0332,7,5,0,0,0,19,40.1,2,0,0,70.2,75.1,-5.42,46.96,0,0,0,10.5,,0,,quietly_struggling,0.384,False
STU_0332,8,5,0,0,0,18,63.1,1,2,0,68.5,74.3,1.95,5.61,1,0,0,13.3,-0.78,1,3.0,quietly_struggling,0.335,True
STU_0332,9,5,0,2,0,20,48.2,1,0,0,63.5,73.1,-3.39,8.23,0,0,0,11.9,,0,,quietly_struggling,0.268,True
STU_0332,10,5,0,0,0,18,40.8,2,0,0,61.7,72.0,-3.36,8.13,0,0,0,10.6,-0.57,1,2.0,quietly_struggling,0.191,True
STU_0332,11,4,1,0,0,15,37.6,2,2,0,58.5,70.7,-2.47,4.19,0,0,0,10.5,,1,,quietly_struggling,0.159,True
STU_0332,12,5,0,1,0,14,15.0,1,3,0,57.6,69.6,-2.08,3.17,0,0,0,12.8,-0.18,0,2.0,quietly_struggling,0.092,True
STU_0332,13,5,0,1,0,17,31.4,2,0,0,53.2,68.4,-2.66,5.38,1,0,0,13.6,,2,,quietly_struggling,0.078,True
STU_0332,14,5,0,0,0,18,27.8,2,2,1,39.9,66.3,-8.83,56.42,0,0,0,10.3,-0.9,1,1.0,quietly_struggling,0.02,True
STU_0332,15,5,0,0,0,23,19.6,2,2,0,30.0,63.9,-11.61,90.43,0,0,0,9.2,,0,,quietly_struggling,0.02,True
STU_0332,16,4,1,0,0,17,26.2,1,3,0,18.4,61.1,-10.76,77.3,0,0,0,12.8,-0.91,1,2.0,quietly_struggling,0.02,True
STU_0333,1,5,0,2,0,12,105.2,2,0,0,70.4,70.4,0.0,0.0,0,0,0,13.6,,0,,quietly_struggling,0.726,False
STU_0333,2,5,0,2,0,14,79.0,1,1,1,71.7,71.0,1.39,0.48,0,0,0,12.9,0.79,0,4.0,quietly_struggling,0.67,False
STU_0333,3,5,0,1,0,17,69.9,2,1,1,69.1,70.4,-0.6,1.13,0,0,0,12.6,,0,,quietly_struggling,0.602,False
STU_0333,4,5,0,0,0,25,86.0,1,0,1,75.3,71.6,1.79,6.41,0,0,0,11.2,-0.23,0,4.0,quietly_struggling,0.526,False
STU_0333,5,4,1,0,0,20,56.6,2,0,1,67.3,70.8,-0.93,11.79,0,0,0,11.2,,0,,quietly_struggling,0.48,False
STU_0333,6,5,0,0,0,14,59.9,2,0,0,65.0,69.8,-5.17,19.65,0,0,0,11.1,0.66,0,3.0,quietly_struggling,0.391,False
STU_0333,7,5,0,0,0,7,35.3,2,1,0,70.3,69.9,1.51,4.78,0,0,0,12.6,,0,,quietly_struggling,0.321,True
STU_0333,8,5,0,1,0,15,59.7,1,4,0,64.9,69.3,-0.01,6.36,0,0,0,12.9,-0.88,0,2.0,quietly_struggling,0.226,True
STU_0333,9,5,0,0,0,13,61.9,2,0,0,74.7,69.9,2.18,15.8,0,0,0,12.6,,1,,quietly_struggling,0.189,True
STU_0333,10,5,0,0,0,15,18.7,1,1,0,60.7,68.9,-2.11,34.02,0,0,0,12.1,-1.0,1,1.0,quietly_struggling,0.113,True
STU_0333,11,4,1,0,0,20,24.5,2,3,0,61.7,68.3,-6.47,40.27,0,0,0,12.3,,0,,quietly_struggling,0.055,True
STU_0333,12,5,0,2,0,22,44.8,1,2,0,54.7,67.2,-3.04,9.74,0,0,0,11.1,-0.77,0,1.0,quietly_struggling,0.024,True
STU_0333,13,5,0,0,0,23,33.8,2,3,0,54.6,66.2,-3.55,11.15,0,0,0,12.8,,0,,quietly_struggling,0.02,True
STU_0333,14,4,1,2,0,10,18.0,2,4,0,44.7,64.7,-4.98,21.95,0,0,0,13.0,-0.68,0,1.0,quietly_struggling,0.02,True
STU_0333,15,4,1,1,0,16,33.8,2,0,0,34.3,62.6,-10.16,68.78,0,0,0,13.0,,1,,quietly_struggling,0.02,True
STU_0333,16,5,0,0,0,21,27.9,1,1,0,36.4,61.0,-4.15,20.15,1,0,0,10.5,-0.53,1,2.0,quietly_struggling,0.02,True
STU_0334,1,5,0,0,0,21,73.2,2,2,1,84.8,84.8,0.0,0.0,0,0,0,13.5,,0,,quietly_struggling,0.694,False
STU_0334,2,5,0,1,0,22,61.8,2,0,1,77.6,81.2,-7.24,13.12,0,0,0,9.1,0.34,0,3.0,quietly_struggling,0.679,False
STU_0334,3,5,0,0,0,22,103.1,2,0,0,70.6,77.7,-7.1,33.66,0,0,0,9.8,,1,,quietly_struggling,0.617,False
STU_0334,4,5,0,0,0,15,90.2,2,0,0,66.0,74.8,-5.76,22.46,0,0,0,9.8,0.6,0,4.0,quietly_struggling,0.547,False
STU_0334,5,5,0,1,0,16,66.5,2,0,0,74.2,74.6,1.8,11.17,0,0,0,12.7,,0,,quietly_struggling,0.526,False
STU_0334,6,4,1,0,0,21,51.8,2,2,0,71.1,74.1,2.54,11.35,0,0,0,10.8,0.22,0,3.0,quietly_struggling,0.452,False
STU_0334,7,5,0,0,0,17,59.2,2,2,0,68.7,73.3,-2.74,5.02,0,0,0,9.3,,1,,quietly_struggling,0.388,False
STU_0334,8,5,0,0,0,23,69.3,2,0,0,65.7,72.3,-2.73,4.98,0,0,0,11.5,0.37,1,3.0,quietly_struggling,0.276,True
STU_0334,9,5,0,1,0,13,19.4,2,1,0,64.5,71.5,-2.13,3.22,1,0,0,11.4,,0,,quietly_struggling,0.222,True
STU_0334,10,4,1,1,0,14,44.1,1,0,0,53.6,69.7,-6.01,29.26,0,0,0,12.5,0.22,1,1.0,quietly_struggling,0.144,True
STU_0334,11,5,0,1,0,10,46.9,1,3,0,46.8,67.6,-8.85,53.09,0,0,0,11.3,,1,,quietly_struggling,0.05,True
STU_0334,12,5,0,0,0,22,43.2,2,2,0,39.7,65.3,-6.97,32.4,0,0,0,11.9,-0.67,0,1.0,quietly_struggling,0.034,True
STU_0334,13,4,1,1,0,17,25.5,2,1,0,51.7,64.2,2.47,24.28,0,0,0,11.9,,2,,quietly_struggling,0.02,True
STU_0334,14,5,0,0,0,19,15.0,2,1,0,42.5,62.7,1.42,26.26,0,0,0,12.1,-1.0,1,3.0,quietly_struggling,0.02,True
STU_0334,15,5,0,0,0,14,54.0,2,1,0,39.5,61.1,-6.13,27.09,0,0,0,10.2,,0,,quietly_struggling,0.02,True
STU_0334,16,4,1,1,0,19,15.0,2,1,0,33.4,59.4,-4.59,14.56,0,0,0,12.6,-0.61,1,1.0,quietly_struggling,0.02,True
STU_0335,1,5,0,2,0,22,86.3,2,0,0,78.9,78.9,0.0,0.0,0,0,0,10.2,,0,,quietly_struggling,0.794,False
STU_0335,2,5,0,1,0,20,95.1,1,0,0,71.9,75.4,-7.03,12.37,1,0,0,10.3,1.0,0,4.0,quietly_struggling,0.699,False
STU_0335,3,5,0,0,0,17,49.3,2,0,0,73.2,74.7,-2.85,9.31,0,0,0,10.0,,0,,quietly_struggling,0.688,False
STU_0335,4,5,0,0,0,19,70.8,2,1,0,69.0,73.2,-1.43,3.06,0,0,0,12.1,0.31,0,4.0,quietly_struggling,0.634,False
STU_0335,5,5,0,1,0,20,49.8,2,0,0,72.5,73.1,-0.34,3.38,0,0,0,10.0,,1,,quietly_struggling,0.555,False
STU_0335,6,5,0,0,0,23,53.4,2,1,0,60.3,71.0,-4.35,26.33,0,0,0,12.3,-0.2,0,4.0,quietly_struggling,0.524,False
STU_0335,7,5,0,0,0,16,73.4,2,1,0,73.8,71.4,0.65,37.02,0,0,0,9.8,,0,,quietly_struggling,0.484,False
STU_0335,8,5,0,0,0,18,54.8,1,1,0,72.0,71.5,5.84,35.78,0,0,0,13.8,0.0,1,3.0,quietly_struggling,0.445,False
STU_0335,9,5,0,0,0,14,55.2,2,2,0,67.6,71.0,-3.1,6.78,1,0,0,13.4,,0,,quietly_struggling,0.405,False
STU_0335,10,5,0,2,0,17,87.9,2,2,0,72.9,71.2,0.48,5.39,1,0,0,9.8,-0.23,0,2.0,quietly_struggling,0.358,False
STU_0335,11,5,0,0,0,16,55.8,2,2,0,52.0,69.5,-7.83,79.35,0,0,0,13.4,,0,,quietly_struggling,0.281,True
STU_0335,12,5,0,0,0,23,55.3,2,0,0,50.5,67.9,-11.23,105.27,0,0,0,13.8,-0.47,2,2.0,quietly_struggling,0.25,True
STU_0335,13,5,0,0,0,22,72.1,1,3,0,45.6,66.2,-3.19,7.44,0,0,0,10.1,,1,,quietly_struggling,0.241,True
STU_0335,14,5,0,0,0,23,27.4,2,0,0,40.7,64.3,-4.91,16.05,0,0,0,10.6,-0.64,1,1.0,quietly_struggling,0.175,True
STU_0335,15,5,0,0,0,24,67.9,1,1,0,31.3,62.1,-7.16,35.31,0,0,0,10.8,,0,,quietly_struggling,0.151,True
STU_0335,16,5,0,0,0,18,38.8,1,1,0,46.3,61.1,2.81,38.45,0,0,0,10.2,-1.0,0,1.0,quietly_struggling,0.091,True
STU_0336,1,5,0,0,0,19,90.4,2,0,0,76.9,76.9,0.0,0.0,0,0,0,9.3,,0,,quietly_struggling,0.769,False
STU_0336,2,5,0,1,0,19,89.1,1,1,2,78.4,77.7,1.5,0.56,0,0,0,10.3,0.78,0,3.0,quietly_struggling,0.671,False
STU_0336,3,4,1,0,0,16,80.2,1,0,0,73.9,76.4,-1.51,3.54,0,0,0,12.3,,0,,quietly_struggling,0.649,False
STU_0336,4,5,0,0,0,10,51.6,1,1,0,68.8,74.5,-4.82,15.49,1,0,0,11.4,0.41,0,3.0,quietly_struggling,0.616,False
STU_0336,5,5,0,2,0,16,73.9,1,1,0,77.5,75.1,1.81,12.83,0,0,0,11.4,,0,,quietly_struggling,0.545,False
STU_0336,6,5,0,0,0,16,75.8,1,0,0,72.2,74.6,1.7,12.92,0,0,0,12.0,0.93,1,3.0,quietly_struggling,0.494,False
STU_0336,7,5,0,0,0,13,84.9,2,3,0,73.5,74.5,-2.01,5.16,0,0,0,9.3,,0,,quietly_struggling,0.439,False
STU_0336,8,5,0,0,0,22,74.2,2,1,0,66.1,73.4,-3.04,10.41,0,0,0,10.2,0.22,0,4.0,quietly_struggling,0.417,False
STU_0336,9,5,0,0,0,15,45.3,2,1,0,63.7,72.3,-4.93,17.55,0,0,0,12.9,,0,,quietly_struggling,0.347,False
STU_0336,10,4,1,0,0,15,43.7,2,1,0,58.4,70.9,-3.88,10.48,2,0,0,12.4,-0.14,0,3.0,quietly_struggling,0.318,True
STU_0336,11,5,0,0,0,16,49.1,2,0,0,56.2,69.6,-3.75,9.9,0,0,0,13.3,,0,,quietly_struggling,0.247,True
STU_0336,12,4,1,0,0,24,47.1,2,1,0,42.3,67.3,-8.01,50.36,0,0,0,12.2,-0.44,0,1.0,quietly_struggling,0.184,True
STU_0336,13,5,0,2,0,21,33.9,1,0,0,36.8,65.0,-9.7,66.56,0,0,0,12.5,,0,,quietly_struggling,0.118,True
STU_0336,14,5,0,0,0,20,25.5,2,1,0,32.4,62.6,-4.97,16.56,0,0,0,11.5,0.04,0,1.0,quietly_struggling,0.058,True
STU_0336,15,5,0,0,0,15,15.0,2,0,0,29.5,60.4,-3.63,8.93,0,0,0,9.0,,1,,quietly_struggling,0.028,True
STU_0336,16,5,0,0,0,19,16.6,2,0,0,42.0,59.3,4.83,28.77,0,0,0,9.9,-0.75,2,2.0,quietly_struggling,0.02,True
STU_0337,1,5,0,0,0,26,82.4,1,1,0,77.9,77.9,0.0,0.0,0,0,0,11.2,,0,,quietly_struggling,0.743,False
STU_0337,2,5,0,0,0,17,97.2,2,0,0,73.2,75.6,-4.7,5.52,0,0,0,10.9,0.47,0,4.0,quietly_struggling,0.757,False
STU_0337,3,5,0,0,0,20,86.0,2,0,0,78.4,76.5,0.26,5.5,0,0,0,12.2,,0,,quietly_struggling,0.752,False
STU_0337,4,5,0,0,0,16,74.3,2,0,0,74.8,76.1,0.79,4.77,0,0,0,11.4,0.88,0,4.0,quietly_struggling,0.73,False
STU_0337,5,5,0,0,0,15,88.4,2,0,0,71.8,75.2,-3.3,7.29,0,0,0,9.4,,0,,quietly_struggling,0.704,False
STU_0337,6,5,0,0,0,17,85.1,2,2,0,68.1,74.1,-3.36,7.56,0,0,0,13.6,0.49,0,4.0,quietly_struggling,0.644,False
STU_0337,7,5,0,0,0,23,64.9,2,0,0,66.9,73.0,-2.49,4.49,0,0,0,11.3,,0,,quietly_struggling,0.572,False
STU_0337,8,4,1,1,0,20,59.9,2,0,0,75.8,73.4,3.86,15.73,0,0,0,10.2,0.01,1,3.0,quietly_struggling,0.485,False
STU_0337,9,5,0,0,0,22,59.3,2,0,0,59.7,71.8,-3.59,43.56,0,0,0,13.9,,1,,quietly_struggling,0.414,False
STU_0337,10,5,0,2,0,23,58.1,1,0,0,60.8,70.7,-7.49,53.98,0,0,0,12.0,-0.7,0,4.0,quietly_struggling,0.349,False
STU_0337,11,5,0,0,0,18,53.5,2,0,0,48.7,68.7,-5.49,29.91,0,0,0,11.8,,0,,quietly_struggling,0.283,True
STU_0337,12,5,0,0,0,25,67.3,2,0,0,54.3,67.5,-3.26,24.6,0,0,0,10.4,-0.61,0,1.0,quietly_struggling,0.259,True
STU_0337,13,4,1,0,0,19,70.0,1,1,0,44.4,65.8,-2.14,16.45,1,0,0,11.1,,0,,quietly_struggling,0.224,True
STU_0337,14,4,1,0,0,14,50.2,1,0,0,44.4,64.2,-4.95,21.77,0,0,0,10.1,-1.0,1,2.0,quietly_struggling,0.163,True
STU_0337,15,4,1,0,0,21,30.5,2,0,0,34.3,62.2,-5.09,23.01,0,0,0,13.7,,0,,quietly_struggling,0.113,True
STU_0337,16,5,0,0,0,22,51.2,2,1,0,38.8,60.8,-2.82,17.35,0,0,0,12.0,-0.33,1,1.0,quietly_struggling,0.05,True
STU_0338,1,5,0,0,0,18,94.7,2,0,0,73.7,73.7,0.0,0.0,0,0,0,10.1,,0,,quietly_struggling,0.775,False
STU_0338,2,5,0,1,0,18,104.0,2,0,0,75.6,74.7,1.92,0.92,0,0,0,13.0,0.35,0,3.0,quietly_struggling,0.751,False
STU_0338,3,5,0,0,0,9,95.5,1,0,0,78.3,75.9,2.31,3.59,0,0,0,12.4,,0,,quietly_struggling,0.705,False
STU_0338,4,5,0,0,0,9,89.6,2,0,0,70.9,74.6,-2.34,9.33,1,0,0,9.4,0.47,0,5.0,quietly_struggling,0.663,False
STU_0338,5,4,1,0,0,10,61.6,2,0,0,72.6,74.2,-2.86,10.02,0,0,0,13.1,,0,,quietly_struggling,0.627,False
STU_0338,6,5,0,0,0,16,67.4,1,2,0,71.0,73.7,0.05,0.59,0,0,0,11.0,0.36,1,3.0,quietly_struggling,0.554,False
STU_0338,7,5,0,0,0,18,69.2,2,0,1,74.3,73.8,0.85,1.79,0,0,0,13.1,,0,,quietly_struggling,0.513,False
STU_0338,8,5,0,0,0,12,61.0,2,3,1,63.2,72.5,-3.91,21.69,0,0,0,13.0,-0.07,1,4.0,quietly_struggling,0.458,False
STU_0338,9,5,0,2,0,12,49.5,1,1,0,53.8,70.4,-10.25,70.2,0,0,0,13.2,,0,,quietly_struggling,0.411,False
STU_0338,10,5,0,0,0,23,43.5,1,1,0,59.9,69.3,-1.66,15.15,0,0,0,13.3,-0.36,0,3.0,quietly_struggling,0.394,False
STU_0338,11,5,0,0,0,19,41.2,1,2,0,59.0,68.4,2.61,7.24,0,0,0,9.6,,0,,quietly_struggling,0.302,True
STU_0338,12,5,0,0,0,16,41.7,1,3,0,56.9,67.4,-1.51,1.62,0,0,0,11.5,-0.65,1,2.0,quietly_struggling,0.221,True
STU_0338,13,5,0,0,0,8,27.7,1,0,0,48.5,66.0,-5.29,20.79,0,0,0,11.3,,0,,quietly_struggling,0.144,True
STU_0338,14,5,0,1,0,14,49.8,1,1,0,40.3,64.1,-8.27,45.61,1,0,0,9.9,-0.75,0,2.0,quietly_struggling,0.112,True
STU_0338,15,5,0,1,0,20,15.0,2,1,0,36.5,62.3,-5.98,24.85,0,0,0,12.3,,0,,quietly_struggling,0.041,True
STU_0338,16,5,0,0,0,14,37.8,1,1,0,34.1,60.5,-3.09,6.47,0,0,0,10.3,-0.63,2,2.0,quietly_struggling,0.02,True
STU_0339,1,5,0,2,0,18,76.7,2,0,0,66.8,66.8,0.0,0.0,0,0,0,10.7,,0,,quietly_struggling,0.707,False
STU_0339,2,5,0,1,0,9,64.1,2,0,0,89.0,77.9,22.25,123.72,0,0,0,12.0,-0.31,0,4.0,quietly_struggling,0.643,False
STU_0339,3,5,0,0,0,20,83.2,1,0,0,74.4,76.7,3.79,85.26,0,0,0,10.1,,0,,quietly_struggling,0.613,False
STU_0339,4,5,0,0,0,19,64.0,2,1,0,73.1,75.8,-7.98,52.39,1,0,0,12.3,0.23,0,3.0,quietly_struggling,0.518,False
STU_0339,5,5,0,1,0,22,43.3,1,2,0,71.3,74.9,-1.53,1.58,0,0,0,11.7,,0,,quietly_struggling,0.506,False
STU_0339,6,4,1,0,0,12,46.2,2,3,0,69.9,74.1,-1.59,1.7,0,0,0,10.3,-0.16,0,3.0,quietly_struggling,0.443,False
STU_0339,7,5,0,2,0,16,48.7,2,0,0,70.2,73.5,-0.55,0.37,0,0,0,11.7,,0,,quietly_struggling,0.355,False
STU_0339,8,5,0,2,0,13,67.9,2,0,0,60.9,72.0,-4.49,18.6,0,0,0,9.2,-0.3,0,3.0,quietly_struggling,0.289,True
STU_0339,9,5,0,0,0,12,29.7,2,2,0,57.4,70.3,-6.4,29.16,0,0,0,13.6,,0,,quietly_struggling,0.22,True
STU_0339,10,4,1,1,0,16,42.1,2,0,0,47.8,68.1,-6.53,30.52,0,0,0,9.9,-0.61,0,1.0,quietly_struggling,0.199,True
STU_0339,11,5,0,0,0,16,66.0,1,1,0,43.4,65.8,-7.03,34.36,0,0,0,13.5,,2,,quietly_struggling,0.231,True
STU_0339,12,5,0,0,0,19,39.3,2,0,0,61.2,65.4,6.66,57.18,0,0,0,12.9,0.25,2,1.0,quietly_struggling,0.16,True
STU_0339,13,5,0,1,0,19,20.8,2,1,0,50.7,64.3,3.65,53.39,0,0,0,11.3,,1,,quietly_struggling,0.065,True
STU_0339,14,5,0,0,0,19,31.0,2,1,0,43.5,62.8,-8.82,52.53,0,0,0,9.1,-1.0,2,1.0,quietly_struggling,0.02,True
STU_0339,15,5,0,0,0,19,15.8,1,1,0,41.8,61.4,-4.44,14.78,0,0,0,10.8,,0,,quietly_struggling,0.02,True
STU_0339,16,5,0,0,0,20,37.4,2,0,0,38.4,60.0,-2.56,4.51,0,0,0,9.7,-1.0,0,1.0,quietly_struggling,0.02,True
STU_0340,1,5,0,1,0,14,91.6,2,0,0,71.7,71.7,0.0,0.0,0,0,0,12.6,,0,,quietly_struggling,0.727,False
STU_0340,2,5,0,0,0,16,79.0,2,0,0,77.5,74.6,5.78,8.35,0,0,0,12.7,0.98,0,4.0,quietly_struggling,0.732,False
STU_0340,3,4,1,0,0,20,60.0,1,1,1,68.9,72.7,-1.41,12.78,0,0,0,10.8,,0,,quietly_struggling,0.689,False
STU_0340,4,5,0,2,0,19,72.3,1,0,0,74.1,73.1,-1.71,12.46,0,0,0,11.8,0.58,0,4.0,quietly_struggling,0.615,False
STU_0340,5,5,0,0,0,20,59.7,2,0,1,72.6,73.0,1.83,4.7,0,0,0,10.6,,0,,quietly_struggling,0.58,False
STU_0340,6,5,0,0,0,18,67.1,2,0,0,74.8,73.3,0.37,0.88,0,0,0,13.8,-0.08,0,3.0,quietly_struggling,0.55,False
STU_0340,7,5,0,0,0,14,35.8,2,0,1,73.6,73.3,0.51,0.85,0,0,0,9.2,,1,,quietly_struggling,0.493,False
STU_0340,8,5,0,0,0,24,59.3,1,0,0,66.6,72.5,-4.1,13.05,0,0,0,13.7,-0.33,0,2.0,quietly_struggling,0.454,False
STU_0340,9,4,1,0,0,20,67.3,1,0,0,64.3,71.6,-4.65,15.6,0,0,0,10.8,,1,,quietly_struggling,0.412,False
STU_0340,10,5,0,0,0,22,47.6,2,0,0,52.7,69.7,-6.96,37.02,1,0,0,13.3,-0.09,0,4.0,quietly_struggling,0.37,False
STU_0340,11,5,0,0,0,26,58.7,2,1,0,52.5,68.1,-5.88,30.28,0,0,0,10.2,,0,,quietly_struggling,0.309,True
STU_0340,12,5,0,0,0,6,49.2,2,0,0,39.5,65.7,-6.62,38.46,0,0,0,11.6,-0.16,0,2.0,quietly_struggling,0.272,True
STU_0340,13,5,0,0,0,19,49.3,2,0,0,42.0,63.9,-5.28,32.08,0,0,0,11.2,,0,,quietly_struggling,0.241,True
STU_0340,14,5,0,1,0,17,75.3,2,0,0,40.2,62.2,0.37,1.11,1,0,0,12.4,-0.43,0,2.0,quietly_struggling,0.184,True
STU_0340,15,5,0,0,0,12,31.0,1,1,0,27.4,59.9,-7.31,42.47,0,0,0,11.2,,0,,quietly_struggling,0.1,True
STU_0340,16,5,0,0,0,9,18.9,1,2,0,29.8,58.0,-5.19,31.01,1,0,0,12.9,-0.81,2,1.0,quietly_struggling,0.049,True
STU_0341,1,5,0,0,0,16,86.3,2,0,2,75.1,75.1,0.0,0.0,0,0,0,13.1,,0,,quietly_struggling,0.731,False
STU_0341,2,5,0,0,0,20,55.4,1,2,1,75.9,75.5,0.84,0.17,1,0,0,11.9,0.3,0,4.0,quietly_struggling,0.706,False
STU_0341,3,5,0,0,0,20,75.7,2,1,1,73.1,74.7,-0.99,1.39,0,0,0,12.1,,0,,quietly_struggling,0.73,False
STU_0341,4,5,0,0,0,18,88.3,1,1,0,78.2,75.6,1.12,4.27,0,0,0,10.5,-0.25,0,4.0,quietly_struggling,0.695,False
STU_0341,5,5,0,0,0,19,76.1,2,0,0,67.6,74.0,-2.75,18.53,1,0,0,11.2,,0,,quietly_struggling,0.651,False
STU_0341,6,5,0,1,0,14,59.3,2,1,0,68.5,73.1,-4.82,22.77,1,0,0,11.9,0.0,1,4.0,quietly_struggling,0.558,False
STU_0341,7,5,0,0,0,22,70.9,2,0,0,79.6,74.0,5.97,29.47,0,0,0,12.4,,1,,quietly_struggling,0.473,False
STU_0341,8,5,0,0,0,22,36.4,2,0,0,65.8,73.0,-1.37,35.49,0,0,0,14.0,0.15,1,3.0,quietly_struggling,0.471,False
STU_0341,9,5,0,1,0,19,50.5,1,0,0,62.5,71.8,-8.52,54.58,1,0,0,12.6,,0,,quietly_struggling,0.482,False
STU_0341,10,5,0,0,0,10,17.7,2,1,0,55.3,70.2,-5.22,19.04,1,0,0,9.5,-0.19,0,3.0,quietly_struggling,0.396,False
STU_0341,11,4,1,1,0,19,42.0,2,0,0,53.5,68.6,-4.53,15.22,0,0,0,13.9,,0,,quietly_struggling,0.37,True
STU_0341,12,5,0,1,0,20,36.1,1,3,0,54.3,67.4,-0.54,0.59,0,0,0,11.9,0.22,0,3.0,quietly_struggling,0.271,True
STU_0341,13,5,0,0,0,11,37.8,1,2,0,49.5,66.1,-2.0,4.39,0,0,0,13.3,,0,,quietly_struggling,0.244,True
STU_0341,14,5,0,0,0,22,50.3,2,0,0,28.9,63.4,-12.7,121.44,0,0,0,13.9,-0.57,1,1.0,quietly_struggling,0.192,True
STU_0341,15,5,0,1,0,16,44.0,1,2,0,38.7,61.8,-5.37,70.86,0,0,0,9.5,,0,,quietly_struggling,0.153,True
STU_0341,16,5,0,0,0,18,66.0,2,4,0,30.6,59.8,0.89,18.45,1,0,0,11.4,0.02,1,2.0,quietly_struggling,0.147,True
STU_0342,1,5,0,0,0,16,100.8,1,0,0,79.2,79.2,0.0,0.0,0,0,0,14.0,,0,,quietly_struggling,0.722,False
STU_0342,2,5,0,0,0,18,74.4,2,0,0,80.8,80.0,1.63,0.66,0,0,0,11.6,0.19,0,4.0,quietly_struggling,0.677,False
STU_0342,3,5,0,0,0,17,57.4,2,0,0,76.7,78.9,-1.26,2.91,0,0,0,10.8,,0,,quietly_struggling,0.565,False
STU_0342,4,5,0,0,0,21,76.5,2,1,1,73.3,77.5,-3.74,9.34,0,0,0,11.8,-0.66,0,2.0,quietly_struggling,0.539,False
STU_0342,5,5,0,0,0,21,66.4,1,3,0,67.7,75.5,-4.47,13.63,0,0,0,10.4,,0,,quietly_struggling,0.488,False
STU_0342,6,5,0,0,0,18,47.0,2,1,0,74.3,75.3,0.51,8.51,0,0,0,10.2,0.4,0,3.0,quietly_struggling,0.413,False
STU_0342,7,5,0,1,0,20,36.0,1,1,0,72.0,74.9,2.16,7.56,0,0,0,9.8,,1,,quietly_struggling,0.376,False
STU_0342,8,5,0,0,0,15,38.7,1,0,1,68.9,74.1,-2.71,4.94,0,0,0,9.3,-0.28,0,4.0,quietly_struggling,0.368,True
STU_0342,9,5,0,1,0,22,37.0,1,1,0,49.7,71.4,-11.16,97.34,0,0,0,13.2,,0,,quietly_struggling,0.263,True
STU_0342,10,5,0,0,0,21,51.4,1,1,0,62.8,70.5,-3.08,64.04,0,0,0,11.9,-0.29,0,2.0,quietly_struggling,0.179,True
STU_0342,11,4,1,0,0,25,34.6,2,0,0,56.4,69.2,3.32,28.36,0,0,0,11.7,,0,,quietly_struggling,0.113,True
STU_0342,12,4,1,0,0,6,49.2,2,1,0,50.8,67.7,-6.0,24.04,0,0,0,11.7,-1.0,2,1.0,quietly_struggling,0.02,True
STU_0342,13,4,1,1,0,20,59.2,2,2,0,48.6,66.2,-3.9,10.77,1,0,0,11.0,,0,,quietly_struggling,0.02,True
STU_0342,14,5,0,0,0,27,51.5,2,2,0,47.0,64.9,-1.89,2.4,0,0,0,11.1,-1.0,0,1.0,quietly_struggling,0.02,True
STU_0342,15,5,0,0,0,17,21.8,1,1,0,46.7,63.6,-0.94,0.68,1,0,0,11.6,,1,,quietly_struggling,0.02,True
STU_0342,16,4,1,0,0,20,19.2,1,3,0,41.3,62.3,-2.83,6.78,0,0,0,9.2,-0.47,1,1.0,quietly_struggling,0.02,True
STU_0343,1,5,0,1,0,11,66.9,2,0,0,72.8,72.8,0.0,0.0,0,0,0,12.5,,0,,quietly_struggling,0.75,False
STU_0343,2,5,0,0,0,16,89.2,2,0,0,86.8,79.8,13.97,48.82,1,0,0,13.1,1.0,1,4.0,quietly_struggling,0.687,False
STU_0343,3,5,0,0,0,16,75.2,2,0,2,70.3,76.6,-1.25,52.57,0,0,0,12.2,,0,,quietly_struggling,0.678,False
STU_0343,4,5,0,1,0,20,73.8,1,0,0,73.1,75.7,-6.85,51.88,0,0,0,13.4,0.68,0,5.0,quietly_struggling,0.671,False
STU_0343,5,5,0,0,0,13,67.2,2,0,0,71.9,75.0,0.79,1.3,0,0,0,13.0,,0,,quietly_struggling,0.57,False
STU_0343,6,5,0,0,0,19,84.6,2,0,0,77.4,75.4,2.16,5.63,0,0,0,10.5,0.03,0,3.0,quietly_struggling,0.515,False
STU_0343,7,4,1,0,0,20,80.1,1,0,1,70.6,74.7,-0.63,8.71,0,0,0,13.9,,0,,quietly_struggling,0.501,False
STU_0343,8,5,0,0,0,18,78.4,1,0,0,65.5,73.5,-5.94,23.69,0,0,0,9.4,0.27,0,3.0,quietly_struggling,0.485,False
STU_0343,9,5,0,0,0,17,66.6,2,2,0,70.1,73.2,-0.25,5.22,0,0,0,13.9,,0,,quietly_struggling,0.419,False
STU_0343,10,5,0,0,0,13,34.4,1,3,0,73.1,73.1,3.79,9.74,0,0,0,9.5,0.04,0,2.0,quietly_struggling,0.297,False
STU_0343,11,5,0,0,0,18,26.9,1,1,0,53.7,71.4,-8.19,72.68,0,0,0,9.3,,0,,quietly_struggling,0.211,True
STU_0343,12,5,0,1,0,16,48.4,2,2,0,46.3,69.3,-13.38,127.36,0,0,0,12.8,-1.0,1,1.0,quietly_struggling,0.12,True
STU_0343,13,5,0,1,0,22,31.1,2,1,0,52.3,68.0,-0.69,10.17,0,0,0,13.0,,2,,quietly_struggling,0.079,True
STU_0343,14,5,0,0,0,21,20.8,2,0,0,41.0,66.1,-2.69,21.5,0,0,0,9.5,-0.57,2,2.0,quietly_struggling,0.028,True
STU_0343,15,5,0,0,0,15,49.4,1,0,0,42.6,64.5,-4.84,25.05,0,0,0,13.8,,0,,quietly_struggling,0.02,True
STU_0343,16,5,0,1,0,19,34.0,1,3,0,35.1,62.7,-2.91,10.33,0,0,0,9.7,-1.0,0,2.0,quietly_struggling,0.02,True
STU_0344,1,5,0,2,0,15,98.6,1,0,0,82.6,82.6,0.0,0.0,0,0,0,10.4,,0,,quietly_struggling,0.771,False
STU_0344,2,4,1,1,0,20,92.5,1,1,0,80.5,81.6,-2.09,1.09,0,0,0,13.7,0.53,0,4.0,quietly_struggling,0.749,False
STU_0344,3,5,0,2,0,17,80.5,2,0,0,77.5,80.2,-2.56,4.43,0,0,0,12.1,,0,,quietly_struggling,0.725,False
STU_0344,4,5,0,1,0,17,65.9,1,0,0,70.7,77.8,-4.93,17.01,0,0,0,13.3,0.02,0,5.0,quietly_struggling,0.688,False
STU_0344,5,5,0,0,0,16,74.3,2,0,0,70.0,76.3,-3.74,11.43,0,0,0,12.5,,0,,quietly_struggling,0.673,False
STU_0344,6,5,0,2,0,21,99.1,2,0,1,69.4,75.1,-0.63,0.27,0,0,0,11.6,0.43,0,3.0,quietly_struggling,0.652,False
STU_0344,7,5,0,0,0,16,64.5,1,1,0,63.9,73.5,-3.08,7.66,0,0,0,12.2,,0,,quietly_struggling,0.61,False
STU_0344,8,5,0,0,0,17,75.3,1,0,0,62.7,72.2,-3.38,8.64,1,0,0,13.4,0.29,0,4.0,quietly_struggling,0.564,False
STU_0344,9,5,0,0,0,14,55.4,1,1,0,58.3,70.6,-2.77,5.63,0,0,0,12.5,,0,,quietly_struggling,0.521,False
STU_0344,10,4,1,2,0,20,44.0,2,2,0,65.5,70.1,1.44,8.75,0,0,0,11.1,-0.18,0,5.0,quietly_struggling,0.494,False
STU_0344,11,5,0,0,0,22,53.7,1,3,0,51.0,68.4,-3.66,35.09,0,0,0,10.7,,1,,quietly_struggling,0.416,False
STU_0344,12,5,0,0,0,17,60.0,2,0,0,46.1,66.5,-9.7,67.92,0,0,0,11.0,-0.22,1,3.0,quietly_struggling,0.31,False
STU_0344,13,5,0,0,0,25,38.2,2,3,1,43.3,64.7,-3.87,10.2,1,0,0,10.9,,0,,quietly_struggling,0.244,True
STU_0344,14,5,0,0,0,21,15.0,2,0,0,28.2,62.1,-8.97,62.09,0,0,0,12.4,-0.64,2,2.0,quietly_struggling,0.159,True
STU_0344,15,4,1,1,0,20,25.8,2,2,0,39.4,60.6,-1.94,41.12,0,0,0,12.1,,1,,quietly_struggling,0.086,True
STU_0344,16,5,0,0,0,18,15.0,1,1,0,37.1,59.1,4.46,23.48,0,0,0,9.7,-0.9,2,1.0,quietly_struggling,0.02,True
STU_0345,1,5,0,1,0,17,53.0,1,1,1,76.3,76.3,0.0,0.0,0,0,0,10.2,,1,,quietly_struggling,0.693,False
STU_0345,2,5,0,0,0,28,62.5,1,2,0,81.0,78.7,4.73,5.58,0,0,0,9.6,0.43,1,4.0,quietly_struggling,0.608,False
STU_0345,3,5,0,1,0,12,69.6,1,0,0,71.0,76.1,-2.63,16.63,0,0,0,12.5,,0,,quietly_struggling,0.52,False
STU_0345,4,5,0,0,0,23,53.9,2,0,0,69.3,74.4,-5.87,26.74,0,0,0,9.8,0.38,0,2.0,quietly_struggling,0.443,False
STU_0345,5,4,1,0,0,20,46.4,2,2,0,73.0,74.1,1.0,2.35,0,0,0,9.5,,0,,quietly_struggling,0.37,False
STU_0345,6,4,1,0,0,18,51.6,1,1,0,73.6,74.0,2.14,3.62,0,0,0,12.8,-0.21,1,2.0,quietly_struggling,0.346,True
STU_0345,7,5,0,0,0,17,50.8,2,1,0,67.4,73.1,-2.83,7.85,0,0,0,10.4,,0,,quietly_struggling,0.292,True
STU_0345,8,5,0,0,0,14,15.0,2,0,0,70.0,72.7,-1.76,6.42,0,0,0,13.1,-0.4,0,2.0,quietly_struggling,0.241,True
STU_0345,9,5,0,0,0,12,33.3,2,0,0,51.9,70.4,-7.76,64.31,0,0,0,12.4,,2,,quietly_struggling,0.19,True
STU_0345,10,5,0,0,0,15,18.3,2,2,0,54.1,68.8,-7.98,65.66,0,0,0,12.8,-0.38,0,2.0,quietly_struggling,0.165,True
STU_0345,11,5,0,0,0,17,41.3,2,3,0,51.9,67.2,-0.0,1.1,0,0,0,12.2,,0,,quietly_struggling,0.131,True
STU_0345,12,4,1,0,0,19,45.7,2,2,0,56.6,66.3,1.24,3.68,0,0,0,10.1,-1.0,0,2.0,quietly_struggling,0.068,True
STU_0345,13,5,0,1,0,20,24.7,1,2,0,45.6,64.7,-3.12,20.11,0,0,0,12.4,,0,,quietly_struggling,0.02,True
STU_0345,14,5,0,1,0,19,15.0,2,0,0,41.9,63.1,-7.35,38.89,0,0,0,9.5,-0.86,2,2.0,quietly_struggling,0.02,True
STU_0345,15,5,0,2,0,11,31.2,1,0,0,27.1,60.7,-9.25,63.81,0,0,0,10.6,,0,,quietly_struggling,0.02,True
STU_0345,16,5,0,2,0,12,33.8,1,2,0,40.9,59.5,-0.47,45.46,0,0,0,11.6,-0.73,0,1.0,quietly_struggling,0.02,True
STU_0346,1,5,0,0,0,23,81.3,2,0,0,75.7,75.7,0.0,0.0,1,0,0,10.7,,0,,quietly_struggling,0.755,False
STU_0346,2,5,0,0,0,22,53.2,2,0,0,76.0,75.8,0.29,0.02,0,0,0,12.9,0.61,0,4.0,quietly_struggling,0.688,False
STU_0346,3,5,0,0,0,21,88.3,2,0,0,78.8,76.8,1.55,1.95,0,0,0,10.0,,0,,quietly_struggling,0.649,False
STU_0346,4,5,0,2,0,23,76.4,2,1,0,74.3,76.2,-0.85,3.45,1,0,0,13.9,-0.13,0,2.0,quietly_struggling,0.633,False
STU_0346,5,5,0,1,0,14,41.7,2,0,0,75.9,76.1,-1.45,3.48,0,0,0,11.3,,0,,quietly_struggling,0.568,False
STU_0346,6,5,0,0,0,10,36.5,2,0,0,72.0,75.4,-1.13,2.52,0,0,0,13.6,0.19,0,3.0,quietly_struggling,0.553,False
STU_0346,7,5,0,0,0,20,47.0,2,0,0,72.0,74.9,-1.95,3.36,0,0,0,13.4,,0,,quietly_struggling,0.49,False
STU_0346,8,5,0,0,0,15,47.8,2,0,1,69.0,74.2,-1.51,2.01,0,0,0,12.8,0.11,0,3.0,quietly_struggling,0.451,False
STU_0346,9,5,0,0,0,11,43.3,2,0,0,57.7,72.3,-7.14,37.77,1,0,0,9.7,,0,,quietly_struggling,0.431,False
STU_0346,10,5,0,0,0,25,52.6,2,1,1,43.5,69.5,-12.75,108.89,1,0,0,12.0,-0.11,0,4.0,quietly_struggling,0.377,False
STU_0346,11,5,0,0,0,20,68.7,1,3,0,54.9,68.1,-1.38,37.91,0,0,0,11.8,,0,,quietly_struggling,0.367,True
STU_0346,12,5,0,2,0,12,58.4,2,0,0,48.2,66.5,2.37,22.09,0,0,0,9.8,-0.66,0,2.0,quietly_struggling,0.294,True
STU_0346,13,4,1,2,0,25,38.6,2,2,0,46.3,64.9,-4.31,13.66,0,0,0,13.9,,0,,quietly_struggling,0.229,True
STU_0346,14,5,0,0,0,18,38.1,2,1,0,39.0,63.1,-4.6,15.72,0,0,0,9.9,-0.95,2,1.0,quietly_struggling,0.135,True
STU_0346,15,5,0,1,0,22,16.3,2,1,0,36.1,61.3,-5.1,18.4,0,0,0,12.8,,2,,quietly_struggling,0.063,True
STU_0346,16,4,1,0,0,17,16.2,2,1,0,29.1,59.3,-4.96,17.33,0,0,0,11.2,-1.0,2,1.0,quietly_struggling,0.032,True
STU_0347,1,4,1,1,0,19,120.0,2,0,0,78.3,78.3,0.0,0.0,0,0,0,10.5,,0,,quietly_struggling,0.764,False
STU_0347,2,5,0,0,0,21,70.7,2,0,0,75.2,76.8,-3.11,2.41,0,0,0,12.7,0.81,0,3.0,quietly_struggling,0.738,False
STU_0347,3,5,0,1,0,10,91.0,2,0,2,73.4,75.7,-2.45,4.09,0,0,0,9.0,,0,,quietly_struggling,0.743,False
STU_0347,4,4,1,0,0,23,65.0,2,1,0,80.7,76.9,2.74,9.58,0,0,0,10.9,0.9,0,4.0,quietly_struggling,0.713,False
STU_0347,5,5,0,0,0,25,74.9,2,0,0,66.1,74.8,-3.66,35.54,0,0,0,13.4,,0,,quietly_struggling,0.654,False
STU_0347,6,5,0,1,0,20,67.8,2,1,0,69.5,73.9,-5.6,38.9,0,0,0,13.7,0.28,0,3.0,quietly_struggling,0.61,False
STU_0347,7,5,0,0,0,21,69.2,2,3,0,67.0,72.9,0.43,2.1,0,0,0,12.3,,0,,quietly_struggling,0.575,False
STU_0347,8,5,0,0,0,14,66.2,2,0,1,72.0,72.8,1.26,4.29,0,0,0,13.0,-0.42,0,4.0,quietly_struggling,0.549,False
STU_0347,9,5,0,0,0,13,61.0,1,1,0,64.1,71.8,-1.44,10.81,0,0,0,12.9,,0,,quietly_struggling,0.532,False
STU_0347,10,5,0,0,0,24,66.6,1,2,0,51.7,69.8,-10.15,69.8,0,0,0,13.8,0.48,0,4.0,quietly_struggling,0.49,False
STU_0347,11,5,0,0,0,20,54.8,1,0,0,47.2,67.7,-8.43,50.81,0,0,0,10.5,,0,,quietly_struggling,0.448,False
STU_0347,12,5,0,0,0,19,58.6,2,1,1,48.8,66.2,-1.45,3.48,0,0,0,11.4,-0.46,0,3.0,quietly_struggling,0.46,False
STU_0347,13,4,1,0,0,14,44.2,2,0,0,44.3,64.5,-1.45,3.49,0,0,0,10.0,,0,,quietly_struggling,0.468,False
STU_0347,14,5,0,1,0,17,60.3,2,0,0,43.6,63.0,-2.59,5.29,1,0,0,9.7,0.15,0,3.0,quietly_struggling,0.433,False
STU_0347,15,5,0,0,0,11,69.5,2,1,0,43.0,61.7,-0.67,0.3,0,0,0,13.7,,0,,quietly_struggling,0.359,False
STU_0347,16,5,0,0,0,16,45.6,1,0,0,36.0,60.1,-3.8,11.78,1,0,0,12.5,-0.16,0,3.0,quietly_struggling,0.28,True
STU_0348,1,5,0,1,0,12,81.7,2,0,1,83.3,83.3,0.0,0.0,0,0,0,11.3,,0,,quietly_struggling,0.799,False
STU_0348,2,5,0,1,0,19,103.8,2,0,0,71.9,77.6,-11.44,32.71,0,0,0,10.2,0.05,0,5.0,quietly_struggling,0.73,False
STU_0348,3,5,0,0,0,23,84.4,1,1,0,72.9,76.0,-5.19,26.63,0,0,0,13.3,,0,,quietly_struggling,0.709,False
STU_0348,4,5,0,2,0,19,66.7,1,0,1,75.0,75.8,1.57,1.7,0,0,0,10.8,0.06,0,4.0,quietly_struggling,0.654,False
STU_0348,5,5,0,0,0,20,90.5,2,0,0,70.5,74.7,-1.2,3.34,2,0,0,10.3,,0,,quietly_struggling,0.661,False
STU_0348,6,4,1,0,0,18,63.2,1,0,1,68.1,73.6,-3.47,8.25,1,0,0,11.9,0.24,0,3.0,quietly_struggling,0.615,False
STU_0348,7,4,1,0,0,15,71.9,2,1,0,70.3,73.1,-0.11,1.24,0,0,0,11.6,,1,,quietly_struggling,0.532,False
STU_0348,8,5,0,1,0,15,48.5,2,1,0,66.2,72.3,-0.91,2.76,0,0,0,12.6,0.4,0,3.0,quietly_struggling,0.438,False
STU_0348,9,5,0,0,0,13,56.9,2,1,0,66.4,71.6,-1.96,3.54,0,0,0,12.7,,0,,quietly_struggling,0.356,False
STU_0348,10,5,0,1,0,17,60.6,1,1,0,56.9,70.1,-4.66,19.62,1,0,0,11.5,-0.09,0,2.0,quietly_struggling,0.363,True
STU_0348,11,5,0,1,0,15,50.6,1,0,1,50.9,68.4,-7.72,40.42,0,0,0,10.7,,1,,quietly_struggling,0.299,True
STU_0348,12,5,0,0,0,27,24.5,1,0,0,47.2,66.6,-4.88,16.14,0,0,0,10.1,-0.28,1,3.0,quietly_struggling,0.181,True
STU_0348,13,5,0,0,0,17,23.8,2,1,0,48.2,65.2,-1.39,2.57,1,0,0,11.2,,2,,quietly_struggling,0.144,True
STU_0348,14,5,0,0,0,16,15.0,2,1,0,42.6,63.6,-2.28,5.85,0,0,0,13.5,-0.7,0,2.0,quietly_struggling,0.051,True
STU_0348,15,4,1,0,0,18,15.0,1,1,0,33.4,61.6,-7.37,36.98,0,0,0,10.9,,1,,quietly_struggling,0.02,True
STU_0348,16,4,1,0,0,27,45.5,1,1,0,27.2,59.4,-7.72,40.2,0,0,0,11.2,-1.0,1,1.0,quietly_struggling,0.02,True
STU_0349,1,5,0,1,0,16,75.4,2,1,0,70.5,70.5,0.0,0.0,2,0,0,9.8,,0,,quietly_struggling,0.747,False
STU_0349,2,5,0,2,0,23,81.2,2,1,0,69.7,70.1,-0.75,0.14,0,0,0,12.9,1.0,0,3.0,quietly_struggling,0.708,False
STU_0349,3,5,0,0,0,10,73.4,2,1,0,74.0,71.4,1.75,3.43,0,0,0,10.3,,0,,quietly_struggling,0.68,False
STU_0349,4,5,0,1,0,16,105.4,2,0,0,72.0,71.5,1.11,3.01,1,0,0,10.9,0.43,0,4.0,quietly_struggling,0.671,False
STU_0349,5,4,1,0,0,13,67.0,2,0,0,80.9,73.4,3.46,14.68,0,0,0,13.0,,1,,quietly_struggling,0.607,False
STU_0349,6,5,0,0,0,17,69.7,2,0,0,64.5,71.9,-3.73,44.99,1,0,0,10.5,0.58,1,3.0,quietly_struggling,0.596,False
STU_0349,7,5,0,0,0,22,66.1,2,1,0,69.0,71.5,-5.95,47.9,0,0,0,12.8,,0,,quietly_struggling,0.532,False
STU_0349,8,5,0,1,0,20,59.0,1,0,0,74.4,71.9,4.97,16.5,1,0,0,13.9,-0.45,0,3.0,quietly_struggling,0.485,False
STU_0349,9,5,0,1,0,7,59.4,1,1,0,59.4,70.5,-4.8,38.56,1,0,0,12.3,,0,,quietly_struggling,0.434,False
STU_0349,10,5,0,0,0,19,61.0,2,0,0,59.4,69.4,-7.5,50.07,0,0,0,11.2,-0.18,1,3.0,quietly_struggling,0.403,False
STU_0349,11,5,0,1,0,22,39.6,2,1,0,57.2,68.3,-1.09,1.07,0,0,0,13.8,,0,,quietly_struggling,0.348,False
STU_0349,12,5,0,0,0,21,43.5,1,1,0,54.8,67.2,-2.3,3.52,0,0,0,9.8,-0.37,1,3.0,quietly_struggling,0.292,True
STU_0349,13,5,0,0,0,20,53.7,2,1,0,42.6,65.3,-7.32,41.11,0,0,0,9.1,,1,,quietly_struggling,0.192,True
STU_0349,14,4,1,0,0,21,27.6,1,2,1,38.7,63.4,-8.07,47.3,1,0,0,13.2,-0.76,0,2.0,quietly_struggling,0.141,True
STU_0349,15,5,0,0,0,14,55.6,1,1,0,45.4,62.2,1.42,7.65,0,0,0,10.7,,0,,quietly_struggling,0.108,True
STU_0349,16,5,0,1,0,17,24.7,2,1,0,30.5,60.2,-4.08,37.1,1,0,0,10.6,-1.0,1,2.0,quietly_struggling,0.046,True
STU_0350,1,4,1,0,0,13,75.9,2,0,0,80.2,80.2,0.0,0.0,0,0,0,12.9,,0,,quietly_struggling,0.775,False
STU_0350,2,5,0,0,0,24,81.8,2,0,1,67.8,74.0,-12.4,38.44,0,0,0,11.2,0.49,0,4.0,quietly_struggling,0.715,False
STU_0350,3,5,0,0,0,16,79.0,1,0,0,75.6,74.5,-2.27,26.23,0,0,0,9.7,,0,,quietly_struggling,0.718,False
STU_0350,4,5,0,0,0,22,56.0,2,0,0,72.2,73.9,2.2,10.33,0,0,0,9.1,0.29,0,3.0,quietly_struggling,0.679,False
STU_0350,5,5,0,1,0,19,68.9,2,0,0,64.8,72.1,-5.4,20.25,0,0,0,11.6,,0,,quietly_struggling,0.602,False
STU_0350,6,5,0,0,0,19,49.4,2,0,0,68.3,71.5,-1.94,9.0,0,0,0,9.5,-0.2,1,3.0,quietly_struggling,0.546,False
STU_0350,7,5,0,0,0,23,65.7,1,1,0,71.1,71.4,3.14,6.61,0,0,0,12.0,,0,,quietly_struggling,0.488,False
STU_0350,8,5,0,0,0,22,77.7,1,1,0,71.0,71.4,1.33,1.68,0,0,0,13.1,-0.28,1,2.0,quietly_struggling,0.407,False
STU_0350,9,5,0,0,0,13,41.0,1,0,0,64.7,70.6,-3.19,8.85,1,0,0,11.3,,1,,quietly_struggling,0.377,False
STU_0350,10,5,0,0,0,23,55.7,1,0,1,54.0,69.0,-8.48,49.04,0,0,0,12.3,-0.93,0,2.0,quietly_struggling,0.271,True
STU_0350,11,5,0,0,0,17,41.8,1,3,0,51.7,67.4,-6.51,32.18,0,0,0,13.4,,1,,quietly_struggling,0.198,True
STU_0350,12,5,0,0,0,11,33.5,2,2,0,52.8,66.2,-0.57,0.87,0,0,0,11.8,-0.51,1,2.0,quietly_struggling,0.191,True
STU_0350,13,4,1,0,0,19,36.7,2,5,0,45.8,64.6,-2.97,9.65,0,0,0,12.6,,0,,quietly_struggling,0.101,True
STU_0350,14,4,1,0,0,17,40.1,2,0,0,48.1,63.4,-2.37,8.69,0,0,0,13.7,-1.0,2,2.0,quietly_struggling,0.022,True
STU_0350,15,5,0,0,0,19,30.4,2,2,0,43.3,62.1,-1.22,3.81,0,0,0,13.2,,1,,quietly_struggling,0.02,True
STU_0350,16,5,0,0,0,16,20.0,1,2,0,30.6,60.1,-8.77,54.87,0,0,0,13.7,-1.0,0,1.0,quietly_struggling,0.02,True
STU_0351,1,4,1,0,0,4,44.7,0,1,0,70.9,70.9,0.0,0.0,0,0,0,14.0,,0,,checked_out,0.718,False
STU_0351,2,4,1,1,1,4,43.1,1,1,0,67.9,69.4,-2.97,2.2,0,0,0,14.0,0.1,0,3.0,checked_out,0.707,False
STU_0351,3,5,0,1,0,4,40.4,0,2,0,75.1,71.3,2.11,8.7,0,0,0,14.0,,0,,checked_out,0.676,False
STU_0351,4,4,1,0,0,2,43.3,1,2,0,64.4,69.6,-1.75,19.8,0,0,0,14.0,0.22,0,5.0,checked_out,0.639,False
STU_0351,5,4,1,1,0,4,44.9,1,3,0,77.0,71.0,0.95,30.7,0,0,0,14.0,,1,,checked_out,0.572,False
STU_0351,6,3,2,0,0,2,44.9,0,2,0,62.7,69.6,-0.87,40.77,0,0,0,14.0,0.54,0,4.0,checked_out,0.491,False
STU_0351,7,4,1,0,0,5,30.5,1,1,0,61.2,68.4,-7.92,50.93,0,0,0,14.0,,0,,checked_out,0.389,False
STU_0351,8,3,2,1,0,1,41.6,0,1,0,45.7,65.6,-8.5,59.05,0,0,0,14.0,0.48,0,2.0,checked_out,0.329,True
STU_0351,9,5,0,2,0,3,43.5,0,0,0,60.1,65.0,-0.52,50.06,0,0,0,14.0,,2,,checked_out,0.351,True
STU_0351,10,4,1,0,0,4,32.9,1,0,0,55.4,64.0,4.89,36.31,0,0,0,14.0,0.1,0,3.0,checked_out,0.335,True
STU_0351,11,5,0,3,0,5,18.1,1,0,0,53.3,63.0,-3.43,8.2,0,0,0,14.0,,0,,checked_out,0.337,True
STU_0351,12,3,2,2,0,5,28.3,1,2,0,54.7,62.3,-0.36,0.82,0,0,0,14.0,-0.51,1,4.0,checked_out,0.268,True
STU_0351,13,4,1,3,0,2,33.8,2,0,0,35.2,60.3,-9.02,78.65,0,0,0,14.0,,2,,checked_out,0.233,True
STU_0351,14,4,1,1,0,3,33.9,0,0,0,47.8,59.4,-3.45,65.21,0,0,0,14.0,-0.57,1,1.0,checked_out,0.226,True
STU_0351,15,3,2,1,0,4,12.5,0,0,0,53.0,58.9,8.89,55.8,0,0,0,14.0,,0,,checked_out,0.208,True
STU_0351,16,5,0,1,0,5,31.8,0,2,0,48.9,58.3,0.53,4.98,0,0,0,14.0,-1.0,0,2.0,checked_out,0.208,True
STU_0352,1,5,0,0,0,6,45.9,2,0,0,66.2,66.2,0.0,0.0,0,0,0,14.0,,0,,checked_out,0.743,False
STU_0352,2,4,1,2,0,5,35.9,0,0,0,86.6,76.4,20.35,103.53,0,0,0,14.0,0.82,0,4.0,checked_out,0.74,False
STU_0352,3,5,0,1,0,1,50.5,1,1,0,74.8,75.9,4.26,69.63,0,0,0,14.0,,0,,checked_out,0.686,False
STU_0352,4,3,2,0,1,3,40.0,1,1,0,67.0,73.7,-9.78,64.75,0,0,0,14.0,-0.04,0,4.0,checked_out,0.613,False
STU_0352,5,5,0,0,0,4,30.3,1,2,0,67.2,72.4,-3.77,12.97,0,0,0,14.0,,0,,checked_out,0.553,False
STU_0352,6,5,0,0,0,4,47.0,1,0,0,59.6,70.2,-3.73,12.69,0,0,0,14.0,0.03,1,3.0,checked_out,0.491,False
STU_0352,7,3,2,1,0,5,34.8,2,0,0,60.4,68.8,-3.43,11.79,0,0,0,14.0,,0,,checked_out,0.46,False
STU_0352,8,4,1,0,0,1,50.7,2,0,0,58.9,67.6,-0.35,0.37,0,0,0,14.0,-0.31,0,3.0,checked_out,0.416,False
STU_0352,9,4,1,0,0,1,43.1,2,2,0,62.2,67.0,0.93,1.88,0,0,0,14.0,,0,,checked_out,0.435,False
STU_0352,10,3,2,0,0,6,34.8,1,0,0,53.2,65.6,-2.83,13.85,0,0,0,14.0,-0.25,0,2.0,checked_out,0.392,False
STU_0352,11,4,1,1,0,1,27.3,1,0,0,49.2,64.1,-6.53,29.77,0,0,0,14.0,,0,,checked_out,0.415,False
STU_0352,12,3,2,1,1,1,29.4,1,1,0,68.0,64.4,7.41,65.66,0,0,0,14.0,-0.1,1,2.0,checked_out,0.437,False
STU_0352,13,5,0,1,0,4,32.4,1,1,0,64.1,64.4,7.48,66.02,0,0,0,14.0,,0,,checked_out,0.48,False
STU_0352,14,3,2,0,0,5,53.7,0,0,0,60.5,64.1,-3.75,9.36,0,0,0,14.0,-0.4,0,2.0,checked_out,0.488,False
STU_0352,15,5,0,0,0,9,43.1,2,0,0,62.6,64.0,-0.74,2.19,0,0,0,14.0,,0,,checked_out,0.45,False
STU_0352,16,4,1,1,1,7,46.8,2,0,0,65.3,64.1,2.37,3.76,0,0,0,14.0,-0.35,0,2.0,checked_out,0.448,False
STU_0353,1,3,2,0,0,4,49.1,1,0,0,65.5,65.5,0.0,0.0,0,0,0,14.0,,0,,checked_out,0.642,False
STU_0353,2,5,0,3,0,4,47.8,2,2,0,73.7,69.6,8.13,16.52,0,0,0,14.0,0.3,1,4.0,checked_out,0.572,False
STU_0353,3,4,1,1,1,2,68.2,0,1,0,74.4,71.2,4.44,16.15,0,0,0,14.0,,1,,checked_out,0.538,False
STU_0353,4,3,2,1,1,2,37.5,0,0,0,65.4,69.8,-4.11,16.46,0,0,0,14.0,0.12,0,3.0,checked_out,0.47,False
STU_0353,5,5,0,0,0,1,42.2,0,0,0,52.8,66.4,-10.79,78.41,0,0,0,14.0,,0,,checked_out,0.386,False
STU_0353,6,4,1,0,0,2,36.7,0,0,0,63.6,65.9,-0.94,30.99,0,0,0,14.0,-0.05,0,1.0,checked_out,0.311,True
STU_0353,7,4,1,1,1,3,24.1,0,2,0,47.5,63.3,-2.68,44.88,0,0,0,14.0,,0,,checked_out,0.22,True
STU_0353,8,4,1,1,0,1,18.9,1,1,0,49.2,61.5,-7.19,52.14,0,0,0,14.0,-0.42,1,2.0,checked_out,0.16,True
STU_0353,9,4,1,1,1,4,17.6,1,0,0,43.8,59.5,-1.83,5.07,0,0,0,14.0,,1,,checked_out,0.15,True
STU_0353,10,5,0,0,0,4,36.0,2,0,0,41.4,57.7,-3.9,10.62,0,0,0,14.0,-1.0,2,1.0,checked_out,0.2,True
STU_0353,11,4,1,0,1,1,49.5,1,1,0,51.4,57.1,3.8,18.13,0,0,0,14.0,,2,,checked_out,0.222,True
STU_0353,12,5,0,0,0,3,30.7,1,1,0,52.4,56.7,5.48,24.56,0,0,0,14.0,-0.19,2,2.0,checked_out,0.194,True
STU_0353,13,5,0,1,0,5,20.4,1,0,0,44.3,55.8,-3.54,12.87,0,0,0,14.0,,0,,checked_out,0.178,True
STU_0353,14,4,1,1,0,1,24.4,0,3,0,45.1,55.0,-3.64,13.17,0,0,0,14.0,-0.34,2,1.0,checked_out,0.181,True
STU_0353,15,4,1,0,1,3,30.0,1,0,0,42.1,54.2,-1.11,1.61,0,0,0,14.0,,1,,checked_out,0.147,True
STU_0353,16,4,1,0,1,5,26.8,0,4,0,34.0,52.9,-5.53,21.85,0,0,0,14.0,-0.84,2,1.0,checked_out,0.125,True
STU_0354,1,4,1,1,0,2,38.8,1,0,0,63.9,63.9,0.0,0.0,0,0,0,14.0,,0,,checked_out,0.637,False
STU_0354,2,4,1,1,0,7,52.5,1,1,0,70.1,67.0,6.16,9.47,0,0,0,14.0,0.07,0,4.0,checked_out,0.686,False
STU_0354,3,3,2,0,1,3,35.8,0,1,0,78.6,70.8,7.33,36.09,0,0,0,14.0,,0,,checked_out,0.64,False
STU_0354,4,4,1,0,1,1,40.3,2,0,0,72.7,71.3,1.33,12.6,0,0,0,14.0,0.48,0,3.0,checked_out,0.556,False
STU_0354,5,3,2,0,0,2,33.1,1,1,0,67.3,70.5,-5.63,21.13,0,0,0,14.0,,0,,checked_out,0.446,False
STU_0354,6,4,1,2,0,3,30.4,0,0,0,58.3,68.5,-7.22,35.43,0,0,0,14.0,-0.43,1,3.0,checked_out,0.404,False
STU_0354,7,5,0,0,0,3,25.8,0,1,0,70.3,68.7,1.49,26.0,0,0,0,14.0,,0,,checked_out,0.312,False
STU_0354,8,4,1,3,0,7,38.3,0,2,0,48.4,66.2,-4.94,79.95,0,0,0,14.0,-0.22,1,4.0,checked_out,0.265,True
STU_0354,9,4,1,0,1,5,23.8,1,0,0,51.6,64.6,-9.33,92.97,0,0,0,14.0,,0,,checked_out,0.261,True
STU_0354,10,4,1,0,0,7,10.4,0,2,0,47.2,62.8,-0.6,3.47,0,0,0,14.0,-0.0,0,2.0,checked_out,0.264,True
STU_0354,11,4,1,2,0,4,37.0,2,0,0,57.5,62.3,2.95,17.85,0,0,0,14.0,,0,,checked_out,0.254,True
STU_0354,12,3,2,3,1,6,37.3,0,0,0,67.1,62.7,9.94,65.96,0,0,0,14.0,-0.34,1,1.0,checked_out,0.186,True
STU_0354,13,4,1,0,0,2,17.7,0,0,0,53.9,62.1,-1.81,30.97,0,0,0,14.0,,0,,checked_out,0.196,True
STU_0354,14,4,1,2,0,2,18.8,2,0,0,50.0,61.2,-8.57,53.66,0,0,0,14.0,-0.13,2,2.0,checked_out,0.212,True
STU_0354,15,5,0,1,0,3,24.7,1,0,0,49.2,60.4,-2.35,4.24,0,0,0,14.0,,0,,checked_out,0.269,True
STU_0354,16,3,2,1,1,2,38.8,1,0,0,47.0,59.6,-1.5,1.62,0,0,0,14.0,-0.27,2,2.0,checked_out,0.248,True
STU_0355,1,5,0,0,0,5,42.9,0,2,0,80.0,80.0,0.0,0.0,0,0,0,14.0,,0,,checked_out,0.736,False
STU_0355,2,3,2,3,0,4,46.0,0,2,0,89.7,84.9,9.77,23.87,0,0,0,14.0,0.56,0,4.0,checked_out,0.702,False
STU_0355,3,5,0,1,0,3,52.8,1,1,0,85.8,85.2,2.93,16.13,0,0,0,14.0,,0,,checked_out,0.735,False
STU_0355,4,4,1,0,0,5,40.8,2,4,0,84.1,84.9,-2.81,5.54,0,0,0,14.0,0.13,0,3.0,checked_out,0.716,False
STU_0355,5,4,1,3,1,3,45.4,1,0,0,59.2,79.8,-13.33,148.4,0,0,0,14.0,,0,,checked_out,0.612,False
STU_0355,6,4,1,0,0,4,38.9,0,0,0,81.1,80.0,-1.5,123.6,0,0,0,14.0,-0.07,0,3.0,checked_out,0.582,False
STU_0355,7,3,2,0,0,3,59.1,0,1,0,68.2,78.3,4.53,81.04,0,0,0,14.0,,1,,checked_out,0.504,False
STU_0355,8,5,0,0,0,5,31.7,1,1,0,61.3,76.2,-9.93,67.64,0,0,0,14.0,-0.01,0,4.0,checked_out,0.435,False
STU_0355,9,5,0,3,0,1,43.3,0,1,0,54.1,73.7,-7.08,33.45,0,0,0,14.0,,0,,checked_out,0.429,False
STU_0355,10,4,1,1,1,3,39.2,0,0,0,61.9,72.5,0.34,12.69,0,0,0,14.0,-0.15,0,3.0,checked_out,0.399,False
STU_0355,11,4,1,0,1,5,37.4,1,0,0,54.0,70.9,-0.05,13.96,0,0,0,14.0,,0,,checked_out,0.326,True
STU_0355,12,4,1,1,0,1,31.2,0,0,0,50.4,69.2,-5.78,23.35,0,0,0,14.0,-0.65,2,2.0,checked_out,0.241,True
STU_0355,13,5,0,3,0,7,28.1,1,0,0,46.9,67.4,-3.54,8.36,0,0,0,14.0,,1,,checked_out,0.262,True
STU_0355,14,5,0,1,0,2,25.0,0,0,0,58.5,66.8,4.03,23.45,0,0,0,14.0,-0.43,0,1.0,checked_out,0.228,True
STU_0355,15,4,1,0,1,6,20.8,1,1,0,54.7,66.0,3.91,23.21,0,0,0,14.0,,0,,checked_out,0.2,True
STU_0355,16,4,1,0,0,2,11.1,0,2,0,49.0,64.9,-4.71,14.98,0,0,0,14.0,-0.9,0,2.0,checked_out,0.191,True
STU_0356,1,4,1,1,0,6,38.5,1,1,0,76.8,76.8,0.0,0.0,0,0,0,14.0,,0,,checked_out,0.727,False
STU_0356,2,4,1,1,0,1,48.2,0,1,0,80.3,78.5,3.49,3.05,0,0,0,14.0,0.77,0,4.0,checked_out,0.729,False
STU_0356,3,4,1,0,1,5,48.8,2,0,0,87.6,81.6,5.42,20.39,0,0,0,14.0,,0,,checked_out,0.682,False
STU_0356,4,3,2,1,1,2,56.1,1,1,0,69.4,78.5,-5.43,55.84,0,0,0,14.0,0.14,0,5.0,checked_out,0.644,False
STU_0356,5,5,0,0,0,5,46.8,0,0,0,62.1,75.3,-12.75,115.0,0,0,0,14.0,,0,,checked_out,0.608,False
STU_0356,6,4,1,0,0,3,39.3,2,1,0,76.4,75.4,3.47,33.9,0,0,0,14.0,-0.19,0,3.0,checked_out,0.548,False
STU_0356,7,4,1,0,0,6,46.9,1,0,0,68.8,74.5,3.35,33.93,0,0,0,14.0,,0,,checked_out,0.553,False
STU_0356,8,5,0,1,0,3,48.1,1,0,0,53.0,71.8,-11.69,94.89,0,0,0,14.0,0.01,0,4.0,checked_out,0.551,False
STU_0356,9,5,0,1,0,3,35.5,1,2,0,68.2,71.4,-0.33,53.42,0,0,0,14.0,,0,,checked_out,0.541,False
STU_0356,10,5,0,1,0,5,48.2,1,0,0,66.9,71.0,6.94,47.15,0,0,0,14.0,-0.25,0,3.0,checked_out,0.524,False
STU_0356,11,3,2,2,1,6,51.5,1,1,0,64.0,70.3,-2.09,3.05,0,0,0,14.0,,1,,checked_out,0.554,False
STU_0356,12,3,2,1,0,4,61.1,0,0,0,64.3,69.8,-1.31,1.71,0,0,0,14.0,-0.42,1,4.0,checked_out,0.542,False
STU_0356,13,3,2,1,1,3,52.6,1,2,0,73.7,70.1,4.84,20.23,0,0,0,14.0,,0,,checked_out,0.541,False
STU_0356,14,3,2,2,0,4,47.1,2,0,0,61.2,69.5,-1.52,28.03,0,0,0,14.0,-0.04,1,3.0,checked_out,0.509,False
STU_0356,15,5,0,0,0,5,53.6,0,0,0,58.1,68.7,-7.78,45.18,0,0,0,14.0,,1,,checked_out,0.5,False
STU_0356,16,5,0,0,0,1,53.5,2,1,0,62.9,68.4,0.83,3.94,0,0,0,14.0,-0.03,0,3.0,checked_out,0.511,False
STU_0357,1,4,1,1,0,1,47.9,1,0,0,67.9,67.9,0.0,0.0,0,0,0,14.0,,0,,checked_out,0.636,False
STU_0357,2,4,1,1,1,4,51.9,1,0,0,67.5,67.7,-0.35,0.03,0,0,0,14.0,0.3,0,3.0,checked_out,0.629,False
STU_0357,3,3,2,0,1,5,41.0,0,2,0,72.6,69.3,2.39,5.46,0,0,0,14.0,,0,,checked_out,0.612,False
STU_0357,4,5,0,3,0,7,47.4,1,2,0,64.1,68.0,-1.71,12.31,0,0,0,14.0,0.13,0,5.0,checked_out,0.546,False
STU_0357,5,4,1,0,1,3,49.4,1,0,0,53.2,65.1,-9.69,62.93,0,0,0,14.0,,0,,checked_out,0.418,False
STU_0357,6,4,1,0,0,1,21.2,0,1,0,56.4,63.6,-3.83,20.72,0,0,0,14.0,-0.0,0,2.0,checked_out,0.301,False
STU_0357,7,4,1,1,0,3,22.1,2,1,0,54.2,62.3,0.46,1.8,0,0,0,14.0,,0,,checked_out,0.246,True
STU_0357,8,5,0,1,0,4,28.3,0,2,0,39.0,59.4,-8.74,60.19,0,0,0,14.0,-0.55,1,2.0,checked_out,0.121,True
STU_0357,9,3,2,3,0,4,42.2,2,1,0,53.8,58.8,-0.16,50.3,0,0,0,14.0,,0,,checked_out,0.167,True
STU_0357,10,5,0,1,0,4,37.2,2,0,0,46.4,57.5,3.71,36.91,0,0,0,14.0,-0.49,1,2.0,checked_out,0.152,True
STU_0357,11,5,0,3,0,1,30.2,1,0,0,50.7,56.9,-1.56,9.36,0,0,0,14.0,,1,,checked_out,0.187,True
STU_0357,12,5,0,1,0,3,37.9,2,0,0,42.1,55.7,-2.16,12.5,0,0,0,14.0,-1.0,0,1.0,checked_out,0.16,True
STU_0357,13,3,2,2,0,5,35.4,1,2,0,49.0,55.2,-0.85,14.03,0,0,0,14.0,,0,,checked_out,0.189,True
STU_0357,14,3,2,2,0,4,37.0,1,1,0,47.3,54.6,2.62,8.75,0,0,0,14.0,-0.07,1,2.0,checked_out,0.113,True
STU_0357,15,3,2,0,0,5,23.0,1,0,0,39.4,53.6,-4.79,17.43,0,0,0,14.0,,0,,checked_out,0.091,True
STU_0357,16,4,1,1,0,2,23.1,1,1,0,28.5,52.0,-9.39,59.31,0,0,0,14.0,-1.0,2,1.0,checked_out,0.087,True
STU_0358,1,3,2,2,0,2,43.2,1,0,0,81.1,81.1,0.0,0.0,0,0,0,14.0,,0,,checked_out,0.75,False
STU_0358,2,5,0,0,0,1,56.5,1,1,0,83.6,82.3,2.51,1.57,0,0,0,14.0,0.36,0,5.0,checked_out,0.728,False
STU_0358,3,4,1,2,0,6,49.0,2,0,0,75.6,80.1,-2.75,11.2,0,0,0,14.0,,0,,checked_out,0.719,False
STU_0358,4,3,2,1,1,2,53.3,1,0,0,67.1,76.8,-8.24,45.33,0,0,0,14.0,0.74,0,5.0,checked_out,0.633,False
STU_0358,5,4,1,0,0,3,46.7,0,2,0,70.2,75.5,-2.69,12.26,0,0,0,14.0,,1,,checked_out,0.566,False
STU_0358,6,5,0,0,0,4,31.0,0,1,0,78.6,76.0,5.74,23.52,0,0,0,14.0,-0.52,0,3.0,checked_out,0.467,False
STU_0358,7,3,2,0,0,1,46.6,1,0,0,56.2,73.2,-6.99,85.01,0,0,0,14.0,,0,,checked_out,0.398,False
STU_0358,8,5,0,0,0,5,35.7,1,0,0,60.8,71.6,-8.89,92.96,0,0,0,14.0,-0.35,1,3.0,checked_out,0.312,True
STU_0358,9,5,0,0,0,5,25.4,1,1,0,55.0,69.8,-0.61,6.22,0,0,0,14.0,,1,,checked_out,0.298,True
STU_0358,10,4,1,0,0,6,22.0,1,0,0,33.6,66.1,-13.61,137.11,0,0,0,14.0,0.02,1,3.0,checked_out,0.266,True
STU_0358,11,5,0,0,0,6,29.7,1,0,0,54.5,65.1,-0.21,100.03,0,0,0,14.0,,1,,checked_out,0.25,True
STU_0358,12,4,1,1,1,5,16.2,1,2,0,64.1,65.0,15.28,162.94,0,0,0,14.0,-0.91,0,2.0,checked_out,0.216,True
STU_0358,13,3,2,1,0,7,21.8,0,0,0,45.1,63.5,-4.7,59.96,0,0,0,14.0,,1,,checked_out,0.177,True
STU_0358,14,3,2,3,1,6,20.9,0,2,0,40.0,61.8,-12.03,107.21,0,0,0,14.0,-0.78,0,1.0,checked_out,0.143,True
STU_0358,15,4,1,0,0,3,25.0,1,1,0,33.4,59.9,-5.89,23.28,0,0,0,14.0,,0,,checked_out,0.109,True
STU_0358,16,4,1,0,0,2,32.9,2,0,0,38.8,58.6,-0.63,8.42,0,0,0,14.0,-0.57,0,1.0,checked_out,0.119,True
STU_0359,1,4,1,0,0,2,40.4,1,0,0,75.6,75.6,0.0,0.0,0,0,0,14.0,,0,,checked_out,0.668,False
STU_0359,2,4,1,0,0,4,47.7,1,1,0,74.4,75.0,-1.15,0.33,0,0,0,14.0,1.0,0,4.0,checked_out,0.688,False
STU_0359,3,4,1,1,0,6,37.0,0,0,0,87.7,79.2,6.05,35.88,0,0,0,14.0,,1,,checked_out,0.684,False
STU_0359,4,3,2,0,1,3,49.6,1,0,0,73.1,77.7,-0.66,43.23,0,0,0,14.0,-0.04,1,3.0,checked_out,0.598,False
STU_0359,5,4,1,3,0,2,40.6,1,0,0,59.3,74.0,-14.17,133.85,0,0,0,14.0,,0,,checked_out,0.512,False
STU_0359,6,5,0,0,0,5,13.9,1,2,0,55.5,70.9,-8.83,57.37,0,0,0,14.0,0.46,0,4.0,checked_out,0.395,False
STU_0359,7,3,2,1,0,3,12.3,1,2,0,54.7,68.6,-2.33,4.14,0,0,0,14.0,,1,,checked_out,0.277,True
STU_0359,8,5,0,1,0,1,30.1,0,0,0,47.4,66.0,-4.04,13.26,0,0,0,14.0,-0.36,0,3.0,checked_out,0.184,True
STU_0359,9,4,1,1,1,2,13.2,1,1,0,39.9,63.1,-7.4,36.54,0,0,0,14.0,,1,,checked_out,0.191,True
STU_0359,10,4,1,1,0,3,24.3,0,0,0,50.4,61.8,1.5,19.51,0,0,0,14.0,-0.92,1,2.0,checked_out,0.196,True
STU_0359,11,3,2,2,0,6,27.2,0,1,0,56.2,61.3,8.15,45.54,0,0,0,14.0,,1,,checked_out,0.201,True
STU_0359,12,5,0,3,0,1,12.2,1,0,0,48.0,60.2,-1.19,11.79,0,0,0,14.0,-0.61,0,2.0,checked_out,0.211,True
STU_0359,13,3,2,0,0,2,38.8,1,1,0,47.3,59.2,-4.44,16.23,0,0,0,14.0,,0,,checked_out,0.219,True
STU_0359,14,5,0,2,0,5,37.3,1,1,0,50.2,58.6,1.09,1.51,0,0,0,14.0,-0.39,2,2.0,checked_out,0.159,True
STU_0359,15,5,0,1,0,3,10.0,1,0,0,44.3,57.6,-1.52,5.83,0,0,0,14.0,,0,,checked_out,0.146,True
STU_0359,16,4,1,3,1,2,17.0,0,1,0,40.4,56.5,-4.9,16.23,0,0,0,14.0,-0.57,2,2.0,checked_out,0.148,True
STU_0360,1,5,0,0,0,4,54.8,0,1,0,83.7,83.7,0.0,0.0,0,0,0,14.0,,0,,checked_out,0.735,False
STU_0360,2,4,1,1,0,3,45.5,2,1,0,77.8,80.8,-5.9,8.7,0,0,0,14.0,0.09,0,5.0,checked_out,0.714,False
STU_0360,3,5,0,2,0,6,61.1,0,0,0,77.7,79.7,-3.02,7.93,0,0,0,14.0,,0,,checked_out,0.687,False
STU_0360,4,4,1,1,0,6,46.0,0,2,0,75.9,78.8,-0.95,0.75,0,0,0,14.0,0.17,0,4.0,checked_out,0.69,False
STU_0360,5,5,0,1,0,6,33.5,2,0,0,79.5,78.9,0.93,2.18,0,0,0,14.0,,1,,checked_out,0.624,False
STU_0360,6,5,0,1,0,5,47.5,1,0,0,63.9,76.4,-6.0,44.51,0,0,0,14.0,0.03,0,4.0,checked_out,0.553,False
STU_0360,7,4,1,1,0,3,40.6,0,0,0,55.4,73.4,-12.08,100.02,0,0,0,14.0,,0,,checked_out,0.449,False
STU_0360,8,5,0,2,0,4,12.7,1,0,0,48.8,70.3,-7.58,38.52,0,0,0,14.0,-0.26,0,3.0,checked_out,0.396,False
STU_0360,9,4,1,3,1,1,32.4,0,0,0,59.8,69.2,2.22,20.62,0,0,0,14.0,,0,,checked_out,0.339,True
STU_0360,10,5,0,1,0,6,21.6,1,1,0,45.5,66.8,-1.62,37.4,0,0,0,14.0,-0.16,0,3.0,checked_out,0.299,True
STU_0360,11,4,1,3,0,4,29.1,2,0,0,42.0,64.6,-8.92,59.44,0,0,0,14.0,,0,,checked_out,0.247,True
STU_0360,12,5,0,0,0,1,28.7,2,2,0,44.6,62.9,-0.45,2.28,0,0,0,14.0,-0.26,1,2.0,checked_out,0.282,True
STU_0360,13,4,1,1,0,3,39.8,1,2,0,57.0,62.4,7.51,42.85,0,0,0,14.0,,1,,checked_out,0.32,True
STU_0360,14,4,1,0,0,4,32.1,1,0,0,58.4,62.2,6.88,38.26,0,0,0,14.0,-0.22,0,3.0,checked_out,0.297,True
STU_0360,15,3,2,2,0,6,26.9,1,2,0,53.1,61.6,-1.93,4.96,0,0,0,14.0,,0,,checked_out,0.356,True
STU_0360,16,4,1,0,0,7,28.3,2,1,0,56.8,61.3,-0.8,4.87,0,0,0,14.0,-1.0,2,2.0,checked_out,0.281,True
STU_0361,1,4,1,2,0,1,47.1,1,1,0,83.2,83.2,0.0,0.0,0,0,0,14.0,,0,,checked_out,0.737,False
STU_0361,2,4,1,2,1,4,41.8,1,1,0,88.4,85.8,5.16,6.66,0,0,0,14.0,0.97,0,3.0,checked_out,0.741,False
STU_0361,3,4,1,0,1,3,41.5,1,0,0,72.1,81.2,-5.54,45.93,0,0,0,14.0,,0,,checked_out,0.689,False
STU_0361,4,3,2,2,0,1,44.4,0,2,0,70.8,78.6,-8.78,63.74,0,0,0,14.0,0.06,0,5.0,checked_out,0.609,False
STU_0361,5,5,0,1,0,9,56.0,1,0,0,70.9,77.1,-0.63,0.36,0,0,0,14.0,,0,,checked_out,0.59,False
STU_0361,6,5,0,0,0,4,42.7,1,1,0,70.0,75.9,-0.42,0.17,0,0,0,14.0,1.0,0,4.0,checked_out,0.541,False
STU_0361,7,3,2,2,0,5,46.2,2,1,0,63.6,74.1,-3.66,10.64,0,0,0,14.0,,1,,checked_out,0.515,False
STU_0361,8,4,1,0,0,4,48.3,1,0,0,63.6,72.8,-3.21,9.16,0,0,0,14.0,0.17,0,3.0,checked_out,0.441,False
STU_0361,9,3,2,0,0,2,20.2,0,1,0,61.5,71.6,-1.05,0.98,0,0,0,14.0,,0,,checked_out,0.427,False
STU_0361,10,4,1,0,1,1,24.9,2,1,0,54.8,69.9,-4.36,13.82,0,0,0,14.0,-0.28,0,3.0,checked_out,0.39,False
STU_0361,11,5,0,2,0,1,19.7,1,0,0,56.9,68.7,-2.26,7.63,0,0,0,14.0,,1,,checked_out,0.401,False
STU_0361,12,5,0,1,0,6,26.7,0,1,0,56.7,67.7,0.91,0.87,0,0,0,14.0,0.03,0,4.0,checked_out,0.354,False
STU_0361,13,5,0,2,0,7,36.3,0,0,0,50.7,66.4,-3.13,8.35,0,0,0,14.0,,0,,checked_out,0.356,True
STU_0361,14,3,2,0,1,3,39.0,0,0,0,57.9,65.8,0.61,9.95,0,0,0,14.0,-0.1,0,3.0,checked_out,0.425,False
STU_0361,15,3,2,1,1,5,53.0,1,1,0,64.3,65.7,6.79,30.75,0,0,0,14.0,,0,,checked_out,0.411,False
STU_0361,16,3,2,2,1,6,47.5,1,1,0,55.1,65.0,-1.38,14.56,0,0,0,14.0,0.04,1,3.0,checked_out,0.376,False
STU_0362,1,5,0,3,0,1,39.1,1,1,0,71.4,71.4,0.0,0.0,0,0,0,14.0,,0,,checked_out,0.64,False
STU_0362,2,4,1,1,1,2,60.0,0,1,0,68.2,69.8,-3.25,2.64,0,0,0,14.0,-0.09,0,3.0,checked_out,0.702,False
STU_0362,3,5,0,1,0,2,31.8,2,1,0,78.8,72.8,3.7,19.86,0,0,0,14.0,,0,,checked_out,0.677,False
STU_0362,4,5,0,1,0,2,69.5,0,0,0,71.2,72.4,1.53,20.05,0,0,0,14.0,0.85,0,3.0,checked_out,0.596,False
STU_0362,5,5,0,0,0,3,38.0,1,2,0,69.2,71.8,-4.8,17.12,0,0,0,14.0,,0,,checked_out,0.515,False
STU_0362,6,3,2,1,1,3,40.7,1,0,0,62.7,70.3,-4.24,13.09,0,0,0,14.0,-0.29,0,4.0,checked_out,0.438,False
STU_0362,7,4,1,0,1,3,39.2,1,0,0,61.5,69.0,-3.84,11.37,0,0,0,14.0,,0,,checked_out,0.433,False
STU_0362,8,5,0,2,0,4,47.5,0,3,0,56.3,67.4,-3.2,7.7,0,0,0,14.0,0.17,0,2.0,checked_out,0.317,False
STU_0362,9,3,2,0,0,7,15.9,1,1,0,60.5,66.7,-0.54,4.98,0,0,0,14.0,,1,,checked_out,0.352,True
STU_0362,10,4,1,1,0,1,41.4,1,1,0,47.0,64.7,-4.66,31.55,0,0,0,14.0,-0.24,0,2.0,checked_out,0.318,True
STU_0362,11,5,0,1,0,3,53.3,1,2,0,54.8,63.8,-2.82,30.3,0,0,0,14.0,,0,,checked_out,0.349,True
STU_0362,12,3,2,0,0,2,34.1,0,0,0,48.9,62.6,0.94,11.02,0,0,0,14.0,-0.22,1,2.0,checked_out,0.313,True
STU_0362,13,4,1,1,0,4,10.0,1,1,0,53.3,61.8,-0.77,6.25,0,0,0,14.0,,2,,checked_out,0.246,True
STU_0362,14,4,1,0,0,3,29.5,0,1,0,49.1,60.9,0.12,4.01,0,0,0,14.0,-0.78,2,3.0,checked_out,0.243,True
STU_0362,15,3,2,0,0,2,31.1,0,1,0,57.6,60.7,2.18,12.03,0,0,0,14.0,,2,,checked_out,0.243,True
STU_0362,16,3,2,1,0,7,17.4,1,0,0,50.2,60.1,0.52,14.3,0,0,0,14.0,-0.45,1,1.0,checked_out,0.222,True
STU_0363,1,4,1,0,0,7,54.7,1,1,0,79.5,79.5,0.0,0.0,0,0,0,14.0,,0,,checked_out,0.767,False
STU_0363,2,5,0,1,0,1,44.2,1,0,0,61.9,70.7,-17.61,77.54,0,0,0,14.0,0.72,0,5.0,checked_out,0.764,False
STU_0363,3,5,0,0,0,4,50.6,1,0,0,82.4,74.6,1.44,82.08,0,0,0,14.0,,0,,checked_out,0.75,False
STU_0363,4,4,1,0,0,5,33.8,0,0,0,78.2,75.5,8.13,78.09,0,0,0,14.0,0.31,0,3.0,checked_out,0.703,False
STU_0363,5,3,2,0,0,3,49.0,0,1,0,67.7,73.9,-7.37,38.37,0,0,0,14.0,,0,,checked_out,0.65,False
STU_0363,6,4,1,3,0,2,49.2,2,1,0,60.2,71.6,-8.96,54.05,0,0,0,14.0,0.75,0,2.0,checked_out,0.624,False
STU_0363,7,3,2,1,0,5,53.5,2,0,0,66.7,70.9,-0.49,10.81,0,0,0,14.0,,0,,checked_out,0.596,False
STU_0363,8,4,1,3,0,1,23.7,0,1,0,65.1,70.2,2.43,7.49,0,0,0,14.0,0.54,0,4.0,checked_out,0.524,False
STU_0363,9,4,1,2,0,5,39.0,1,0,0,64.9,69.6,-0.89,0.63,0,0,0,14.0,,0,,checked_out,0.527,False
STU_0363,10,4,1,0,0,4,32.4,0,0,0,66.9,69.3,0.89,0.8,0,0,0,14.0,0.15,0,4.0,checked_out,0.491,False
STU_0363,11,4,1,0,0,2,31.2,1,0,0,72.9,69.7,3.99,11.52,0,0,0,14.0,,0,,checked_out,0.492,False
STU_0363,12,5,0,1,0,1,22.8,1,1,0,67.9,69.5,0.5,6.87,0,0,0,14.0,0.17,0,3.0,checked_out,0.462,False
STU_0363,13,4,1,3,1,2,22.9,2,3,0,60.9,68.9,-6.0,24.23,0,0,0,14.0,,1,,checked_out,0.442,False
STU_0363,14,4,1,3,0,2,47.8,1,0,0,64.1,68.5,-1.87,8.2,0,0,0,14.0,-0.27,0,2.0,checked_out,0.406,False
STU_0363,15,3,2,1,0,3,27.1,1,2,0,61.3,68.0,0.21,2.1,0,0,0,14.0,,0,,checked_out,0.374,False
STU_0363,16,5,0,1,0,5,38.2,0,1,0,57.2,67.4,-3.46,8.07,0,0,0,14.0,-0.72,0,2.0,checked_out,0.341,True
STU_0364,1,4,1,1,0,2,63.2,1,0,0,78.6,78.6,0.0,0.0,0,0,0,14.0,,0,,checked_out,0.787,False
STU_0364,2,4,1,0,1,3,52.5,1,1,0,76.5,77.5,-2.07,1.07,0,0,0,14.0,0.62,0,4.0,checked_out,0.76,False
STU_0364,3,5,0,1,0,3,48.1,0,1,0,70.0,75.0,-4.29,13.33,0,0,0,14.0,,0,,checked_out,0.703,False
STU_0364,4,5,0,0,0,4,44.8,0,1,0,72.1,74.3,-2.22,7.35,0,0,0,14.0,0.22,0,3.0,checked_out,0.654,False
STU_0364,5,3,2,3,0,5,62.1,1,2,0,72.7,74.0,1.37,1.35,0,0,0,14.0,,0,,checked_out,0.639,False
STU_0364,6,5,0,1,0,2,53.7,1,1,0,62.9,72.1,-4.58,20.1,0,0,0,14.0,-0.16,0,4.0,checked_out,0.562,False
STU_0364,7,3,2,2,0,4,36.5,1,0,0,73.5,72.3,0.38,23.23,0,0,0,14.0,,0,,checked_out,0.457,False
STU_0364,8,5,0,2,0,4,46.4,0,0,0,70.2,72.1,3.63,19.51,0,0,0,14.0,-0.36,0,2.0,checked_out,0.46,False
STU_0364,9,3,2,0,1,3,32.3,1,1,0,66.4,71.4,-3.56,8.45,0,0,0,14.0,,1,,checked_out,0.445,False
STU_0364,10,5,0,0,0,7,39.6,0,0,0,55.4,69.8,-7.39,39.3,0,0,0,14.0,0.77,0,3.0,checked_out,0.463,False
STU_0364,11,5,0,1,0,5,22.5,0,1,0,59.2,68.9,-3.6,20.78,0,0,0,14.0,,0,,checked_out,0.427,False
STU_0364,12,3,2,2,0,4,38.5,1,1,0,48.1,67.1,-3.66,21.27,0,0,0,14.0,0.08,0,3.0,checked_out,0.397,False
STU_0364,13,4,1,0,1,2,38.5,0,0,0,56.1,66.3,-1.54,21.95,0,0,0,14.0,,0,,checked_out,0.372,True
STU_0364,14,3,2,2,0,2,37.3,0,1,0,48.6,65.0,0.26,13.51,0,0,0,14.0,-0.18,1,1.0,checked_out,0.39,True
STU_0364,15,5,0,1,0,4,32.8,0,2,0,67.2,65.2,5.55,58.57,0,0,0,14.0,,0,,checked_out,0.433,False
STU_0364,16,4,1,0,0,5,36.3,0,1,0,50.1,64.2,0.78,71.21,0,0,0,14.0,-0.64,1,3.0,checked_out,0.414,False
STU_0365,1,3,2,0,0,4,38.4,2,0,0,82.8,82.8,0.0,0.0,0,0,0,14.0,,0,,checked_out,0.79,False
STU_0365,2,5,0,0,0,5,43.4,1,0,0,84.5,83.7,1.77,0.79,0,0,0,14.0,0.63,0,4.0,checked_out,0.763,False
STU_0365,3,4,1,3,0,5,64.6,1,0,0,74.4,80.6,-4.18,19.56,0,0,0,14.0,,0,,checked_out,0.78,False
STU_0365,4,4,1,0,1,4,51.5,1,0,0,86.4,82.0,0.91,27.72,0,0,0,14.0,0.48,0,4.0,checked_out,0.732,False
STU_0365,5,3,2,1,0,4,55.7,1,0,0,72.6,80.1,-0.89,37.26,0,0,0,14.0,,0,,checked_out,0.655,False
STU_0365,6,5,0,3,0,3,42.3,2,2,0,77.6,79.7,-4.4,32.3,0,0,0,14.0,-0.18,0,4.0,checked_out,0.595,False
STU_0365,7,4,1,0,0,5,47.0,1,0,0,63.8,77.4,-4.4,32.37,0,0,0,14.0,,0,,checked_out,0.524,False
STU_0365,8,4,1,1,0,2,30.8,2,1,0,66.2,76.0,-5.68,35.99,0,0,0,14.0,0.01,1,4.0,checked_out,0.484,False
STU_0365,9,5,0,0,0,1,21.2,1,1,0,62.8,74.6,-0.52,2.08,0,0,0,14.0,,1,,checked_out,0.493,False
STU_0365,10,3,2,1,0,2,35.3,1,2,0,65.0,73.6,-0.59,2.04,0,0,0,14.0,-0.32,0,3.0,checked_out,0.459,False
STU_0365,11,4,1,1,0,1,36.0,0,2,0,61.5,72.5,-0.63,2.11,0,0,0,14.0,,1,,checked_out,0.397,False
STU_0365,12,5,0,2,0,2,27.2,1,1,0,53.7,70.9,-5.67,22.49,0,0,0,14.0,-0.62,0,3.0,checked_out,0.428,False
STU_0365,13,3,2,1,0,5,31.4,1,2,0,65.5,70.5,1.97,23.95,0,0,0,14.0,,0,,checked_out,0.43,False
STU_0365,14,5,0,1,0,3,27.7,1,1,0,50.1,69.1,-1.79,43.05,0,0,0,14.0,0.47,0,3.0,checked_out,0.4,False
STU_0365,15,3,2,0,0,3,47.0,1,0,0,54.0,68.1,-5.75,42.57,0,0,0,14.0,,0,,checked_out,0.398,False
STU_0365,16,4,1,2,0,4,22.1,2,1,0,62.9,67.7,6.38,28.58,0,0,0,14.0,-0.02,1,3.0,checked_out,0.393,True
STU_0366,1,4,1,0,0,2,47.0,1,1,0,90.2,90.2,0.0,0.0,0,0,0,14.0,,0,,checked_out,0.746,False
STU_0366,2,3,2,2,0,1,50.7,1,1,0,85.5,87.8,-4.64,5.39,0,0,0,14.0,0.25,1,4.0,checked_out,0.728,False
STU_0366,3,4,1,2,0,4,47.9,2,0,0,65.5,80.4,-12.33,114.39,0,0,0,14.0,,0,,checked_out,0.687,False
STU_0366,4,4,1,1,0,7,31.8,1,2,0,79.2,80.1,-3.17,69.7,0,0,0,14.0,0.3,0,4.0,checked_out,0.62,False
STU_0366,5,4,1,1,0,5,44.4,0,1,0,72.7,78.6,3.59,31.18,0,0,0,14.0,,0,,checked_out,0.572,False
STU_0366,6,5,0,0,0,5,37.0,2,2,0,78.8,78.6,-0.2,8.82,0,0,0,14.0,0.15,1,3.0,checked_out,0.494,False
STU_0366,7,3,2,1,1,4,36.2,1,0,0,52.5,74.9,-10.09,126.06,0,0,0,14.0,,0,,checked_out,0.403,False
STU_0366,8,5,0,1,0,4,31.9,1,2,0,62.1,73.3,-8.33,117.78,0,0,0,14.0,-0.48,0,1.0,checked_out,0.309,False
STU_0366,9,4,1,1,1,3,27.2,0,1,0,48.1,70.5,-2.21,34.32,0,0,0,14.0,,0,,checked_out,0.324,True
STU_0366,10,3,2,0,0,3,39.6,1,2,0,52.0,68.6,-5.08,35.01,0,0,0,14.0,-0.72,0,2.0,checked_out,0.301,True
STU_0366,11,5,0,3,0,1,26.7,2,2,0,55.8,67.5,3.86,9.93,0,0,0,14.0,,1,,checked_out,0.309,True
STU_0366,12,5,0,0,0,3,32.9,1,2,0,52.6,66.2,0.31,2.83,0,0,0,14.0,-0.37,1,2.0,checked_out,0.346,True
STU_0366,13,5,0,1,0,7,42.2,0,0,0,60.9,65.8,2.55,11.73,0,0,0,14.0,,0,,checked_out,0.344,True
STU_0366,14,3,2,1,0,8,27.4,2,2,0,57.0,65.2,2.22,11.55,0,0,0,14.0,-0.57,1,2.0,checked_out,0.368,True
STU_0366,15,5,0,1,0,8,26.6,1,2,0,66.8,65.3,2.97,16.28,0,0,0,14.0,,0,,checked_out,0.4,True
STU_0366,16,4,1,1,1,2,39.2,1,0,0,65.4,65.3,4.17,18.67,0,0,0,14.0,0.11,0,3.0,checked_out,0.399,True
STU_0367,1,5,0,0,0,7,32.6,0,2,0,78.5,78.5,0.0,0.0,0,0,0,14.0,,0,,checked_out,0.707,False
STU_0367,2,5,0,3,0,2,51.4,2,1,0,76.9,77.7,-1.55,0.6,0,0,0,14.0,0.41,1,4.0,checked_out,0.644,False
STU_0367,3,4,1,1,0,5,27.1,2,1,0,66.3,73.9,-6.1,29.37,0,0,0,14.0,,0,,checked_out,0.63,False
STU_0367,4,3,2,1,0,4,60.1,0,1,0,61.6,70.8,-7.65,40.99,0,0,0,14.0,-0.17,1,3.0,checked_out,0.543,False
STU_0367,5,5,0,1,0,5,37.9,0,1,0,68.9,70.5,1.31,9.05,0,0,0,14.0,,0,,checked_out,0.436,False
STU_0367,6,3,2,1,0,1,43.6,1,2,0,67.7,70.0,3.02,10.1,0,0,0,14.0,-0.08,0,3.0,checked_out,0.379,False
STU_0367,7,3,2,0,0,2,28.2,1,0,0,52.9,67.6,-7.99,52.7,0,0,0,14.0,,1,,checked_out,0.273,True
STU_0367,8,4,1,0,0,5,29.1,2,0,0,49.9,65.3,-8.89,60.31,0,0,0,14.0,-0.31,1,3.0,checked_out,0.184,True
STU_0367,9,4,1,0,0,5,25.1,0,0,0,47.5,63.4,-2.72,4.94,0,0,0,14.0,,2,,checked_out,0.18,True
STU_0367,10,5,0,0,0,5,28.6,1,0,0,34.9,60.5,-7.5,43.27,0,0,0,14.0,-0.48,1,2.0,checked_out,0.163,True
STU_0367,11,4,1,0,0,4,18.4,1,2,0,36.1,58.3,-5.69,32.21,0,0,0,14.0,,1,,checked_out,0.151,True
STU_0367,12,4,1,0,0,5,22.6,1,1,0,45.5,57.2,5.32,22.64,0,0,0,14.0,-1.0,2,1.0,checked_out,0.113,True
STU_0367,13,4,1,0,0,3,10.0,0,1,0,52.6,56.9,8.24,45.6,0,0,0,14.0,,0,,checked_out,0.132,True
STU_0367,14,5,0,1,0,4,21.1,0,3,0,51.6,56.5,3.05,9.76,0,0,0,14.0,-0.57,1,2.0,checked_out,0.094,True
STU_0367,15,4,1,0,0,1,28.9,0,0,0,44.4,55.7,-4.12,13.54,0,0,0,14.0,,0,,checked_out,0.059,True
STU_0367,16,3,2,1,1,2,35.5,1,1,0,42.6,54.9,-4.5,15.25,0,0,0,14.0,-1.0,0,1.0,checked_out,0.049,True
STU_0368,1,5,0,0,0,5,53.5,1,0,0,75.0,75.0,0.0,0.0,0,0,0,14.0,,0,,checked_out,0.678,False
STU_0368,2,5,0,1,0,7,53.2,1,0,0,65.5,70.2,-9.51,22.62,0,0,0,14.0,-0.18,0,3.0,checked_out,0.619,False
STU_0368,3,3,2,0,0,7,36.9,0,1,0,68.8,69.7,-3.09,15.54,0,0,0,14.0,,0,,checked_out,0.561,False
STU_0368,4,3,2,0,0,2,35.5,0,3,0,67.3,69.1,0.95,1.85,0,0,0,14.0,-0.27,0,4.0,checked_out,0.492,False
STU_0368,5,3,2,1,0,4,22.0,1,2,0,59.7,67.3,-4.53,15.81,0,0,0,14.0,,0,,checked_out,0.393,False
STU_0368,6,3,2,0,0,1,40.9,0,2,0,59.5,66.0,-3.9,13.24,0,0,0,14.0,0.18,0,3.0,checked_out,0.375,True
STU_0368,7,5,0,1,0,3,29.3,2,1,0,43.4,62.7,-8.18,58.81,0,0,0,14.0,,0,,checked_out,0.329,True
STU_0368,8,4,1,0,1,6,17.4,1,0,0,39.0,59.8,-10.26,77.93,0,0,0,14.0,0.22,0,1.0,checked_out,0.208,True
STU_0368,9,5,0,3,0,5,27.0,1,1,0,45.6,58.2,1.12,7.44,0,0,0,14.0,,2,,checked_out,0.152,True
STU_0368,10,3,2,1,0,3,25.4,2,1,0,47.8,57.2,4.38,13.86,0,0,0,14.0,-1.0,0,2.0,checked_out,0.099,True
STU_0368,11,4,1,1,0,4,38.0,1,1,0,45.0,56.1,-0.29,1.42,0,0,0,14.0,,1,,checked_out,0.094,True
STU_0368,12,3,2,1,0,5,32.4,0,1,0,38.7,54.6,-4.55,14.51,0,0,0,14.0,-1.0,0,1.0,checked_out,0.064,True
STU_0368,13,4,1,1,0,4,26.4,1,1,0,32.4,52.9,-6.29,26.36,0,0,0,14.0,,2,,checked_out,0.074,True
STU_0368,14,5,0,1,0,4,13.1,0,0,0,44.4,52.3,2.87,23.95,0,0,0,14.0,-0.64,0,2.0,checked_out,0.07,True
STU_0368,15,4,1,2,0,6,19.6,2,1,0,35.6,51.2,1.59,25.68,0,0,0,14.0,,0,,checked_out,0.02,True
STU_0368,16,4,1,1,0,7,33.4,1,3,0,21.0,49.3,-11.71,93.23,0,0,0,14.0,-1.0,2,2.0,checked_out,0.02,True
STU_0369,1,4,1,0,0,4,56.3,2,0,0,70.1,70.1,0.0,0.0,0,0,0,14.0,,0,,checked_out,0.735,False
STU_0369,2,5,0,0,0,5,47.5,2,2,0,81.7,75.9,11.65,33.94,0,0,0,14.0,0.12,0,4.0,checked_out,0.711,False
STU_0369,3,4,1,0,1,3,51.5,0,1,0,69.0,73.6,-0.53,33.15,0,0,0,14.0,,0,,checked_out,0.712,False
STU_0369,4,3,2,0,0,1,31.8,1,2,0,70.2,72.8,-5.78,32.93,0,0,0,14.0,0.57,0,4.0,checked_out,0.648,False
STU_0369,5,5,0,1,0,3,57.6,1,0,0,67.2,71.7,-0.91,1.51,0,0,0,14.0,,0,,checked_out,0.603,False
STU_0369,6,4,1,1,0,4,34.5,0,0,0,65.7,70.7,-2.26,3.51,0,0,0,14.0,0.68,0,3.0,checked_out,0.54,False
STU_0369,7,3,2,1,0,3,44.6,0,1,0,68.2,70.3,0.49,1.06,0,0,0,14.0,,0,,checked_out,0.468,False
STU_0369,8,3,2,0,0,5,36.9,1,1,0,61.8,69.2,-1.94,6.89,0,0,0,14.0,0.14,0,2.0,checked_out,0.415,False
STU_0369,9,4,1,2,0,2,24.7,0,1,0,56.2,67.8,-5.98,23.91,0,0,0,14.0,,0,,checked_out,0.433,False
STU_0369,10,5,0,1,0,1,43.2,0,0,0,55.3,66.5,-3.24,8.23,0,0,0,14.0,-0.31,0,3.0,checked_out,0.37,False
STU_0369,11,4,1,0,0,2,26.5,1,1,0,50.9,65.1,-2.67,5.47,0,0,0,14.0,,1,,checked_out,0.378,True
STU_0369,12,5,0,0,0,2,45.8,1,2,0,65.4,65.2,5.06,37.16,0,0,0,14.0,-0.14,0,2.0,checked_out,0.372,True
STU_0369,13,5,0,1,0,5,43.5,0,1,0,52.2,64.2,0.65,43.34,0,0,0,14.0,,0,,checked_out,0.351,True
STU_0369,14,4,1,2,0,2,36.8,0,0,0,51.8,63.3,-6.82,40.27,0,0,0,14.0,-0.46,2,2.0,checked_out,0.322,True
STU_0369,15,4,1,1,0,5,41.2,0,0,0,53.6,62.6,0.73,0.62,0,0,0,14.0,,1,,checked_out,0.304,True
STU_0369,16,5,0,1,0,6,44.4,0,0,0,47.9,61.7,-1.96,5.74,0,0,0,14.0,-0.31,0,2.0,checked_out,0.267,True
STU_0370,1,3,2,2,0,4,60.3,1,3,0,78.2,78.2,0.0,0.0,0,0,0,14.0,,0,,checked_out,0.734,False
STU_0370,2,3,2,1,0,5,62.8,1,1,0,66.7,72.5,-11.49,33.01,0,0,0,14.0,0.26,0,5.0,checked_out,0.673,False
STU_0370,3,3,2,0,0,1,39.6,1,1,0,87.9,77.6,4.82,74.58,0,0,0,14.0,,0,,checked_out,0.679,False
STU_0370,4,3,2,3,0,6,64.9,0,2,0,73.8,76.7,3.54,77.07,0,0,0,14.0,0.19,0,3.0,checked_out,0.615,False
STU_0370,5,3,2,0,1,1,35.2,0,1,0,64.8,74.3,-11.55,90.34,0,0,0,14.0,,0,,checked_out,0.557,False
STU_0370,6,5,0,1,0,3,45.8,1,1,0,59.4,71.8,-7.23,35.56,0,0,0,14.0,0.03,0,3.0,checked_out,0.494,False
STU_0370,7,4,1,0,0,1,51.6,1,0,0,60.5,70.2,-2.16,5.42,0,0,0,14.0,,0,,checked_out,0.411,False
STU_0370,8,5,0,1,0,6,49.5,0,1,0,61.5,69.1,1.03,0.71,0,0,0,14.0,-0.0,0,2.0,checked_out,0.36,False
STU_0370,9,5,0,2,0,3,38.0,1,0,0,65.3,68.7,2.4,4.29,0,0,0,14.0,,1,,checked_out,0.409,False
STU_0370,10,4,1,0,0,3,32.9,2,2,0,68.3,68.6,3.43,7.87,0,0,0,14.0,-0.34,1,2.0,checked_out,0.408,False
STU_0370,11,4,1,0,0,6,33.3,2,1,0,60.1,67.9,-2.59,11.51,0,0,0,14.0,,0,,checked_out,0.389,False
STU_0370,12,3,2,2,1,2,33.3,0,0,0,50.9,66.4,-8.68,50.33,0,0,0,14.0,-0.83,0,2.0,checked_out,0.391,True
STU_0370,13,5,0,0,0,5,36.9,1,0,0,53.1,65.4,-3.51,15.27,0,0,0,14.0,,2,,checked_out,0.345,True
STU_0370,14,4,1,1,0,2,41.7,1,4,0,54.7,64.7,1.89,2.39,0,0,0,14.0,-0.24,1,3.0,checked_out,0.311,True
STU_0370,15,4,1,2,0,6,38.4,0,0,0,58.9,64.3,2.92,6.06,0,0,0,14.0,,1,,checked_out,0.287,True
STU_0370,16,3,2,2,0,6,46.0,0,1,0,55.9,63.7,0.57,3.16,0,0,0,14.0,-0.27,2,1.0,checked_out,0.3,True
STU_0371,1,4,1,0,0,4,49.5,1,0,0,86.2,86.2,0.0,0.0,0,0,0,14.0,,0,,checked_out,0.838,False
STU_0371,2,4,1,1,1,6,73.0,1,0,0,84.5,85.3,-1.68,0.71,0,0,0,14.0,0.26,0,4.0,checked_out,0.821,False
STU_0371,3,4,1,1,0,1,45.7,0,0,0,84.8,85.1,-0.71,0.54,0,0,0,14.0,,1,,checked_out,0.815,False
STU_0371,4,5,0,0,0,3,59.5,1,2,0,94.4,87.4,4.96,21.26,0,0,0,14.0,0.11,0,4.0,checked_out,0.785,False
STU_0371,5,3,2,2,0,2,38.6,1,0,0,84.2,86.8,-0.26,21.82,0,0,0,14.0,,0,,checked_out,0.784,False
STU_0371,6,5,0,0,0,5,46.5,1,2,0,70.0,84.0,-12.21,100.3,0,0,0,14.0,0.6,0,5.0,checked_out,0.646,False
STU_0371,7,3,2,2,0,4,52.8,1,0,0,69.4,81.9,-7.43,47.18,0,0,0,14.0,,0,,checked_out,0.561,False
STU_0371,8,4,1,0,0,3,42.4,0,1,0,63.3,79.6,-3.32,9.0,0,0,0,14.0,-0.2,0,3.0,checked_out,0.509,False
STU_0371,9,4,1,1,1,1,46.7,0,0,0,62.7,77.7,-3.32,9.01,0,0,0,14.0,,0,,checked_out,0.42,False
STU_0371,10,5,0,1,0,4,27.9,0,2,0,65.6,76.5,1.13,1.51,0,0,0,14.0,0.17,0,1.0,checked_out,0.401,False
STU_0371,11,3,2,0,0,1,24.8,0,0,0,54.5,74.5,-4.11,22.07,0,0,0,14.0,,1,,checked_out,0.381,False
STU_0371,12,5,0,0,0,6,30.6,0,0,0,40.8,71.7,-12.37,102.37,0,0,0,14.0,-0.72,0,1.0,checked_out,0.286,True
STU_0371,13,5,0,0,0,4,27.6,2,1,0,51.9,70.2,-1.31,35.03,0,0,0,14.0,,1,,checked_out,0.263,True
STU_0371,14,4,1,1,0,4,43.7,1,0,0,43.5,68.3,1.31,22.2,0,0,0,14.0,-0.61,0,2.0,checked_out,0.221,True
STU_0371,15,5,0,2,0,2,21.8,0,0,0,46.7,66.8,-2.57,12.02,0,0,0,14.0,,2,,checked_out,0.224,True
STU_0371,16,4,1,0,0,5,50.4,2,1,0,49.1,65.7,2.82,5.35,0,0,0,14.0,-1.0,0,3.0,checked_out,0.208,True
STU_0372,1,4,1,3,0,3,65.3,1,1,0,74.6,74.6,0.0,0.0,0,0,0,14.0,,0,,checked_out,0.73,False
STU_0372,2,4,1,1,0,6,42.0,1,1,0,76.8,75.7,2.22,1.23,0,0,0,14.0,0.53,0,4.0,checked_out,0.756,False
STU_0372,3,4,1,2,0,2,44.0,0,0,0,72.9,74.8,-0.83,2.53,0,0,0,14.0,,1,,checked_out,0.737,False
STU_0372,4,5,0,0,0,1,64.3,0,0,0,77.7,75.5,0.44,4.28,0,0,0,14.0,0.54,0,5.0,checked_out,0.717,False
STU_0372,5,4,1,1,0,3,65.3,1,0,0,87.4,77.9,7.23,36.18,0,0,0,14.0,,0,,checked_out,0.686,False
STU_0372,6,5,0,2,0,1,32.0,1,2,0,65.1,75.7,-6.29,83.13,0,0,0,14.0,0.88,0,4.0,checked_out,0.623,False
STU_0372,7,5,0,1,0,7,35.4,1,0,0,66.4,74.4,-10.49,104.21,0,0,0,14.0,,0,,checked_out,0.543,False
STU_0372,8,4,1,0,0,6,40.5,1,2,0,64.3,73.1,-0.41,0.76,0,0,0,14.0,0.17,0,4.0,checked_out,0.497,False
STU_0372,9,4,1,2,1,4,46.1,1,0,0,69.1,72.7,1.37,3.97,0,0,0,14.0,,1,,checked_out,0.484,False
STU_0372,10,5,0,3,0,6,46.0,1,2,0,50.6,70.5,-6.83,61.51,0,0,0,14.0,0.09,0,3.0,checked_out,0.427,False
STU_0372,11,3,2,1,0,3,28.8,1,1,0,62.3,69.7,-3.39,58.58,0,0,0,14.0,,0,,checked_out,0.441,False
STU_0372,12,4,1,1,0,1,38.8,1,0,0,59.3,68.9,4.35,24.76,0,0,0,14.0,0.1,0,4.0,checked_out,0.424,False
STU_0372,13,4,1,0,0,1,46.5,1,1,0,57.7,68.0,-2.34,3.75,0,0,0,14.0,,0,,checked_out,0.384,False
STU_0372,14,5,0,1,0,5,35.6,1,3,0,57.2,67.2,-1.07,0.84,0,0,0,14.0,0.26,1,3.0,checked_out,0.33,True
STU_0372,15,4,1,2,1,3,40.5,1,0,0,53.6,66.3,-2.02,3.22,0,0,0,14.0,,1,,checked_out,0.32,True
STU_0372,16,5,0,1,0,2,58.5,0,0,0,46.5,65.1,-5.35,19.81,0,0,0,14.0,-0.54,2,2.0,checked_out,0.33,True
STU_0373,1,4,1,1,1,4,16.9,0,1,0,77.4,77.4,0.0,0.0,0,0,0,14.0,,0,,checked_out,0.703,False
STU_0373,2,4,1,1,0,3,50.6,0,0,0,70.4,73.9,-7.03,12.37,0,0,0,14.0,1.0,0,5.0,checked_out,0.666,False
STU_0373,3,3,2,1,0,5,82.4,2,0,0,78.5,75.4,0.52,12.87,0,0,0,14.0,,0,,checked_out,0.636,False
STU_0373,4,4,1,1,0,5,35.9,0,0,0,69.6,74.0,-0.39,16.05,0,0,0,14.0,0.45,0,3.0,checked_out,0.564,False
STU_0373,5,5,0,1,0,3,46.1,0,0,0,77.0,74.6,-0.76,14.97,0,0,0,14.0,,0,,checked_out,0.544,False
STU_0373,6,4,1,0,0,4,44.8,1,1,0,66.0,73.1,-1.83,20.91,0,0,0,14.0,0.02,0,4.0,checked_out,0.434,False
STU_0373,7,4,1,1,0,6,35.3,0,0,0,50.2,69.9,-13.39,120.75,0,0,0,14.0,,1,,checked_out,0.37,False
STU_0373,8,4,1,0,0,1,21.7,1,0,0,61.0,68.7,-2.5,43.35,0,0,0,14.0,-0.19,0,3.0,checked_out,0.348,True
STU_0373,9,5,0,3,0,1,45.5,0,1,0,57.7,67.5,3.78,20.41,0,0,0,14.0,,1,,checked_out,0.382,True
STU_0373,10,3,2,3,0,2,47.9,0,0,0,56.8,66.5,-2.06,3.13,0,0,0,14.0,-0.69,0,2.0,checked_out,0.353,True
STU_0373,11,4,1,1,0,3,39.0,0,0,0,50.6,65.0,-3.56,10.03,0,0,0,14.0,,0,,checked_out,0.293,True
STU_0373,12,5,0,0,0,3,32.5,1,1,0,61.9,64.8,2.55,21.49,0,0,0,14.0,-0.73,1,2.0,checked_out,0.302,True
STU_0373,13,4,1,1,0,3,30.6,1,2,0,61.7,64.5,5.57,28.07,0,0,0,14.0,,0,,checked_out,0.307,True
STU_0373,14,5,0,1,0,3,27.7,2,0,0,57.0,64.0,-2.48,5.27,0,0,0,14.0,0.04,1,2.0,checked_out,0.333,True
STU_0373,15,5,0,1,0,5,17.4,0,0,0,54.6,63.4,-3.56,8.79,0,0,0,14.0,,1,,checked_out,0.271,True
STU_0373,16,3,2,1,1,4,20.3,1,0,0,50.2,62.5,-3.37,7.78,0,0,0,14.0,-0.19,1,1.0,checked_out,0.245,True
STU_0374,1,4,1,1,0,4,68.4,0,1,0,86.3,86.3,0.0,0.0,0,0,0,14.0,,0,,checked_out,0.794,False
STU_0374,2,3,2,0,0,3,39.8,1,4,0,77.7,82.0,-8.6,18.5,0,0,0,14.0,0.6,0,5.0,checked_out,0.746,False
STU_0374,3,3,2,2,0,4,59.0,1,0,0,82.6,82.2,-1.85,12.41,0,0,0,14.0,,0,,checked_out,0.76,False
STU_0374,4,4,1,1,0,4,58.2,1,2,0,74.7,80.3,-1.48,10.51,0,0,0,14.0,0.45,0,4.0,checked_out,0.713,False
STU_0374,5,5,0,1,0,5,50.3,0,0,0,73.9,79.0,-4.36,15.39,0,0,0,14.0,,0,,checked_out,0.655,False
STU_0374,6,4,1,2,0,1,62.4,0,0,0,67.3,77.1,-3.71,10.96,0,0,0,14.0,0.21,0,4.0,checked_out,0.59,False
STU_0374,7,3,2,1,0,3,34.7,0,1,0,78.6,77.3,2.35,21.27,0,0,0,14.0,,0,,checked_out,0.523,False
STU_0374,8,3,2,3,0,2,27.5,2,3,0,58.5,75.0,-4.4,67.31,0,0,0,14.0,-0.26,0,4.0,checked_out,0.513,False
STU_0374,9,5,0,1,0,1,51.4,1,0,0,73.7,74.8,-2.46,72.77,0,0,0,14.0,,0,,checked_out,0.5,False
STU_0374,10,3,2,0,0,5,40.6,2,1,0,72.7,74.6,7.07,47.73,0,0,0,14.0,-0.32,0,5.0,checked_out,0.474,False
STU_0374,11,5,0,3,0,1,52.0,2,1,0,57.2,73.0,-8.23,56.81,0,0,0,14.0,,0,,checked_out,0.421,False
STU_0374,12,4,1,2,0,3,29.2,1,1,0,66.7,72.5,-2.95,40.61,0,0,0,14.0,0.04,1,3.0,checked_out,0.439,False
STU_0374,13,3,2,0,0,3,40.1,0,4,0,58.4,71.4,0.61,18.06,0,0,0,14.0,,0,,checked_out,0.417,False
STU_0374,14,4,1,0,0,1,33.3,0,1,0,54.7,70.2,-6.03,25.43,0,0,0,14.0,0.18,0,2.0,checked_out,0.414,False
STU_0374,15,4,1,0,0,6,39.4,0,2,0,61.3,69.6,1.42,7.23,0,0,0,14.0,,0,,checked_out,0.408,False
STU_0374,16,5,0,3,0,5,55.7,1,0,0,54.4,68.7,-0.14,10.01,0,0,0,14.0,0.31,0,3.0,checked_out,0.392,False
STU_0375,1,3,2,0,0,3,41.7,0,0,0,92.8,92.8,0.0,0.0,0,0,0,14.0,,0,,checked_out,0.792,False
STU_0375,2,3,2,3,1,6,55.1,2,0,0,81.4,87.1,-11.41,32.53,0,0,0,14.0,0.53,0,5.0,checked_out,0.8,False
STU_0375,3,4,1,2,0,6,77.4,1,0,0,88.6,87.6,-2.13,22.14,0,0,0,14.0,,0,,checked_out,0.793,False
STU_0375,4,4,1,0,1,4,41.3,1,0,0,73.6,84.1,-3.89,37.17,0,0,0,14.0,0.63,0,3.0,checked_out,0.692,False
STU_0375,5,4,1,2,0,1,30.2,0,0,0,64.5,80.2,-12.01,98.03,0,0,0,14.0,,0,,checked_out,0.6,False
STU_0375,6,4,1,2,0,7,34.7,1,2,0,66.4,77.9,-3.63,15.39,0,0,0,14.0,0.38,1,4.0,checked_out,0.527,False
STU_0375,7,5,0,0,0,5,26.9,2,0,0,47.5,73.6,-8.5,71.87,0,0,0,14.0,,0,,checked_out,0.46,False
STU_0375,8,5,0,0,0,2,42.7,1,0,0,57.5,71.6,-4.42,59.17,0,0,0,14.0,-0.11,0,3.0,checked_out,0.387,False
STU_0375,9,5,0,0,0,1,26.3,0,2,0,64.0,70.7,8.24,45.97,0,0,0,14.0,,0,,checked_out,0.353,True
STU_0375,10,4,1,0,1,1,35.9,2,0,0,53.3,69.0,-2.12,19.49,0,0,0,14.0,-0.17,1,3.0,checked_out,0.373,True
STU_0375,11,4,1,1,1,1,28.2,1,0,0,71.7,69.2,3.83,56.9,0,0,0,14.0,,0,,checked_out,0.403,False
STU_0375,12,4,1,1,0,6,21.0,1,0,0,62.2,68.6,4.46,56.39,0,0,0,14.0,-0.17,0,3.0,checked_out,0.361,False
STU_0375,13,4,1,1,0,1,30.5,1,2,0,51.4,67.3,-10.12,68.39,0,0,0,14.0,,0,,checked_out,0.314,True
STU_0375,14,5,0,2,0,2,35.4,2,0,0,55.7,66.5,-3.25,19.64,0,0,0,14.0,-0.13,2,3.0,checked_out,0.352,True
STU_0375,15,4,1,1,0,1,30.2,1,0,0,54.3,65.7,1.41,3.16,0,0,0,14.0,,1,,checked_out,0.32,True
STU_0375,16,4,1,1,0,4,24.3,1,0,0,44.6,64.4,-5.58,24.53,0,0,0,14.0,-0.06,2,3.0,checked_out,0.265,True
STU_0376,1,4,1,2,1,2,48.8,0,1,0,81.0,81.0,0.0,0.0,0,0,0,14.0,,0,,checked_out,0.714,False
STU_0376,2,4,1,1,0,4,41.7,0,1,0,78.5,79.8,-2.49,1.55,0,0,0,14.0,0.41,0,4.0,checked_out,0.71,False
STU_0376,3,5,0,2,0,2,46.1,1,2,0,82.2,80.6,0.61,2.37,0,0,0,14.0,,0,,checked_out,0.656,False
STU_0376,4,5,0,0,0,5,25.3,0,1,0,66.2,77.0,-6.16,46.84,0,0,0,14.0,-0.12,0,4.0,checked_out,0.547,False
STU_0376,5,4,1,1,0,6,38.3,0,1,0,53.3,72.2,-14.47,140.12,0,0,0,14.0,,0,,checked_out,0.424,False
STU_0376,6,5,0,0,0,2,32.8,2,1,0,53.4,69.1,-6.4,36.79,0,0,0,14.0,-0.53,0,3.0,checked_out,0.335,False
STU_0376,7,4,1,1,0,3,22.7,0,1,0,51.7,66.6,-0.8,0.62,0,0,0,14.0,,0,,checked_out,0.301,True
STU_0376,8,5,0,1,0,5,23.5,2,1,0,60.0,65.8,3.27,12.72,0,0,0,14.0,0.41,0,2.0,checked_out,0.224,True
STU_0376,9,4,1,1,0,1,21.8,1,0,0,45.5,63.5,-3.09,35.13,0,0,0,14.0,,2,,checked_out,0.131,True
STU_0376,10,4,1,0,0,7,19.6,0,1,0,36.1,60.8,-11.91,96.01,0,0,0,14.0,-0.92,0,2.0,checked_out,0.036,True
STU_0376,11,4,1,2,1,1,35.5,1,1,0,37.3,58.7,-4.1,17.35,0,0,0,14.0,,0,,checked_out,0.02,True
STU_0376,12,3,2,0,0,3,32.6,0,1,0,37.9,56.9,0.9,0.56,0,0,0,14.0,-0.14,0,2.0,checked_out,0.02,True
STU_0376,13,5,0,0,0,8,14.9,1,0,0,39.1,55.6,0.9,0.56,0,0,0,14.0,,2,,checked_out,0.02,True
STU_0376,14,4,1,1,0,5,34.4,1,0,0,37.4,54.3,-0.27,0.49,0,0,0,14.0,-0.39,2,1.0,checked_out,0.02,True
STU_0376,15,5,0,0,0,2,12.1,0,0,0,43.7,53.6,2.29,7.0,0,0,0,14.0,,0,,checked_out,0.02,True
STU_0376,16,4,1,0,0,2,24.0,0,0,0,52.9,53.5,7.76,40.66,0,0,0,14.0,-0.59,1,2.0,checked_out,0.02,True
STU_0377,1,3,2,2,0,6,34.9,2,0,0,73.8,73.8,0.0,0.0,0,0,0,14.0,,0,,checked_out,0.769,False
STU_0377,2,4,1,0,0,4,55.2,1,0,0,86.2,80.0,12.37,38.25,0,0,0,14.0,0.47,0,3.0,checked_out,0.75,False
STU_0377,3,4,1,0,0,3,39.9,0,1,0,85.7,81.9,5.97,32.88,0,0,0,14.0,,0,,checked_out,0.711,False
STU_0377,4,5,0,1,0,2,50.6,1,3,0,75.8,80.4,-5.17,22.86,0,0,0,14.0,0.53,0,5.0,checked_out,0.64,False
STU_0377,5,3,2,0,1,3,44.4,1,1,0,60.6,76.4,-12.55,106.49,0,0,0,14.0,,0,,checked_out,0.578,False
STU_0377,6,3,2,0,1,1,46.5,1,1,0,54.5,72.8,-10.64,79.98,0,0,0,14.0,0.48,0,3.0,checked_out,0.477,False
STU_0377,7,5,0,1,0,1,48.1,2,1,0,66.4,71.9,2.9,23.58,0,0,0,14.0,,1,,checked_out,0.435,False
STU_0377,8,5,0,0,0,4,39.9,2,0,0,58.4,70.2,1.94,24.51,0,0,0,14.0,0.47,0,3.0,checked_out,0.38,False
STU_0377,9,4,1,3,0,3,27.8,1,0,0,57.6,68.8,-4.4,15.81,0,0,0,14.0,,0,,checked_out,0.423,False
STU_0377,10,4,1,0,0,2,43.9,2,0,0,59.6,67.9,0.56,0.63,0,0,0,14.0,0.12,1,2.0,checked_out,0.418,False
STU_0377,11,5,0,0,0,4,41.5,1,0,0,61.4,67.3,1.89,2.38,0,0,0,14.0,,0,,checked_out,0.437,False
STU_0377,12,5,0,2,0,2,53.6,0,1,0,63.9,67.0,2.19,3.21,0,0,0,14.0,0.3,0,4.0,checked_out,0.461,False
STU_0377,13,3,2,1,0,8,29.5,0,0,0,58.2,66.3,-1.6,5.48,0,0,0,14.0,,0,,checked_out,0.471,False
STU_0377,14,3,2,0,0,3,28.7,1,0,0,51.2,65.2,-6.38,27.25,0,0,0,14.0,-0.06,1,3.0,checked_out,0.412,False
STU_0377,15,5,0,0,0,3,22.0,0,0,0,59.0,64.8,0.4,12.41,0,0,0,14.0,,0,,checked_out,0.415,False
STU_0377,16,4,1,0,0,2,52.3,1,1,0,56.9,64.3,2.89,11.02,0,0,0,14.0,-0.42,0,3.0,checked_out,0.417,False
STU_0378,1,4,1,2,0,1,60.2,1,1,0,74.2,74.2,0.0,0.0,0,0,0,14.0,,0,,checked_out,0.705,False
STU_0378,2,4,1,0,1,2,44.0,0,0,0,82.0,78.1,7.76,15.05,0,0,0,14.0,0.82,0,5.0,checked_out,0.688,False
STU_0378,3,3,2,1,0,5,46.0,1,0,0,74.5,76.9,0.15,12.9,0,0,0,14.0,,0,,checked_out,0.675,False
STU_0378,4,5,0,0,0,5,44.8,1,0,0,75.2,76.5,-3.39,11.36,0,0,0,14.0,0.99,0,3.0,checked_out,0.616,False
STU_0378,5,4,1,2,1,6,31.1,1,1,0,72.1,75.6,-1.21,1.79,0,0,0,14.0,,1,,checked_out,0.574,False
STU_0378,6,4,1,2,0,6,39.7,1,1,0,62.3,73.4,-6.45,30.22,0,0,0,14.0,-0.29,0,3.0,checked_out,0.482,False
STU_0378,7,3,2,0,0,1,39.6,0,2,0,66.1,72.4,-2.98,16.21,0,0,0,14.0,,0,,checked_out,0.419,False
STU_0378,8,5,0,3,0,2,24.9,1,4,0,49.1,69.5,-6.6,53.14,0,0,0,14.0,-0.4,0,1.0,checked_out,0.406,False
STU_0378,9,5,0,1,0,2,46.9,1,0,0,59.1,68.3,-3.51,48.76,0,0,0,14.0,,1,,checked_out,0.346,False
STU_0378,10,4,1,1,1,2,11.4,1,0,0,45.4,66.0,-1.87,33.62,0,0,0,14.0,-0.53,0,3.0,checked_out,0.317,True
STU_0378,11,5,0,0,0,5,24.2,1,2,0,57.9,65.3,-0.61,38.56,0,0,0,14.0,,2,,checked_out,0.3,True
STU_0378,12,5,0,1,0,4,52.7,1,1,0,40.6,63.2,-2.41,53.46,0,0,0,14.0,0.13,0,2.0,checked_out,0.264,True
STU_0378,13,5,0,1,0,3,13.8,1,0,0,53.9,62.5,-2.03,54.91,0,0,0,14.0,,0,,checked_out,0.255,True
STU_0378,14,3,2,0,0,3,21.2,1,1,0,50.4,61.6,4.9,31.67,0,0,0,14.0,-0.45,0,3.0,checked_out,0.242,True
STU_0378,15,4,1,3,0,6,30.2,2,2,0,54.1,61.1,0.12,2.91,0,0,0,14.0,,2,,checked_out,0.191,True
STU_0378,16,3,2,1,0,4,56.8,1,0,0,42.0,59.9,-4.2,25.78,0,0,0,14.0,-0.67,1,3.0,checked_out,0.174,True
STU_0379,1,4,1,1,1,5,63.3,1,1,0,79.3,79.3,0.0,0.0,0,0,0,14.0,,0,,checked_out,0.718,False
STU_0379,2,4,1,3,0,2,38.9,0,0,0,80.3,79.8,1.02,0.26,0,0,0,14.0,0.62,0,3.0,checked_out,0.734,False
STU_0379,3,4,1,0,0,5,70.2,0,4,0,79.2,79.6,-0.05,0.26,0,0,0,14.0,,0,,checked_out,0.717,False
STU_0379,4,5,0,0,0,5,60.5,0,0,0,80.9,79.9,0.3,0.51,0,0,0,14.0,0.45,0,3.0,checked_out,0.654,False
STU_0379,5,5,0,3,0,5,26.6,1,0,0,68.8,77.7,-5.18,28.47,0,0,0,14.0,,0,,checked_out,0.571,False
STU_0379,6,5,0,0,0,1,53.8,1,1,0,62.3,75.1,-9.27,59.05,0,0,0,14.0,0.83,0,4.0,checked_out,0.531,False
STU_0379,7,5,0,2,0,3,32.9,0,1,0,62.2,73.3,-3.32,9.54,0,0,0,14.0,,0,,checked_out,0.391,False
STU_0379,8,4,1,0,1,4,44.2,1,1,0,52.3,70.6,-5.02,22.0,0,0,0,14.0,-0.22,0,3.0,checked_out,0.361,True
STU_0379,9,5,0,3,0,1,32.5,0,1,0,67.5,70.3,2.69,39.86,0,0,0,14.0,,0,,checked_out,0.344,True
STU_0379,10,3,2,0,0,3,24.8,0,0,0,53.1,68.6,0.38,49.21,0,0,0,14.0,0.18,0,3.0,checked_out,0.379,True
STU_0379,11,4,1,0,0,3,21.1,0,1,0,62.8,68.1,-2.37,36.35,0,0,0,14.0,,0,,checked_out,0.319,True
STU_0379,12,4,1,1,1,4,35.4,0,0,0,47.5,66.3,-2.76,39.78,0,0,0,14.0,-0.17,1,3.0,checked_out,0.29,True
STU_0379,13,5,0,1,0,5,17.7,1,0,0,44.8,64.7,-9.0,62.69,0,0,0,14.0,,0,,checked_out,0.262,True
STU_0379,14,4,1,1,1,1,25.4,0,2,0,47.8,63.5,0.13,1.84,0,0,0,14.0,0.09,1,1.0,checked_out,0.207,True
STU_0379,15,5,0,3,0,1,47.5,1,1,0,50.4,62.6,2.82,5.3,0,0,0,14.0,,1,,checked_out,0.179,True
STU_0379,16,4,1,1,0,3,20.5,2,1,0,38.1,61.1,-4.84,28.03,0,0,0,14.0,-0.87,1,2.0,checked_out,0.139,True
STU_0380,1,4,1,2,0,2,29.0,0,0,0,78.6,78.6,0.0,0.0,0,0,0,14.0,,0,,checked_out,0.732,False
STU_0380,2,4,1,1,0,3,50.1,1,2,0,72.9,75.7,-5.66,8.02,0,0,0,14.0,0.58,0,3.0,checked_out,0.705,False
STU_0380,3,4,1,1,0,2,32.3,1,1,0,84.1,78.5,2.78,20.97,0,0,0,14.0,,0,,checked_out,0.681,False
STU_0380,4,5,0,1,0,4,33.8,0,2,0,73.9,77.4,0.48,25.75,0,0,0,14.0,0.45,0,4.0,checked_out,0.57,False
STU_0380,5,5,0,3,0,8,51.5,2,2,0,67.3,75.3,-8.41,47.86,0,0,0,14.0,,0,,checked_out,0.513,False
STU_0380,6,4,1,1,0,2,42.7,0,1,0,64.4,73.5,-4.71,15.53,0,0,0,14.0,0.18,1,4.0,checked_out,0.43,False
STU_0380,7,4,1,1,0,7,43.7,1,2,0,47.0,69.7,-10.13,80.27,0,0,0,14.0,,1,,checked_out,0.324,False
STU_0380,8,5,0,3,0,7,20.4,1,0,0,53.4,67.7,-5.54,51.83,0,0,0,14.0,-0.52,0,3.0,checked_out,0.228,True
STU_0380,9,3,2,0,0,1,10.1,0,1,0,51.6,65.9,2.31,7.18,0,0,0,14.0,,1,,checked_out,0.209,True
STU_0380,10,3,2,2,0,1,24.9,1,0,0,57.8,65.1,2.22,6.72,0,0,0,14.0,-0.84,0,3.0,checked_out,0.259,True
STU_0380,11,4,1,0,0,4,37.5,1,0,0,50.8,63.8,-0.43,9.75,0,0,0,14.0,,0,,checked_out,0.234,True
STU_0380,12,3,2,0,0,3,46.5,2,1,0,50.8,62.7,-3.49,10.87,0,0,0,14.0,-0.74,1,3.0,checked_out,0.182,True
STU_0380,13,3,2,0,0,5,18.2,1,1,0,35.9,60.7,-7.42,49.1,0,0,0,14.0,,0,,checked_out,0.141,True
STU_0380,14,5,0,0,0,5,15.1,0,0,0,50.8,60.0,-0.01,49.18,0,0,0,14.0,-0.41,2,1.0,checked_out,0.17,True
STU_0380,15,5,0,1,0,7,28.2,0,0,0,47.6,59.1,5.82,40.77,0,0,0,14.0,,1,,checked_out,0.158,True
STU_0380,16,3,2,1,0,2,36.4,2,1,0,60.7,59.2,4.96,31.3,0,0,0,14.0,-1.0,0,1.0,checked_out,0.161,True
STU_0381,1,5,0,3,0,2,60.1,1,0,0,77.1,77.1,0.0,0.0,0,0,0,14.0,,1,,checked_out,0.666,False
STU_0381,2,4,1,0,0,1,21.4,1,0,0,70.8,73.9,-6.29,9.88,0,0,0,14.0,0.38,0,4.0,checked_out,0.589,False
STU_0381,3,4,1,3,0,1,47.5,1,3,0,65.3,71.1,-5.88,23.12,0,0,0,14.0,,1,,checked_out,0.517,False
STU_0381,4,5,0,0,0,6,32.0,0,2,0,59.6,68.2,-5.58,20.78,0,0,0,14.0,-0.08,0,3.0,checked_out,0.456,False
STU_0381,5,3,2,0,0,4,50.1,0,0,0,62.8,67.1,-1.26,5.41,0,0,0,14.0,,0,,checked_out,0.419,False
STU_0381,6,5,0,2,0,1,32.1,1,2,0,53.2,64.8,-3.19,15.81,0,0,0,14.0,-0.41,0,3.0,checked_out,0.349,False
STU_0381,7,4,1,0,0,6,31.8,0,0,0,48.1,62.4,-7.36,37.23,0,0,0,14.0,,0,,checked_out,0.252,True
STU_0381,8,5,0,0,0,2,30.0,0,0,0,47.9,60.6,-2.68,6.17,0,0,0,14.0,-0.71,1,2.0,checked_out,0.18,True
STU_0381,9,4,1,2,0,2,23.1,0,1,0,49.7,59.4,0.83,0.69,0,0,0,14.0,,0,,checked_out,0.141,True
STU_0381,10,3,2,0,1,3,27.4,1,1,0,35.4,57.0,-6.25,40.62,0,0,0,14.0,-0.5,1,1.0,checked_out,0.114,True
STU_0381,11,5,0,1,0,3,19.4,0,0,0,31.3,54.6,-9.21,62.37,0,0,0,14.0,,2,,checked_out,0.126,True
STU_0381,12,5,0,0,0,3,25.4,1,1,0,43.8,53.7,4.2,26.91,0,0,0,14.0,-0.77,2,2.0,checked_out,0.087,True
STU_0381,13,4,1,3,0,5,19.7,1,1,0,44.9,53.1,6.78,37.82,0,0,0,14.0,,1,,checked_out,0.073,True
STU_0381,14,5,0,1,0,5,10.0,0,0,0,51.3,52.9,3.78,11.13,0,0,0,14.0,-1.0,1,1.0,checked_out,0.071,True
STU_0381,15,4,1,0,0,5,21.4,0,0,0,32.7,51.6,-6.09,59.64,0,0,0,14.0,,1,,checked_out,0.074,True
STU_0381,16,4,1,1,0,1,38.6,0,1,0,40.1,50.9,-5.61,58.63,0,0,0,14.0,-0.62,0,1.0,checked_out,0.037,True
STU_0382,1,4,1,1,0,3,39.6,0,0,0,70.6,70.6,0.0,0.0,0,0,0,14.0,,0,,checked_out,0.672,False
STU_0382,2,3,2,0,0,5,26.7,1,1,0,72.4,71.5,1.84,0.85,0,0,0,14.0,-0.1,1,3.0,checked_out,0.679,False
STU_0382,3,5,0,0,0,6,62.9,1,1,0,70.4,71.1,-0.11,0.85,0,0,0,14.0,,0,,checked_out,0.628,False
STU_0382,4,4,1,0,1,6,45.7,2,0,0,69.1,70.6,-1.66,1.87,0,0,0,14.0,0.1,0,3.0,checked_out,0.543,False
STU_0382,5,4,1,3,0,4,15.7,0,0,0,71.1,70.7,0.36,0.67,0,0,0,14.0,,1,,checked_out,0.476,False
STU_0382,6,3,2,0,0,2,30.3,1,0,0,58.4,68.7,-5.34,30.89,0,0,0,14.0,0.23,1,2.0,checked_out,0.386,False
STU_0382,7,5,0,0,0,5,28.8,1,0,0,57.8,67.1,-6.63,37.34,0,0,0,14.0,,1,,checked_out,0.294,True
STU_0382,8,4,1,1,0,1,43.3,1,0,0,52.4,65.3,-3.05,7.51,0,0,0,14.0,-0.46,0,1.0,checked_out,0.297,True
STU_0382,9,5,0,3,0,3,43.2,1,0,0,52.7,63.9,-2.6,6.36,0,0,0,14.0,,0,,checked_out,0.268,True
STU_0382,10,3,2,3,1,2,33.0,1,2,0,51.5,62.6,-0.44,0.26,0,0,0,14.0,-0.29,1,2.0,checked_out,0.218,True
STU_0382,11,4,1,1,0,5,24.5,0,0,0,47.7,61.3,-2.46,4.4,0,0,0,14.0,,2,,checked_out,0.189,True
STU_0382,12,4,1,1,0,4,19.5,1,0,0,42.2,59.7,-4.63,14.44,0,0,0,14.0,-0.3,1,2.0,checked_out,0.174,True
STU_0382,13,4,1,0,0,3,22.3,0,0,0,46.0,58.6,-0.88,5.29,0,0,0,14.0,,1,,checked_out,0.187,True
STU_0382,14,5,0,2,0,3,33.1,0,1,0,43.1,57.5,0.44,2.56,0,0,0,14.0,-1.0,2,2.0,checked_out,0.19,True
STU_0382,15,4,1,0,1,5,35.3,0,1,0,43.1,56.6,-1.44,1.84,0,0,0,14.0,,2,,checked_out,0.14,True
STU_0382,16,4,1,1,1,7,22.6,0,0,0,34.6,55.2,-4.24,15.94,0,0,0,14.0,-0.33,0,2.0,checked_out,0.134,True
STU_0383,1,3,2,0,0,4,36.7,2,0,0,80.6,80.6,0.0,0.0,0,0,0,14.0,,0,,checked_out,0.736,False
STU_0383,2,5,0,0,0,3,47.9,0,1,0,85.4,83.0,4.87,5.94,0,0,0,14.0,0.59,0,4.0,checked_out,0.725,False
STU_0383,3,4,1,1,0,3,44.1,1,1,0,75.3,80.4,-2.62,17.05,0,0,0,14.0,,0,,checked_out,0.67,False
STU_0383,4,4,1,3,0,3,63.5,0,0,0,76.2,79.4,-4.6,20.86,0,0,0,14.0,-0.18,0,4.0,checked_out,0.643,False
STU_0383,5,4,1,1,0,5,29.2,1,0,0,67.8,77.1,-3.77,14.33,0,0,0,14.0,,0,,checked_out,0.584,False
STU_0383,6,3,2,0,1,6,28.8,2,1,0,69.0,75.7,-3.58,13.82,0,0,0,14.0,0.01,1,4.0,checked_out,0.544,False
STU_0383,7,5,0,1,0,2,43.3,1,0,0,74.5,75.6,3.38,8.57,0,0,0,14.0,,0,,checked_out,0.503,False
STU_0383,8,3,2,0,1,5,29.2,1,1,0,56.6,73.2,-6.23,56.36,0,0,0,14.0,0.41,0,3.0,checked_out,0.411,False
STU_0383,9,3,2,0,1,7,42.3,1,1,0,56.7,71.4,-8.9,71.01,0,0,0,14.0,,0,,checked_out,0.403,False
STU_0383,10,4,1,0,0,1,38.3,0,1,0,49.5,69.2,-3.57,11.51,0,0,0,14.0,-0.66,0,3.0,checked_out,0.43,False
STU_0383,11,4,1,3,0,4,29.9,0,0,0,49.5,67.4,-3.59,11.6,0,0,0,14.0,,0,,checked_out,0.375,False
STU_0383,12,3,2,1,0,5,17.6,1,0,0,57.2,66.5,3.89,13.29,0,0,0,14.0,-0.23,0,3.0,checked_out,0.332,True
STU_0383,13,5,0,3,0,1,44.8,1,0,0,51.2,65.4,0.84,10.91,0,0,0,14.0,,0,,checked_out,0.292,True
STU_0383,14,3,2,2,0,1,25.5,1,4,0,41.0,63.6,-8.11,44.83,0,0,0,14.0,-0.62,0,3.0,checked_out,0.272,True
STU_0383,15,4,1,0,0,8,28.5,1,0,0,49.6,62.7,-0.81,20.07,0,0,0,14.0,,1,,checked_out,0.251,True
STU_0383,16,4,1,2,0,6,20.8,2,1,0,51.7,62.0,5.36,21.45,0,0,0,14.0,-0.66,0,2.0,checked_out,0.259,True
STU_0384,1,4,1,0,0,8,59.3,0,1,0,78.7,78.7,0.0,0.0,0,0,0,14.0,,1,,checked_out,0.693,False
STU_0384,2,4,1,1,0,6,48.1,0,1,0,79.7,79.2,1.02,0.26,0,0,0,14.0,0.48,0,3.0,checked_out,0.661,False
STU_0384,3,3,2,0,0,4,47.6,1,0,0,70.8,76.4,-3.91,15.64,0,0,0,14.0,,0,,checked_out,0.674,False
STU_0384,4,4,1,1,0,1,50.0,2,0,0,73.4,75.7,-3.12,13.79,0,0,0,14.0,0.37,0,5.0,checked_out,0.618,False
STU_0384,5,3,2,0,0,3,49.3,1,0,0,67.2,74.0,-1.82,6.57,0,0,0,14.0,,0,,checked_out,0.553,False
STU_0384,6,5,0,0,0,5,45.0,1,0,0,57.7,71.3,-7.85,41.66,0,0,0,14.0,-0.44,1,3.0,checked_out,0.515,False
STU_0384,7,4,1,0,0,5,42.5,2,1,0,57.4,69.3,-4.89,20.58,0,0,0,14.0,,0,,checked_out,0.451,False
STU_0384,8,4,1,2,0,3,19.4,1,0,0,52.6,67.2,-2.56,5.48,0,0,0,14.0,-0.05,0,3.0,checked_out,0.374,False
STU_0384,9,3,2,1,0,3,46.3,1,0,0,61.3,66.5,1.94,12.59,0,0,0,14.0,,0,,checked_out,0.416,False
STU_0384,10,4,1,0,0,3,34.8,2,0,0,66.1,66.5,6.75,31.23,0,0,0,14.0,0.23,1,3.0,checked_out,0.397,False
STU_0384,11,4,1,2,0,5,43.2,0,1,0,58.2,65.7,-1.55,10.64,0,0,0,14.0,,0,,checked_out,0.363,True
STU_0384,12,4,1,0,1,3,30.2,1,1,0,59.2,65.2,-3.46,12.43,0,0,0,14.0,-0.34,0,4.0,checked_out,0.395,True
STU_0384,13,5,0,1,0,1,42.4,1,1,0,65.4,65.2,3.59,10.09,0,0,0,14.0,,0,,checked_out,0.38,True
STU_0384,14,5,0,0,0,1,38.3,1,1,0,55.2,64.5,-1.98,17.42,0,0,0,14.0,0.06,0,4.0,checked_out,0.374,True
STU_0384,15,5,0,0,0,1,49.2,0,0,0,51.5,63.6,-6.92,34.26,0,0,0,14.0,,2,,checked_out,0.314,True
STU_0384,16,4,1,1,1,4,38.8,1,0,0,53.8,63.0,-0.73,2.32,0,0,0,14.0,-0.54,2,3.0,checked_out,0.358,True
STU_0385,1,5,0,1,0,6,46.1,1,0,0,87.6,87.6,0.0,0.0,0,0,0,14.0,,0,,checked_out,0.746,False
STU_0385,2,5,0,1,0,3,58.7,1,1,0,70.3,78.9,-17.36,75.31,0,0,0,14.0,0.61,0,3.0,checked_out,0.72,False
STU_0385,3,4,1,2,1,5,52.0,1,3,0,79.2,79.0,-4.22,50.22,0,0,0,14.0,,0,,checked_out,0.725,False
STU_0385,4,4,1,1,0,5,32.7,0,0,0,83.3,80.1,6.52,29.65,0,0,0,14.0,0.87,0,4.0,checked_out,0.702,False
STU_0385,5,4,1,3,0,6,58.6,2,3,0,61.3,76.3,-8.94,91.17,0,0,0,14.0,,0,,checked_out,0.575,False
STU_0385,6,4,1,1,0,2,54.5,1,1,0,72.1,75.6,-5.62,80.67,0,0,0,14.0,0.72,0,2.0,checked_out,0.509,False
STU_0385,7,5,0,3,0,1,35.4,0,1,0,54.8,72.6,-3.25,50.64,0,0,0,14.0,,0,,checked_out,0.482,False
STU_0385,8,3,2,3,0,3,43.0,2,1,0,66.1,71.8,-2.98,51.22,0,0,0,14.0,-0.07,0,3.0,checked_out,0.454,False
STU_0385,9,3,2,2,1,7,44.8,0,1,0,60.7,70.6,2.96,21.3,0,0,0,14.0,,0,,checked_out,0.458,False
STU_0385,10,4,1,0,0,6,24.0,1,0,0,62.5,69.8,-1.82,5.04,0,0,0,14.0,0.06,0,3.0,checked_out,0.504,False
STU_0385,11,5,0,0,0,2,35.3,1,1,0,63.8,69.2,1.53,1.57,0,0,0,14.0,,0,,checked_out,0.474,False
STU_0385,12,4,1,0,0,5,43.5,1,0,0,58.7,68.4,-1.88,4.61,0,0,0,14.0,0.36,0,2.0,checked_out,0.444,False
STU_0385,13,4,1,0,0,5,36.9,1,0,0,57.3,67.5,-3.22,7.66,0,0,0,14.0,,0,,checked_out,0.453,False
STU_0385,14,5,0,1,0,5,32.5,1,1,0,66.1,67.4,3.67,14.62,0,0,0,14.0,0.15,0,3.0,checked_out,0.466,False
STU_0385,15,3,2,0,1,3,32.4,1,1,0,76.3,68.0,9.47,59.95,0,0,0,14.0,,0,,checked_out,0.462,False
STU_0385,16,4,1,0,0,4,29.2,0,0,0,61.7,67.6,-2.17,37.34,0,0,0,14.0,-0.15,0,3.0,checked_out,0.467,False
STU_0386,1,5,0,0,0,3,54.6,0,2,0,78.7,78.7,0.0,0.0,0,0,0,14.0,,0,,checked_out,0.691,False
STU_0386,2,3,2,3,0,5,62.9,1,2,0,71.9,75.3,-6.79,11.54,0,0,0,14.0,0.47,0,4.0,checked_out,0.616,False
STU_0386,3,4,1,1,0,7,54.0,2,0,0,74.9,75.1,-1.89,7.72,0,0,0,14.0,,0,,checked_out,0.622,False
STU_0386,4,3,2,0,0,4,20.2,1,1,0,64.1,72.4,-3.86,20.45,0,0,0,14.0,-0.18,1,3.0,checked_out,0.503,False
STU_0386,5,4,1,0,1,1,14.8,1,2,0,53.4,68.6,-10.75,76.99,0,0,0,14.0,,0,,checked_out,0.404,False
STU_0386,6,3,2,1,1,1,44.0,0,2,0,58.8,67.0,-2.65,19.28,0,0,0,14.0,-0.4,0,4.0,checked_out,0.354,False
STU_0386,7,3,2,2,0,6,49.3,2,0,0,57.2,65.6,1.93,5.24,0,0,0,14.0,,0,,checked_out,0.256,True
STU_0386,8,5,0,0,0,7,15.3,0,0,0,56.1,64.4,-1.39,1.3,0,0,0,14.0,-0.6,2,2.0,checked_out,0.231,True
STU_0386,9,3,2,0,0,1,35.1,2,1,0,55.4,63.4,-0.91,0.57,0,0,0,14.0,,1,,checked_out,0.258,True
STU_0386,10,4,1,1,1,1,30.7,0,0,0,54.6,62.5,-0.71,0.33,0,0,0,14.0,-0.63,1,3.0,checked_out,0.184,True
STU_0386,11,5,0,2,0,5,24.4,1,1,0,49.7,61.3,-2.86,6.43,0,0,0,14.0,,0,,checked_out,0.16,True
STU_0386,12,5,0,1,0,5,27.0,0,0,0,45.9,60.1,-4.36,12.77,0,0,0,14.0,-0.99,2,1.0,checked_out,0.157,True
STU_0386,13,5,0,0,0,8,19.2,0,0,0,30.7,57.8,-9.48,67.09,0,0,0,14.0,,0,,checked_out,0.07,True
STU_0386,14,5,0,2,0,1,10.0,1,1,0,41.4,56.6,-2.24,40.53,0,0,0,14.0,-0.56,1,1.0,checked_out,0.052,True
STU_0386,15,4,1,0,0,7,31.8,1,0,0,35.0,55.2,2.14,19.31,0,0,0,14.0,,0,,checked_out,0.02,True
STU_0386,16,4,1,0,0,3,22.4,1,0,0,50.7,54.9,4.63,41.34,0,0,0,14.0,-0.85,2,1.0,checked_out,0.02,True
STU_0387,1,4,1,0,0,6,42.6,1,0,0,88.4,88.4,0.0,0.0,0,0,0,14.0,,0,,checked_out,0.746,False
STU_0387,2,3,2,0,0,5,37.0,0,1,0,79.1,83.7,-9.27,21.5,0,0,0,14.0,0.93,0,4.0,checked_out,0.693,False
STU_0387,3,5,0,0,0,4,64.4,0,0,0,85.8,84.4,-1.31,15.23,0,0,0,14.0,,0,,checked_out,0.688,False
STU_0387,4,4,1,1,0,2,43.2,1,1,0,73.8,81.8,-2.63,23.75,0,0,0,14.0,0.41,1,3.0,checked_out,0.641,False
STU_0387,5,4,1,1,0,6,59.0,0,0,0,62.1,77.8,-11.83,93.26,0,0,0,14.0,,0,,checked_out,0.571,False
STU_0387,6,3,2,1,0,5,35.2,1,0,0,65.9,75.9,-3.96,23.92,0,0,0,14.0,-0.11,0,3.0,checked_out,0.488,False
STU_0387,7,5,0,1,0,3,43.9,0,1,0,61.4,73.8,-0.33,3.92,0,0,0,14.0,,0,,checked_out,0.409,False
STU_0387,8,4,1,0,0,4,21.2,1,1,0,56.5,71.6,-4.71,14.78,0,0,0,14.0,0.29,0,2.0,checked_out,0.321,False
STU_0387,9,4,1,1,0,6,32.0,1,1,0,56.3,69.9,-2.54,5.56,0,0,0,14.0,,0,,checked_out,0.256,True
STU_0387,10,4,1,2,1,1,25.9,0,0,0,50.1,67.9,-3.21,8.93,0,0,0,14.0,-0.3,1,2.0,checked_out,0.268,True
STU_0387,11,4,1,0,0,5,21.7,1,0,0,40.9,65.5,-7.7,40.0,0,0,0,14.0,,2,,checked_out,0.239,True
STU_0387,12,4,1,1,1,4,37.1,0,0,0,52.5,64.4,1.22,24.86,0,0,0,14.0,-0.62,1,1.0,checked_out,0.217,True
STU_0387,13,4,1,1,0,2,10.0,1,0,0,50.7,63.4,4.86,25.77,0,0,0,14.0,,0,,checked_out,0.182,True
STU_0387,14,3,2,0,1,2,22.6,0,3,0,46.6,62.2,-2.98,6.21,0,0,0,14.0,-0.46,2,1.0,checked_out,0.19,True
STU_0387,15,5,0,3,0,7,37.0,1,2,0,45.5,61.0,-2.6,5.0,0,0,0,14.0,,1,,checked_out,0.157,True
STU_0387,16,3,2,1,1,7,18.3,1,0,0,43.0,59.9,-1.76,2.17,0,0,0,14.0,-0.73,2,2.0,checked_out,0.11,True
STU_0388,1,4,1,1,1,2,62.7,1,0,0,76.5,76.5,0.0,0.0,0,0,0,14.0,,0,,checked_out,0.691,False
STU_0388,2,4,1,1,0,4,34.6,0,0,0,69.0,72.8,-7.48,14.0,0,0,0,14.0,0.89,0,3.0,checked_out,0.648,False
STU_0388,3,5,0,1,0,2,59.7,1,0,0,78.3,74.6,0.92,16.24,0,0,0,14.0,,0,,checked_out,0.675,False
STU_0388,4,4,1,1,0,1,39.5,0,0,0,71.5,73.8,1.22,15.57,0,0,0,14.0,0.07,0,5.0,checked_out,0.553,False
STU_0388,5,3,2,1,0,2,40.9,1,1,0,69.2,72.9,-4.57,15.13,0,0,0,14.0,,0,,checked_out,0.533,False
STU_0388,6,4,1,1,0,4,47.7,0,0,0,52.9,69.6,-9.29,68.52,0,0,0,14.0,-0.1,1,3.0,checked_out,0.447,False
STU_0388,7,4,1,2,0,6,37.8,0,1,0,52.2,67.1,-8.48,61.62,0,0,0,14.0,,0,,checked_out,0.397,False
STU_0388,8,3,2,0,0,4,43.7,1,2,0,52.3,65.3,-0.29,0.09,0,0,0,14.0,-0.36,1,3.0,checked_out,0.325,True
STU_0388,9,4,1,0,0,5,33.1,1,0,0,66.0,65.3,6.9,42.1,0,0,0,14.0,,2,,checked_out,0.305,True
STU_0388,10,4,1,1,0,2,30.2,0,0,0,51.8,64.0,-0.23,43.32,0,0,0,14.0,-0.82,0,2.0,checked_out,0.307,True
STU_0388,11,4,1,3,0,1,27.3,0,1,0,42.6,62.0,-11.72,92.93,0,0,0,14.0,,1,,checked_out,0.258,True
STU_0388,12,5,0,0,0,2,17.7,0,2,0,41.5,60.3,-5.18,21.6,0,0,0,14.0,-1.0,0,2.0,checked_out,0.232,True
STU_0388,13,4,1,0,0,3,40.0,1,0,0,43.8,59.1,0.6,0.89,0,0,0,14.0,,0,,checked_out,0.234,True
STU_0388,14,4,1,0,0,3,40.2,2,1,0,40.2,57.7,-0.66,2.26,0,0,0,14.0,-1.0,0,2.0,checked_out,0.239,True
STU_0388,15,5,0,3,0,2,28.8,0,0,0,55.9,57.6,6.06,45.43,0,0,0,14.0,,0,,checked_out,0.206,True
STU_0388,16,4,1,0,1,5,35.6,0,1,0,41.5,56.6,0.65,51.05,0,0,0,14.0,-0.58,0,2.0,checked_out,0.163,True
STU_0389,1,3,2,2,0,4,42.8,1,1,0,92.9,92.9,0.0,0.0,0,0,0,14.0,,0,,checked_out,0.796,False
STU_0389,2,5,0,0,0,6,49.9,0,1,0,75.7,84.3,-17.22,74.09,0,0,0,14.0,0.4,0,4.0,checked_out,0.762,False
STU_0389,3,3,2,1,0,6,39.5,2,0,0,88.0,85.6,-2.45,52.45,0,0,0,14.0,,0,,checked_out,0.809,False
STU_0389,4,3,2,0,0,1,51.2,0,0,0,83.0,84.9,3.64,25.56,0,0,0,14.0,0.6,0,4.0,checked_out,0.758,False
STU_0389,5,3,2,2,1,2,35.0,2,2,0,71.6,82.3,-8.24,47.52,0,0,0,14.0,,0,,checked_out,0.683,False
STU_0389,6,3,2,0,0,2,43.1,1,0,0,66.7,79.7,-8.17,46.86,0,0,0,14.0,-0.2,0,4.0,checked_out,0.619,False
STU_0389,7,5,0,1,0,3,30.2,0,3,0,66.2,77.7,-2.67,5.85,0,0,0,14.0,,0,,checked_out,0.508,False
STU_0389,8,5,0,2,0,2,39.7,1,2,0,68.4,76.6,0.89,0.92,0,0,0,14.0,-0.24,0,3.0,checked_out,0.463,False
STU_0389,9,5,0,1,0,3,39.0,0,2,0,59.4,74.7,-3.4,14.72,0,0,0,14.0,,0,,checked_out,0.478,False
STU_0389,10,4,1,3,0,4,34.3,2,2,0,58.3,73.0,-5.09,20.68,0,0,0,14.0,-0.18,1,3.0,checked_out,0.479,False
STU_0389,11,4,1,2,0,6,30.1,0,0,0,71.1,72.9,5.85,33.77,0,0,0,14.0,,0,,checked_out,0.425,False
STU_0389,12,5,0,1,0,2,25.2,0,0,0,61.0,71.9,1.35,30.69,0,0,0,14.0,0.03,0,2.0,checked_out,0.427,False
STU_0389,13,5,0,0,0,3,28.0,1,1,0,60.3,71.0,-5.42,24.6,0,0,0,14.0,,0,,checked_out,0.39,False
STU_0389,14,5,0,1,0,4,24.1,1,2,0,52.6,69.7,-4.16,14.23,0,0,0,14.0,-0.35,0,3.0,checked_out,0.35,True
STU_0389,15,4,1,1,0,5,18.8,2,0,0,58.1,68.9,-1.08,10.36,0,0,0,14.0,,2,,checked_out,0.311,True
STU_0389,16,4,1,0,0,3,17.8,1,0,0,47.1,67.5,-2.8,20.44,0,0,0,14.0,-0.59,0,3.0,checked_out,0.268,True
STU_0390,1,4,1,3,0,4,44.1,1,0,0,75.9,75.9,0.0,0.0,0,0,0,14.0,,0,,checked_out,0.759,False
STU_0390,2,3,2,0,0,5,56.0,1,0,0,83.7,79.8,7.83,15.34,0,0,0,14.0,1.0,0,5.0,checked_out,0.748,False
STU_0390,3,5,0,0,0,5,38.2,1,1,0,69.9,76.5,-2.96,31.75,0,0,0,14.0,,0,,checked_out,0.671,False
STU_0390,4,4,1,1,0,1,46.1,0,0,0,76.3,76.4,-3.69,31.6,0,0,0,14.0,0.38,0,4.0,checked_out,0.56,False
STU_0390,5,3,2,1,1,1,51.8,0,0,0,63.7,73.9,-3.14,26.71,0,0,0,14.0,,0,,checked_out,0.501,False
STU_0390,6,5,0,1,0,6,45.7,1,2,0,53.7,70.5,-11.28,85.28,0,0,0,14.0,-0.34,1,2.0,checked_out,0.459,False
STU_0390,7,4,1,3,0,4,47.1,0,1,0,48.5,67.4,-7.57,39.38,0,0,0,14.0,,1,,checked_out,0.383,False
STU_0390,8,3,2,3,1,6,26.2,0,0,0,39.9,63.9,-6.95,32.84,0,0,0,14.0,-0.52,0,3.0,checked_out,0.367,True
STU_0390,9,5,0,0,0,6,20.2,0,1,0,61.6,63.7,6.54,79.87,0,0,0,14.0,,1,,checked_out,0.339,True
STU_0390,10,4,1,1,0,2,32.8,1,0,0,56.7,63.0,8.4,86.61,0,0,0,14.0,-0.97,1,3.0,checked_out,0.308,True
STU_0390,11,4,1,1,0,6,45.7,1,0,0,52.1,62.0,-4.77,15.16,0,0,0,14.0,,0,,checked_out,0.326,True
STU_0390,12,5,0,1,0,4,34.5,2,3,0,59.8,61.8,1.57,10.08,0,0,0,14.0,-0.45,1,2.0,checked_out,0.328,True
STU_0390,13,5,0,2,0,5,30.7,0,2,0,58.6,61.6,3.27,11.54,0,0,0,14.0,,2,,checked_out,0.298,True
STU_0390,14,5,0,0,0,2,21.2,0,0,0,41.3,60.1,-9.26,71.61,0,0,0,14.0,-0.86,0,1.0,checked_out,0.286,True
STU_0390,15,3,2,1,0,1,16.7,1,3,0,62.3,60.3,1.85,83.96,0,0,0,14.0,,0,,checked_out,0.314,True
STU_0390,16,5,0,1,0,2,33.4,1,1,0,45.1,59.3,1.91,83.59,0,0,0,14.0,-0.43,0,2.0,checked_out,0.281,True
STU_0391,1,5,0,3,0,4,30.1,1,0,0,84.7,84.7,0.0,0.0,0,0,0,14.0,,0,,checked_out,0.718,False
STU_0391,2,3,2,0,1,6,44.0,0,1,0,70.2,77.5,-14.5,52.56,0,0,0,14.0,0.54,0,4.0,checked_out,0.712,False
STU_0391,3,4,1,0,0,7,62.2,2,0,0,65.8,73.6,-9.45,65.15,0,0,0,14.0,,0,,checked_out,0.701,False
STU_0391,4,4,1,3,0,3,37.2,0,0,0,80.6,75.3,5.2,38.45,0,0,0,14.0,0.33,0,4.0,checked_out,0.628,False
STU_0391,5,3,2,0,0,4,46.0,1,1,0,73.3,74.9,3.75,36.45,0,0,0,14.0,,0,,checked_out,0.6,False
STU_0391,6,5,0,0,0,2,47.4,0,0,0,79.5,75.7,-0.57,10.25,0,0,0,14.0,0.47,0,3.0,checked_out,0.526,False
STU_0391,7,3,2,0,0,3,33.3,0,0,0,62.9,73.9,-5.21,46.83,0,0,0,14.0,,1,,checked_out,0.466,False
STU_0391,8,3,2,0,0,2,43.8,2,1,0,55.3,71.5,-12.1,102.11,0,0,0,14.0,0.3,0,2.0,checked_out,0.399,False
STU_0391,9,5,0,0,0,2,21.6,0,1,0,58.6,70.1,-2.17,9.76,0,0,0,14.0,,1,,checked_out,0.357,True
STU_0391,10,4,1,1,0,1,36.4,1,0,0,63.4,69.4,4.08,11.25,0,0,0,14.0,-0.17,0,4.0,checked_out,0.351,True
STU_0391,11,5,0,1,0,4,35.4,0,1,0,57.5,68.3,-0.55,6.76,0,0,0,14.0,,1,,checked_out,0.305,True
STU_0391,12,4,1,0,0,5,37.0,1,0,0,50.9,66.9,-6.28,26.35,0,0,0,14.0,-0.07,1,3.0,checked_out,0.265,True
STU_0391,13,5,0,0,0,4,19.3,1,0,0,34.5,64.4,-11.47,93.0,0,0,0,14.0,,1,,checked_out,0.21,True
STU_0391,14,5,0,1,0,4,16.8,1,0,0,42.1,62.8,-4.4,44.65,0,0,0,14.0,-0.85,1,3.0,checked_out,0.192,True
STU_0391,15,4,1,1,0,6,23.3,0,1,0,54.7,62.3,10.08,69.11,0,0,0,14.0,,1,,checked_out,0.172,True
STU_0391,16,5,0,0,0,3,28.3,0,2,0,46.6,61.3,2.24,27.19,0,0,0,14.0,-1.0,2,2.0,checked_out,0.167,True
STU_0392,1,4,1,0,1,2,49.5,1,1,0,84.9,84.9,0.0,0.0,0,0,0,14.0,,0,,checked_out,0.704,False
STU_0392,2,5,0,1,0,6,39.6,1,0,0,76.6,80.7,-8.28,17.12,0,0,0,14.0,0.54,0,5.0,checked_out,0.713,False
STU_0392,3,5,0,2,0,3,44.8,0,1,0,73.0,78.2,-5.92,24.58,0,0,0,14.0,,0,,checked_out,0.698,False
STU_0392,4,4,1,0,0,1,30.0,2,3,0,70.0,76.1,-3.27,7.16,0,0,0,14.0,0.15,0,4.0,checked_out,0.613,False
STU_0392,5,5,0,0,0,5,29.0,1,0,0,52.3,71.4,-10.38,83.97,0,0,0,14.0,,0,,checked_out,0.567,False
STU_0392,6,4,1,2,0,6,30.2,2,1,0,66.1,70.5,-1.95,58.18,0,0,0,14.0,0.09,0,4.0,checked_out,0.525,False
STU_0392,7,5,0,1,0,1,38.6,0,0,0,63.4,69.5,5.56,35.96,0,0,0,14.0,,0,,checked_out,0.452,False
STU_0392,8,5,0,2,0,4,29.3,1,0,0,52.1,67.3,-7.0,36.72,0,0,0,14.0,0.15,0,2.0,checked_out,0.367,False
STU_0392,9,5,0,1,0,4,25.3,1,1,0,54.8,65.9,-4.31,23.1,0,0,0,14.0,,0,,checked_out,0.288,True
STU_0392,10,4,1,0,0,2,46.1,0,0,0,39.8,63.3,-6.14,42.3,0,0,0,14.0,-0.18,1,3.0,checked_out,0.239,True
STU_0392,11,5,0,1,0,1,15.7,2,1,0,39.4,61.1,-7.69,51.05,0,0,0,14.0,,0,,checked_out,0.235,True
STU_0392,12,3,2,3,1,7,37.2,0,0,0,57.2,60.8,8.69,68.88,0,0,0,14.0,-0.48,1,1.0,checked_out,0.271,True
STU_0392,13,3,2,0,0,1,35.5,2,0,0,61.8,60.9,11.23,93.77,0,0,0,14.0,,1,,checked_out,0.278,True
STU_0392,14,5,0,1,0,7,31.0,1,1,0,49.0,60.0,-4.08,28.01,0,0,0,14.0,-0.47,0,1.0,checked_out,0.254,True
STU_0392,15,5,0,0,0,5,35.8,1,1,0,41.0,58.8,-10.45,74.0,0,0,0,14.0,,1,,checked_out,0.268,True
STU_0392,16,5,0,1,0,3,46.1,1,2,0,42.6,57.8,-3.22,12.19,0,0,0,14.0,-0.43,0,3.0,checked_out,0.299,True
STU_0393,1,3,2,0,0,2,40.1,0,1,0,75.3,75.3,0.0,0.0,0,0,0,14.0,,0,,checked_out,0.762,False
STU_0393,2,5,0,0,0,3,59.1,1,0,0,81.8,78.5,6.58,10.81,0,0,0,14.0,0.39,0,3.0,checked_out,0.721,False
STU_0393,3,5,0,0,0,2,31.8,0,0,0,78.6,78.6,1.67,7.21,0,0,0,14.0,,0,,checked_out,0.725,False
STU_0393,4,5,0,0,0,5,10.0,1,1,0,74.7,77.6,-3.58,8.56,0,0,0,14.0,1.0,0,3.0,checked_out,0.597,False
STU_0393,5,5,0,2,0,3,20.9,1,1,0,65.8,75.2,-6.39,28.57,0,0,0,14.0,,0,,checked_out,0.523,False
STU_0393,6,4,1,2,0,3,17.7,2,2,0,52.3,71.4,-11.17,84.37,0,0,0,14.0,0.23,0,4.0,checked_out,0.427,False
STU_0393,7,5,0,0,0,2,23.6,0,1,0,59.2,69.7,-3.3,30.3,0,0,0,14.0,,0,,checked_out,0.412,False
STU_0393,8,5,0,2,0,1,29.6,1,0,0,41.8,66.2,-5.29,51.61,0,0,0,14.0,-0.08,0,3.0,checked_out,0.345,False
STU_0393,9,4,1,0,0,7,25.7,1,1,0,52.5,64.7,-3.37,51.73,0,0,0,14.0,,0,,checked_out,0.307,True
STU_0393,10,5,0,2,0,5,38.3,0,0,0,65.7,64.8,11.96,95.74,0,0,0,14.0,-0.51,2,3.0,checked_out,0.288,True
STU_0393,11,5,0,2,0,7,34.3,1,2,0,52.1,63.6,-0.22,40.03,0,0,0,14.0,,0,,checked_out,0.261,True
STU_0393,12,5,0,0,0,5,45.5,1,0,0,51.5,62.6,-7.11,43.17,0,0,0,14.0,-0.14,1,2.0,checked_out,0.239,True
STU_0393,13,5,0,0,0,6,43.7,0,0,0,49.6,61.6,-1.21,1.06,0,0,0,14.0,,1,,checked_out,0.227,True
STU_0393,14,4,1,0,0,5,26.2,0,3,0,44.8,60.4,-3.31,7.78,0,0,0,14.0,-0.15,2,3.0,checked_out,0.167,True
STU_0393,15,4,1,1,0,1,31.2,0,0,0,48.4,59.6,-0.6,4.14,0,0,0,14.0,,0,,checked_out,0.141,True
STU_0393,16,4,1,1,0,8,25.2,1,0,0,29.3,57.7,-7.79,69.26,0,0,0,14.0,-1.0,1,1.0,checked_out,0.098,True
STU_0394,1,4,1,1,0,6,45.2,1,0,0,70.5,70.5,0.0,0.0,0,0,0,14.0,,1,,checked_out,0.696,False
STU_0394,2,4,1,0,0,4,48.4,0,1,0,66.5,68.5,-3.96,3.93,0,0,0,14.0,0.32,0,4.0,checked_out,0.638,False
STU_0394,3,4,1,0,0,4,54.3,2,0,0,79.0,72.0,4.27,27.23,0,0,0,14.0,,0,,checked_out,0.559,False
STU_0394,4,5,0,0,0,5,23.7,0,0,0,58.5,68.6,-4.0,71.18,0,0,0,14.0,0.15,0,3.0,checked_out,0.51,False
STU_0394,5,4,1,1,1,2,48.5,1,0,0,59.9,66.9,-9.54,87.39,0,0,0,14.0,,0,,checked_out,0.459,False
STU_0394,6,5,0,1,0,5,32.7,1,0,0,61.3,66.0,1.37,1.25,0,0,0,14.0,-0.21,0,2.0,checked_out,0.375,False
STU_0394,7,5,0,1,0,2,18.3,1,1,0,55.3,64.4,-2.34,6.63,0,0,0,14.0,,0,,checked_out,0.309,True
STU_0394,8,4,1,0,0,2,34.1,1,0,0,42.5,61.7,-9.38,61.14,0,0,0,14.0,-0.59,1,3.0,checked_out,0.261,True
STU_0394,9,4,1,2,0,1,32.7,1,1,0,55.0,61.0,-0.13,35.43,0,0,0,14.0,,1,,checked_out,0.264,True
STU_0394,10,5,0,3,0,4,29.1,0,0,0,47.9,59.7,2.71,26.19,0,0,0,14.0,-0.56,0,2.0,checked_out,0.237,True
STU_0394,11,4,1,2,0,6,22.1,1,0,0,40.9,57.9,-7.07,33.34,0,0,0,14.0,,1,,checked_out,0.182,True
STU_0394,12,4,1,1,1,6,16.4,2,1,0,41.1,56.5,-3.42,10.74,0,0,0,14.0,-0.74,1,1.0,checked_out,0.192,True
STU_0394,13,4,1,2,0,3,33.0,1,0,0,40.8,55.3,-0.05,0.02,0,0,0,14.0,,0,,checked_out,0.139,True
STU_0394,14,5,0,1,0,3,20.2,0,1,0,53.4,55.2,6.14,34.46,0,0,0,14.0,-0.59,2,1.0,checked_out,0.09,True
STU_0394,15,4,1,2,0,2,21.9,0,2,0,48.8,54.8,4.0,27.18,0,0,0,14.0,,1,,checked_out,0.126,True
STU_0394,16,5,0,1,0,2,21.1,0,1,0,41.1,53.9,-6.15,25.7,0,0,0,14.0,-1.0,2,1.0,checked_out,0.128,True
STU_0395,1,5,0,0,0,3,38.6,0,0,0,74.7,74.7,0.0,0.0,0,0,0,14.0,,0,,checked_out,0.687,False
STU_0395,2,3,2,3,0,6,47.2,1,0,0,71.4,73.0,-3.34,2.78,0,0,0,14.0,0.56,0,2.0,checked_out,0.658,False
STU_0395,3,5,0,1,0,2,39.8,2,2,0,69.7,71.9,-2.49,4.28,0,0,0,14.0,,0,,checked_out,0.633,False
STU_0395,4,3,2,0,0,1,54.2,2,0,0,69.7,71.4,-0.86,0.63,0,0,0,14.0,0.32,0,3.0,checked_out,0.534,False
STU_0395,5,4,1,1,0,2,29.1,1,1,0,59.1,68.9,-5.33,25.04,0,0,0,14.0,,0,,checked_out,0.497,False
STU_0395,6,4,1,0,0,2,43.6,0,0,0,60.2,67.5,-4.72,22.46,0,0,0,14.0,0.56,1,3.0,checked_out,0.473,False
STU_0395,7,4,1,1,0,2,34.0,1,0,0,63.6,66.9,2.23,3.6,0,0,0,14.0,,0,,checked_out,0.405,False
STU_0395,8,4,1,1,0,3,35.0,1,2,0,43.3,64.0,-8.47,78.9,0,0,0,14.0,0.04,0,3.0,checked_out,0.33,False
STU_0395,9,4,1,1,0,3,47.2,1,0,0,51.2,62.5,-6.18,69.71,0,0,0,14.0,,0,,checked_out,0.306,True
STU_0395,10,4,1,2,1,5,27.0,0,0,0,61.4,62.4,9.08,55.25,0,0,0,14.0,-0.09,0,2.0,checked_out,0.26,True
STU_0395,11,4,1,1,0,2,44.9,0,2,0,53.2,61.6,0.99,19.67,0,0,0,14.0,,0,,checked_out,0.229,True
STU_0395,12,5,0,0,0,3,61.7,2,0,0,44.6,60.2,-8.4,47.09,0,0,0,14.0,-0.98,1,2.0,checked_out,0.22,True
STU_0395,13,4,1,0,0,3,20.0,0,1,0,45.8,59.1,-3.69,14.32,0,0,0,14.0,,0,,checked_out,0.202,True
STU_0395,14,5,0,0,0,3,31.6,0,0,0,41.6,57.8,-1.5,3.1,0,0,0,14.0,-0.52,1,2.0,checked_out,0.185,True
STU_0395,15,4,1,1,0,3,25.6,2,0,0,53.7,57.5,3.93,24.95,0,0,0,14.0,,1,,checked_out,0.133,True
STU_0395,16,5,0,1,0,1,30.0,1,0,0,42.1,56.6,0.26,30.93,0,0,0,14.0,-1.0,2,2.0,checked_out,0.081,True
STU_0396,1,4,1,2,1,1,69.7,2,2,0,72.8,72.8,0.0,0.0,0,0,0,14.0,,0,,checked_out,0.778,False
STU_0396,2,4,1,2,1,3,43.8,2,2,0,77.6,75.2,4.77,5.7,0,0,0,14.0,0.77,0,4.0,checked_out,0.693,False
STU_0396,3,5,0,0,0,1,72.8,1,0,0,67.6,72.6,-2.62,16.7,0,0,0,14.0,,0,,checked_out,0.654,False
STU_0396,4,4,1,0,0,2,39.7,0,0,0,72.1,72.5,-2.75,16.74,0,0,0,14.0,0.82,1,4.0,checked_out,0.589,False
STU_0396,5,5,0,1,0,8,61.0,1,2,0,70.3,72.0,1.37,3.44,0,0,0,14.0,,1,,checked_out,0.582,False
STU_0396,6,4,1,1,1,6,46.9,0,1,0,67.9,71.4,-2.07,2.87,0,0,0,14.0,0.28,0,3.0,checked_out,0.499,False
STU_0396,7,4,1,3,0,3,21.1,2,1,0,60.3,69.8,-5.01,18.23,0,0,0,14.0,,0,,checked_out,0.479,False
STU_0396,8,4,1,2,1,3,37.9,1,0,0,62.3,68.8,-2.82,10.45,0,0,0,14.0,-0.27,1,4.0,checked_out,0.411,False
STU_0396,9,3,2,1,0,5,51.0,0,0,0,59.7,67.8,-0.29,1.22,0,0,0,14.0,,1,,checked_out,0.414,False
STU_0396,10,3,2,1,0,5,47.8,0,1,0,57.8,66.8,-2.25,3.4,0,0,0,14.0,-0.61,0,2.0,checked_out,0.414,False
STU_0396,11,4,1,3,0,7,44.2,1,1,0,64.9,66.6,2.58,8.96,0,0,0,14.0,,0,,checked_out,0.412,False
STU_0396,12,3,2,3,0,7,54.9,0,0,0,57.9,65.9,0.04,11.03,0,0,0,14.0,-0.11,0,3.0,checked_out,0.453,False
STU_0396,13,5,0,2,0,4,47.9,0,1,0,76.2,66.7,5.68,57.26,0,0,0,14.0,,0,,checked_out,0.431,False
STU_0396,14,4,1,2,0,3,61.9,0,2,0,52.8,65.7,-2.55,101.59,0,0,0,14.0,-0.09,0,3.0,checked_out,0.406,False
STU_0396,15,4,1,1,0,5,52.2,1,1,0,59.6,65.3,-8.31,97.12,0,0,0,14.0,,0,,checked_out,0.342,False
STU_0396,16,4,1,1,0,2,40.6,1,0,0,60.5,65.0,3.85,11.9,0,0,0,14.0,-0.28,0,2.0,checked_out,0.333,True
STU_0397,1,4,1,1,1,3,65.7,0,2,0,84.2,84.2,0.0,0.0,0,0,0,14.0,,0,,checked_out,0.809,False
STU_0397,2,4,1,1,0,5,57.3,0,1,0,91.0,87.6,6.76,11.42,0,0,0,14.0,0.32,0,4.0,checked_out,0.813,False
STU_0397,3,4,1,0,1,6,40.5,1,1,0,85.1,86.8,0.45,8.98,0,0,0,14.0,,0,,checked_out,0.812,False
STU_0397,4,4,1,0,0,2,51.1,1,0,0,81.9,85.5,-4.52,14.0,0,0,0,14.0,1.0,0,3.0,checked_out,0.766,False
STU_0397,5,5,0,2,0,5,56.8,0,0,0,78.8,84.2,-3.15,6.61,0,0,0,14.0,,0,,checked_out,0.698,False
STU_0397,6,5,0,0,0,4,47.0,1,0,0,74.6,82.6,-3.65,8.96,0,0,0,14.0,0.24,0,4.0,checked_out,0.625,False
STU_0397,7,4,1,1,0,3,43.9,1,1,0,64.5,80.0,-7.13,35.87,0,0,0,14.0,,0,,checked_out,0.535,False
STU_0397,8,3,2,2,0,3,38.8,0,1,0,56.2,77.0,-9.21,56.74,0,0,0,14.0,0.17,1,4.0,checked_out,0.47,False
STU_0397,9,4,1,1,0,1,46.5,1,0,0,56.4,74.7,-4.06,15.05,0,0,0,14.0,,0,,checked_out,0.466,False
STU_0397,10,4,1,1,0,5,58.2,1,0,0,56.4,72.9,0.09,0.01,0,0,0,14.0,-1.0,0,2.0,checked_out,0.519,False
STU_0397,11,4,1,3,1,1,30.7,0,4,0,59.1,71.7,1.33,1.58,0,0,0,14.0,,0,,checked_out,0.557,False
STU_0397,12,3,2,0,0,2,31.3,1,1,0,68.7,71.4,6.15,27.86,0,0,0,14.0,0.0,0,2.0,checked_out,0.551,False
STU_0397,13,4,1,2,0,7,44.2,1,1,0,67.1,71.1,4.01,17.67,0,0,0,14.0,,0,,checked_out,0.573,False
STU_0397,14,5,0,0,0,3,37.0,1,0,0,66.2,70.7,-1.24,1.06,0,0,0,14.0,0.27,0,4.0,checked_out,0.582,False
STU_0397,15,5,0,2,0,2,45.6,0,0,0,50.9,69.4,-8.08,54.97,0,0,0,14.0,,0,,checked_out,0.569,False
STU_0397,16,4,1,0,0,3,28.9,1,1,0,61.2,68.9,-2.5,40.37,0,0,0,14.0,0.12,0,2.0,checked_out,0.58,False
STU_0398,1,4,1,0,0,3,44.4,1,1,0,80.3,80.3,0.0,0.0,0,0,0,14.0,,0,,checked_out,0.734,False
STU_0398,2,4,1,1,1,4,58.8,1,0,0,73.7,77.0,-6.62,10.96,0,0,0,14.0,0.75,0,4.0,checked_out,0.692,False
STU_0398,3,5,0,0,0,6,47.3,0,0,0,79.1,77.7,-0.62,8.26,0,0,0,14.0,,0,,checked_out,0.705,False
STU_0398,4,3,2,1,0,6,35.0,1,0,0,75.0,77.0,0.65,5.27,0,0,0,14.0,-0.15,0,5.0,checked_out,0.629,False
STU_0398,5,4,1,2,0,7,64.0,0,1,0,66.9,75.0,-6.09,25.62,0,0,0,14.0,,0,,checked_out,0.562,False
STU_0398,6,4,1,2,0,4,32.9,1,1,0,64.2,73.2,-5.38,20.95,0,0,0,14.0,0.26,0,3.0,checked_out,0.481,False
STU_0398,7,5,0,2,0,7,47.9,1,1,0,56.6,70.8,-5.15,19.05,0,0,0,14.0,,1,,checked_out,0.44,False
STU_0398,8,4,1,1,0,2,31.3,1,0,0,47.9,68.0,-8.17,44.58,0,0,0,14.0,-0.22,0,3.0,checked_out,0.379,False
STU_0398,9,3,2,2,0,1,28.9,0,2,0,46.6,65.6,-5.02,19.83,0,0,0,14.0,,0,,checked_out,0.364,True
STU_0398,10,5,0,2,0,6,34.7,1,1,0,49.8,64.0,0.93,1.72,0,0,0,14.0,-0.79,0,2.0,checked_out,0.351,True
STU_0398,11,5,0,0,0,1,36.4,1,0,0,60.3,63.7,6.87,34.44,0,0,0,14.0,,0,,checked_out,0.363,True
STU_0398,12,4,1,3,0,4,29.4,1,0,0,61.4,63.5,5.84,27.62,0,0,0,14.0,-0.98,0,3.0,checked_out,0.356,True
STU_0398,13,4,1,1,0,7,21.2,2,0,0,53.0,62.7,-3.66,14.03,0,0,0,14.0,,1,,checked_out,0.327,True
STU_0398,14,3,2,0,0,4,48.0,2,0,0,56.6,62.2,-2.43,11.99,0,0,0,14.0,0.06,1,3.0,checked_out,0.294,True
STU_0398,15,5,0,0,0,6,30.5,0,0,0,56.0,61.8,1.5,2.48,0,0,0,14.0,,2,,checked_out,0.281,True
STU_0398,16,5,0,2,0,1,16.3,2,0,0,55.9,61.5,-0.31,0.08,0,0,0,14.0,-0.88,1,1.0,checked_out,0.268,True
STU_0399,1,4,1,0,0,3,40.4,0,1,0,65.9,65.9,0.0,0.0,0,0,0,14.0,,0,,checked_out,0.763,False
STU_0399,2,3,2,1,0,1,59.2,1,0,0,82.0,74.0,16.06,64.46,0,0,0,14.0,1.0,0,5.0,checked_out,0.747,False
STU_0399,3,5,0,1,0,5,37.2,1,0,0,69.4,72.4,1.75,47.51,0,0,0,14.0,,0,,checked_out,0.649,False
STU_0399,4,5,0,1,0,5,44.1,0,0,0,67.5,71.2,-7.25,41.29,0,0,0,14.0,0.55,0,3.0,checked_out,0.594,False
STU_0399,5,4,1,2,0,3,14.3,1,1,0,65.9,70.1,-1.76,2.07,0,0,0,14.0,,0,,checked_out,0.5,False
STU_0399,6,4,1,0,0,3,26.2,0,0,0,65.2,69.3,-1.12,0.88,0,0,0,14.0,-0.07,0,3.0,checked_out,0.44,False
STU_0399,7,5,0,1,0,3,24.7,1,0,0,51.8,66.8,-7.06,42.26,0,0,0,14.0,,0,,checked_out,0.387,False
STU_0399,8,3,2,2,0,2,32.4,1,0,0,58.7,65.8,-3.25,30.12,0,0,0,14.0,-0.56,0,1.0,checked_out,0.339,True
STU_0399,9,4,1,1,0,2,28.6,1,2,0,51.0,64.2,-0.4,12.1,0,0,0,14.0,,0,,checked_out,0.288,True
STU_0399,10,3,2,1,0,4,27.0,1,2,0,56.8,63.4,-0.97,10.83,0,0,0,14.0,-0.39,1,2.0,checked_out,0.273,True
STU_0399,11,4,1,2,0,4,24.6,1,1,0,53.8,62.6,1.41,5.63,0,0,0,14.0,,0,,checked_out,0.206,True
STU_0399,12,5,0,2,0,1,24.4,0,0,0,45.7,61.2,-5.57,22.13,0,0,0,14.0,-0.38,1,1.0,checked_out,0.228,True
STU_0399,13,4,1,1,1,2,21.6,0,1,0,55.4,60.7,0.79,18.17,0,0,0,14.0,,0,,checked_out,0.274,True
STU_0399,14,3,2,1,0,1,26.2,0,0,0,49.1,59.9,1.7,16.26,0,0,0,14.0,-0.78,2,4.0,checked_out,0.285,True
STU_0399,15,5,0,1,0,3,33.4,1,0,0,59.1,59.8,1.85,17.14,0,0,0,14.0,,1,,checked_out,0.266,True
STU_0399,16,5,0,1,0,1,27.7,1,0,0,42.4,58.7,-3.35,47.21,0,0,0,14.0,-0.56,2,2.0,checked_out,0.205,True
STU_0400,1,4,1,0,0,5,50.0,0,0,0,76.7,76.7,0.0,0.0,0,0,0,14.0,,0,,checked_out,0.775,False
STU_0400,2,4,1,0,0,1,41.0,0,0,0,82.9,79.8,6.2,9.6,0,0,0,14.0,-0.05,0,5.0,checked_out,0.72,False
STU_0400,3,4,1,0,0,4,50.0,2,0,0,81.9,80.5,2.6,7.37,0,0,0,14.0,,0,,checked_out,0.724,False
STU_0400,4,5,0,0,0,1,41.4,0,0,0,73.7,78.8,-4.57,16.78,0,0,0,14.0,-0.03,0,3.0,checked_out,0.663,False
STU_0400,5,4,1,0,0,4,38.8,0,1,0,67.9,76.6,-7.0,32.94,0,0,0,14.0,,0,,checked_out,0.624,False
STU_0400,6,4,1,1,0,4,54.3,2,1,0,65.0,74.7,-4.37,13.23,0,0,0,14.0,0.47,1,2.0,checked_out,0.533,False
STU_0400,7,4,1,1,1,2,30.4,1,1,0,50.9,71.3,-8.51,55.25,0,0,0,14.0,,0,,checked_out,0.446,False
STU_0400,8,4,1,0,0,3,51.2,1,0,0,62.6,70.2,-1.21,38.05,0,0,0,14.0,-0.73,0,3.0,checked_out,0.374,False
STU_0400,9,4,1,2,0,4,12.3,0,2,0,56.9,68.7,2.99,22.86,0,0,0,14.0,,0,,checked_out,0.355,True
STU_0400,10,3,2,1,0,2,10.0,0,0,0,56.2,67.5,-3.18,8.16,0,0,0,14.0,-0.66,0,3.0,checked_out,0.341,True
STU_0400,11,5,0,1,0,6,29.3,1,0,0,59.8,66.8,1.44,2.34,0,0,0,14.0,,0,,checked_out,0.346,True
STU_0400,12,3,2,0,1,6,34.5,1,0,0,53.4,65.7,-1.42,6.76,0,0,0,14.0,0.01,1,2.0,checked_out,0.33,True
STU_0400,13,3,2,3,0,1,31.6,2,0,0,63.5,65.5,1.89,17.53,0,0,0,14.0,,1,,checked_out,0.348,True
STU_0400,14,4,1,2,0,8,26.6,1,0,0,44.1,64.0,-4.63,62.85,0,0,0,14.0,-0.27,0,3.0,checked_out,0.307,True
STU_0400,15,5,0,0,0,3,37.3,0,1,0,59.0,63.6,-2.28,68.71,0,0,0,14.0,,0,,checked_out,0.281,True
STU_0400,16,3,2,0,0,5,38.1,0,0,0,43.6,62.4,-0.28,50.98,0,0,0,14.0,-0.9,1,1.0,checked_out,0.285,True
STU_0401,1,5,0,2,0,6,57.8,1,0,0,84.6,84.6,0.0,0.0,0,0,0,14.0,,0,,checked_out,0.722,False
STU_0401,2,4,1,1,1,4,48.7,1,0,0,75.3,79.9,-9.3,21.63,0,0,0,14.0,0.44,0,5.0,checked_out,0.697,False
STU_0401,3,3,2,1,0,5,43.9,0,1,0,75.2,78.4,-4.67,19.29,0,0,0,14.0,,0,,checked_out,0.651,False
STU_0401,4,5,0,3,0,3,51.0,2,0,0,75.0,77.5,-0.13,0.01,0,0,0,14.0,0.66,0,2.0,checked_out,0.586,False
STU_0401,5,5,0,1,0,3,45.5,0,1,0,53.4,72.7,-10.91,104.62,0,0,0,14.0,,0,,checked_out,0.53,False
STU_0401,6,5,0,0,0,4,50.9,2,1,0,66.8,71.7,-4.12,79.08,0,0,0,14.0,-0.95,0,2.0,checked_out,0.506,False
STU_0401,7,4,1,2,0,2,23.1,1,0,0,67.4,71.1,7.0,41.61,0,0,0,14.0,,0,,checked_out,0.43,False
STU_0401,8,3,2,1,1,5,51.8,0,3,0,55.7,69.2,-5.52,28.75,0,0,0,14.0,-0.86,0,2.0,checked_out,0.366,False
STU_0401,9,4,1,0,0,2,26.6,0,0,0,54.7,67.6,-6.35,33.18,0,0,0,14.0,,0,,checked_out,0.416,False
STU_0401,10,4,1,2,0,5,38.0,1,2,0,46.6,65.5,-4.55,16.58,0,0,0,14.0,0.12,1,2.0,checked_out,0.383,False
STU_0401,11,4,1,0,0,6,22.2,1,1,0,60.7,65.0,2.98,33.16,0,0,0,14.0,,0,,checked_out,0.369,True
STU_0401,12,3,2,0,0,1,48.0,1,0,0,60.1,64.6,6.7,41.97,0,0,0,14.0,0.05,0,1.0,checked_out,0.42,False
STU_0401,13,5,0,2,0,5,19.5,1,0,0,68.2,64.9,3.77,13.82,0,0,0,14.0,,0,,checked_out,0.407,False
STU_0401,14,3,2,1,0,4,39.3,1,1,0,63.4,64.8,1.69,11.29,0,0,0,14.0,-0.19,0,3.0,checked_out,0.475,False
STU_0401,15,4,1,0,0,2,47.2,0,0,0,58.8,64.4,-4.71,14.78,0,0,0,14.0,,0,,checked_out,0.375,False
STU_0401,16,5,0,0,0,1,43.9,1,2,0,61.4,64.2,-1.01,3.56,0,0,0,14.0,0.61,0,3.0,checked_out,0.377,True
STU_0402,1,5,0,2,0,6,65.2,1,2,0,72.6,72.6,0.0,0.0,0,0,0,14.0,,0,,checked_out,0.668,False
STU_0402,2,3,2,0,1,4,52.2,0,0,0,79.8,76.2,7.2,12.97,0,0,0,14.0,0.59,1,3.0,checked_out,0.661,False
STU_0402,3,5,0,1,0,4,37.1,1,3,0,72.8,75.0,0.12,11.17,0,0,0,14.0,,0,,checked_out,0.609,False
STU_0402,4,3,2,0,0,8,31.6,0,0,0,70.6,73.9,-4.58,15.25,0,0,0,14.0,0.23,0,2.0,checked_out,0.556,False
STU_0402,5,4,1,1,0,1,48.9,1,3,0,64.9,72.1,-3.93,10.95,0,0,0,14.0,,1,,checked_out,0.501,False
STU_0402,6,4,1,0,0,7,39.4,0,0,0,70.7,71.9,0.03,7.21,0,0,0,14.0,-0.49,0,3.0,checked_out,0.461,False
STU_0402,7,3,2,1,0,4,35.9,0,0,0,54.3,69.4,-5.34,46.18,0,0,0,14.0,,0,,checked_out,0.371,False
STU_0402,8,5,0,0,0,3,24.4,2,0,0,53.1,67.3,-8.77,64.17,0,0,0,14.0,-0.42,0,2.0,checked_out,0.301,True
STU_0402,9,3,2,0,1,4,24.9,2,1,0,48.5,65.2,-2.9,6.29,0,0,0,14.0,,0,,checked_out,0.297,True
STU_0402,10,3,2,0,0,3,22.8,1,1,0,54.2,64.1,0.54,6.23,0,0,0,14.0,0.28,0,2.0,checked_out,0.222,True
STU_0402,11,4,1,1,1,4,23.5,1,0,0,51.7,63.0,1.64,5.55,0,0,0,14.0,,1,,checked_out,0.189,True
STU_0402,12,4,1,1,0,3,23.6,0,1,0,46.6,61.7,-3.81,10.07,0,0,0,14.0,-0.9,0,2.0,checked_out,0.194,True
STU_0402,13,3,2,0,0,1,15.7,0,0,0,44.3,60.3,-3.73,9.72,0,0,0,14.0,,0,,checked_out,0.208,True
STU_0402,14,4,1,0,0,6,49.2,1,1,0,55.0,59.9,4.21,21.33,0,0,0,14.0,-1.0,1,2.0,checked_out,0.222,True
STU_0402,15,5,0,0,0,3,33.4,2,1,0,49.2,59.2,2.47,19.3,0,0,0,14.0,,1,,checked_out,0.164,True
STU_0402,16,5,0,0,0,6,24.8,1,1,0,42.9,58.2,-6.09,24.75,0,0,0,14.0,-0.8,1,3.0,checked_out,0.159,True
STU_0403,1,4,1,1,0,1,62.3,0,0,0,81.5,81.5,0.0,0.0,0,0,0,14.0,,0,,checked_out,0.792,False
STU_0403,2,5,0,2,0,1,73.0,0,0,0,80.0,80.8,-1.5,0.56,0,0,0,14.0,0.73,0,5.0,checked_out,0.767,False
STU_0403,3,5,0,0,0,2,79.9,1,1,0,81.8,81.1,0.15,0.62,0,0,0,14.0,,0,,checked_out,0.787,False
STU_0403,4,5,0,1,0,1,43.3,0,0,0,75.8,79.8,-2.1,6.3,0,0,0,14.0,0.49,0,3.0,checked_out,0.716,False
STU_0403,5,5,0,0,0,1,51.0,0,1,0,79.2,79.7,-1.31,6.01,0,0,0,14.0,,0,,checked_out,0.651,False
STU_0403,6,4,1,2,0,3,37.3,1,2,0,67.7,77.7,-4.05,23.15,0,0,0,14.0,0.75,0,3.0,checked_out,0.564,False
STU_0403,7,5,0,1,0,1,35.2,1,1,0,63.1,75.6,-8.03,45.6,0,0,0,14.0,,0,,checked_out,0.504,False
STU_0403,8,5,0,1,0,2,42.5,0,2,0,52.8,72.7,-7.46,38.91,0,0,0,14.0,-0.05,0,4.0,checked_out,0.414,False
STU_0403,9,4,1,0,0,1,12.5,1,0,0,51.2,70.3,-5.95,27.83,0,0,0,14.0,,0,,checked_out,0.369,False
STU_0403,10,3,2,2,0,7,39.2,2,0,0,62.5,69.6,4.84,24.79,0,0,0,14.0,0.09,0,3.0,checked_out,0.34,True
STU_0403,11,5,0,0,0,6,40.4,0,0,0,56.2,68.3,2.47,21.23,0,0,0,14.0,,0,,checked_out,0.332,True
STU_0403,12,4,1,0,0,7,33.5,1,0,0,41.5,66.1,-10.51,77.47,0,0,0,14.0,-0.13,0,2.0,checked_out,0.269,True
STU_0403,13,4,1,0,0,6,36.0,1,0,0,59.5,65.6,1.66,61.24,0,0,0,14.0,,1,,checked_out,0.322,True
STU_0403,14,4,1,0,0,1,44.1,0,0,0,53.1,64.7,5.82,55.59,0,0,0,14.0,-0.32,2,3.0,checked_out,0.33,True
STU_0403,15,4,1,0,1,3,30.7,1,2,0,64.2,64.7,2.36,20.64,0,0,0,14.0,,0,,checked_out,0.354,True
STU_0403,16,3,2,0,0,3,33.5,1,1,0,46.0,63.5,-3.53,55.81,0,0,0,14.0,-0.22,0,2.0,checked_out,0.286,True
STU_0404,1,5,0,0,0,4,43.7,0,0,0,76.9,76.9,0.0,0.0,0,0,0,14.0,,0,,checked_out,0.726,False
STU_0404,2,3,2,1,0,1,29.4,1,0,0,82.9,79.9,5.94,8.83,0,0,0,14.0,0.77,0,4.0,checked_out,0.712,False
STU_0404,3,4,1,0,0,1,63.7,0,0,0,70.0,76.6,-3.45,27.58,0,0,0,14.0,,0,,checked_out,0.656,False
STU_0404,4,4,1,1,0,4,44.9,0,1,0,68.6,74.6,-7.15,41.28,0,0,0,14.0,0.12,0,3.0,checked_out,0.607,False
STU_0404,5,5,0,0,0,2,42.7,2,0,0,64.4,72.6,-2.8,5.63,0,0,0,14.0,,0,,checked_out,0.584,False
STU_0404,6,5,0,3,0,2,38.8,1,0,0,70.2,72.2,0.78,5.83,0,0,0,14.0,0.51,0,3.0,checked_out,0.538,False
STU_0404,7,4,1,1,0,6,57.4,1,0,0,66.6,71.4,1.09,5.56,0,0,0,14.0,,0,,checked_out,0.491,False
STU_0404,8,4,1,0,1,4,39.9,1,0,0,58.6,69.8,-5.76,23.17,0,0,0,14.0,-0.3,0,4.0,checked_out,0.398,False
STU_0404,9,5,0,1,0,7,34.8,0,1,0,51.6,67.8,-7.53,37.83,0,0,0,14.0,,0,,checked_out,0.353,True
STU_0404,10,5,0,3,0,4,26.8,1,3,0,48.8,65.9,-4.95,17.33,0,0,0,14.0,-0.53,2,3.0,checked_out,0.352,True
STU_0404,11,3,2,0,0,4,47.9,0,0,0,65.0,65.8,6.7,49.96,0,0,0,14.0,,1,,checked_out,0.331,True
STU_0404,12,4,1,0,0,3,35.9,1,0,0,48.1,64.3,-0.31,60.65,0,0,0,14.0,-0.47,0,1.0,checked_out,0.288,True
STU_0404,13,5,0,1,0,6,27.6,1,1,0,50.8,63.3,-7.09,54.57,0,0,0,14.0,,0,,checked_out,0.286,True
STU_0404,14,4,1,2,1,3,18.1,2,0,0,68.9,63.7,10.4,85.56,0,0,0,14.0,0.03,2,3.0,checked_out,0.329,True
STU_0404,15,3,2,0,0,4,40.4,1,0,0,58.3,63.3,3.76,55.55,0,0,0,14.0,,0,,checked_out,0.3,True
STU_0404,16,4,1,2,1,1,38.7,1,1,0,46.4,62.3,-11.25,84.49,0,0,0,14.0,-0.32,0,2.0,checked_out,0.305,True
STU_0405,1,4,1,0,0,2,29.6,0,1,0,71.0,71.0,0.0,0.0,0,0,0,14.0,,1,,checked_out,0.673,False
STU_0405,2,5,0,3,0,4,32.2,1,1,0,77.8,74.4,6.76,11.44,0,0,0,14.0,0.62,0,4.0,checked_out,0.669,False
STU_0405,3,3,2,3,0,7,58.2,1,1,0,73.2,74.0,1.06,7.98,0,0,0,14.0,,0,,checked_out,0.638,False
STU_0405,4,5,0,0,0,2,44.4,0,1,0,60.1,70.5,-8.83,55.94,0,0,0,14.0,0.55,0,4.0,checked_out,0.59,False
STU_0405,5,4,1,1,0,3,34.3,1,0,0,64.8,69.4,-4.21,29.1,0,0,0,14.0,,0,,checked_out,0.543,False
STU_0405,6,4,1,1,1,1,32.6,1,1,0,59.1,67.7,-0.51,6.01,0,0,0,14.0,0.3,0,2.0,checked_out,0.471,False
STU_0405,7,4,1,1,0,3,18.4,0,1,0,63.1,67.0,-0.83,5.57,0,0,0,14.0,,0,,checked_out,0.384,False
STU_0405,8,5,0,1,0,3,33.8,1,0,0,47.7,64.6,-5.7,42.35,0,0,0,14.0,0.15,0,3.0,checked_out,0.326,True
STU_0405,9,4,1,0,0,5,22.8,0,0,0,42.5,62.2,-10.28,76.16,0,0,0,14.0,,2,,checked_out,0.353,True
STU_0405,10,5,0,0,0,4,24.0,0,2,0,59.4,61.9,5.84,49.92,0,0,0,14.0,-0.41,1,2.0,checked_out,0.382,True
STU_0405,11,5,0,1,0,6,49.2,1,0,0,63.0,62.0,10.22,79.59,0,0,0,14.0,,0,,checked_out,0.358,True
STU_0405,12,4,1,0,0,4,43.5,1,1,0,55.2,61.4,-2.12,10.14,0,0,0,14.0,-0.3,0,2.0,checked_out,0.395,True
STU_0405,13,4,1,3,0,4,26.0,0,1,0,60.9,61.4,-1.06,10.81,0,0,0,14.0,,0,,checked_out,0.393,True
STU_0405,14,5,0,0,0,1,32.4,1,0,0,60.0,61.3,2.4,6.21,0,0,0,14.0,-0.14,0,3.0,checked_out,0.364,True
STU_0405,15,5,0,0,0,3,36.5,1,2,0,59.0,61.1,-0.92,0.56,0,0,0,14.0,,1,,checked_out,0.367,True
STU_0405,16,5,0,2,0,5,26.1,0,0,0,59.9,61.0,-0.05,0.19,0,0,0,14.0,0.46,1,2.0,checked_out,0.367,True
STU_0406,1,5,0,3,0,4,60.9,0,1,0,78.7,78.7,0.0,0.0,0,0,0,14.0,,0,,checked_out,0.742,False
STU_0406,2,4,1,0,0,1,43.5,2,0,0,79.8,79.2,1.11,0.31,0,0,0,14.0,-0.08,0,3.0,checked_out,0.726,False
STU_0406,3,5,0,2,0,3,49.5,1,2,0,71.5,76.7,-3.59,13.49,0,0,0,14.0,,0,,checked_out,0.705,False
STU_0406,4,5,0,1,0,3,33.6,0,1,0,67.7,74.4,-6.04,25.43,0,0,0,14.0,0.4,0,3.0,checked_out,0.661,False
STU_0406,5,5,0,3,0,4,61.6,1,0,0,76.9,74.9,2.69,14.13,0,0,0,14.0,,0,,checked_out,0.607,False
STU_0406,6,4,1,0,0,4,26.9,0,1,0,86.3,76.8,9.26,57.21,0,0,0,14.0,-0.1,0,2.0,checked_out,0.548,False
STU_0406,7,4,1,3,0,1,33.8,0,0,0,71.8,76.1,-2.56,35.97,0,0,0,14.0,,0,,checked_out,0.534,False
STU_0406,8,5,0,0,0,4,33.0,1,0,0,61.2,74.2,-12.53,105.51,0,0,0,14.0,0.2,0,4.0,checked_out,0.405,False
STU_0406,9,3,2,1,0,5,30.8,1,1,0,56.0,72.2,-7.88,43.05,0,0,0,14.0,,0,,checked_out,0.318,False
STU_0406,10,4,1,0,0,3,53.3,0,1,0,54.7,70.5,-3.26,7.92,0,0,0,14.0,0.12,1,2.0,checked_out,0.352,True
STU_0406,11,5,0,3,0,2,23.6,0,1,0,59.6,69.5,1.78,4.26,0,0,0,14.0,,0,,checked_out,0.379,True
STU_0406,12,5,0,0,0,5,33.8,1,1,0,48.9,67.7,-2.9,19.06,0,0,0,14.0,-0.37,2,2.0,checked_out,0.333,True
STU_0406,13,5,0,3,0,3,58.6,0,0,0,56.8,66.9,-1.36,20.53,0,0,0,14.0,,1,,checked_out,0.281,True
STU_0406,14,4,1,0,0,4,29.2,1,0,0,44.6,65.3,-2.13,25.61,0,0,0,14.0,0.02,1,2.0,checked_out,0.258,True
STU_0406,15,5,0,1,0,3,30.0,0,2,0,48.4,64.2,-4.23,26.09,0,0,0,14.0,,1,,checked_out,0.2,True
STU_0406,16,4,1,1,0,2,35.9,1,2,0,40.6,62.7,-2.02,10.12,0,0,0,14.0,-0.75,1,1.0,checked_out,0.172,True
STU_0407,1,5,0,0,0,6,58.3,1,0,0,72.8,72.8,0.0,0.0,0,0,0,14.0,,0,,checked_out,0.755,False
STU_0407,2,5,0,3,0,4,37.8,1,2,0,81.4,77.1,8.62,18.57,0,0,0,14.0,-0.18,0,4.0,checked_out,0.724,False
STU_0407,3,4,1,3,1,5,42.3,1,0,0,65.4,73.2,-3.67,42.54,0,0,0,14.0,,0,,checked_out,0.716,False
STU_0407,4,4,1,1,0,2,49.3,2,0,0,65.7,71.3,-7.84,55.61,0,0,0,14.0,1.0,0,2.0,checked_out,0.656,False
STU_0407,5,5,0,0,0,1,38.2,1,0,0,74.5,72.0,4.53,17.67,0,0,0,14.0,,0,,checked_out,0.612,False
STU_0407,6,3,2,0,0,1,62.2,1,2,0,58.3,69.7,-3.73,44.01,0,0,0,14.0,-0.14,0,4.0,checked_out,0.54,False
STU_0407,7,4,1,1,0,2,46.4,1,0,0,66.4,69.2,-4.04,43.91,0,0,0,14.0,,0,,checked_out,0.482,False
STU_0407,8,3,2,0,1,6,29.9,1,0,0,53.6,67.3,-2.31,27.91,0,0,0,14.0,-0.02,0,3.0,checked_out,0.404,False
STU_0407,9,5,0,1,0,1,20.3,1,0,0,53.7,65.8,-6.35,36.09,0,0,0,14.0,,0,,checked_out,0.339,False
STU_0407,10,5,0,2,0,1,21.4,0,2,0,53.7,64.5,0.04,0.0,0,0,0,14.0,0.31,0,2.0,checked_out,0.321,True
STU_0407,11,5,0,1,0,7,29.8,2,2,0,63.0,64.4,4.67,19.36,0,0,0,14.0,,1,,checked_out,0.273,True
STU_0407,12,3,2,1,0,4,14.7,2,1,0,57.5,63.8,1.89,14.7,0,0,0,14.0,-0.21,1,3.0,checked_out,0.288,True
STU_0407,13,5,0,1,0,3,10.0,1,0,0,54.6,63.1,-4.24,12.38,0,0,0,14.0,,0,,checked_out,0.286,True
STU_0407,14,5,0,2,0,5,44.8,1,1,0,53.1,62.4,-2.18,3.29,0,0,0,14.0,-0.28,0,1.0,checked_out,0.263,True
STU_0407,15,4,1,0,0,4,21.1,1,1,0,51.3,61.7,-1.62,1.77,0,0,0,14.0,,0,,checked_out,0.245,True
STU_0407,16,4,1,3,1,7,38.3,0,0,0,41.3,60.4,-5.89,26.82,0,0,0,14.0,-1.0,0,2.0,checked_out,0.251,True
STU_0408,1,4,1,1,0,5,42.0,1,0,0,73.7,73.7,0.0,0.0,0,0,0,14.0,,0,,checked_out,0.807,False
STU_0408,2,5,0,0,0,3,38.2,0,0,0,80.1,76.9,6.45,10.39,0,0,0,14.0,1.0,0,5.0,checked_out,0.767,False
STU_0408,3,4,1,1,1,2,45.7,0,0,0,68.8,74.2,-2.42,21.4,0,0,0,14.0,,0,,checked_out,0.685,False
STU_0408,4,5,0,0,0,2,41.4,1,1,0,69.5,73.0,-5.33,26.83,0,0,0,14.0,0.85,0,4.0,checked_out,0.624,False
STU_0408,5,4,1,1,0,3,39.9,0,1,0,66.6,71.7,-1.13,1.56,0,0,0,14.0,,0,,checked_out,0.566,False
STU_0408,6,4,1,0,1,6,25.7,1,1,0,60.8,69.9,-4.33,12.94,0,0,0,14.0,0.38,0,4.0,checked_out,0.447,False
STU_0408,7,5,0,1,0,4,35.8,1,0,0,57.6,68.2,-4.49,13.82,0,0,0,14.0,,0,,checked_out,0.412,False
STU_0408,8,5,0,1,0,1,40.5,1,3,0,50.5,65.9,-5.16,18.6,0,0,0,14.0,-0.29,0,3.0,checked_out,0.305,False
STU_0408,9,5,0,1,0,1,31.1,2,1,0,50.4,64.2,-3.57,11.25,0,0,0,14.0,,0,,checked_out,0.302,True
STU_0408,10,5,0,0,0,5,27.4,0,0,0,48.5,62.6,-1.01,0.89,0,0,0,14.0,-0.52,1,2.0,checked_out,0.287,True
STU_0408,11,5,0,1,0,4,31.3,1,1,0,46.0,61.1,-2.22,3.3,0,0,0,14.0,,0,,checked_out,0.269,True
STU_0408,12,4,1,1,1,1,22.8,2,1,0,44.9,59.8,-1.76,2.17,0,0,0,14.0,-0.97,0,1.0,checked_out,0.241,True
STU_0408,13,4,1,0,0,4,26.0,0,0,0,40.5,58.3,-2.77,5.75,0,0,0,14.0,,0,,checked_out,0.209,True
STU_0408,14,3,2,2,1,2,21.0,1,0,0,52.7,57.9,3.89,25.7,0,0,0,14.0,-0.99,0,1.0,checked_out,0.171,True
STU_0408,15,5,0,0,0,5,12.8,1,1,0,55.2,57.7,7.34,41.34,0,0,0,14.0,,1,,checked_out,0.155,True
STU_0408,16,5,0,0,0,1,44.1,2,2,0,47.2,57.1,-2.78,11.14,0,0,0,14.0,-0.99,2,1.0,checked_out,0.195,True
STU_0409,1,3,2,0,0,1,34.4,1,0,0,62.6,62.6,0.0,0.0,0,0,0,14.0,,0,,checked_out,0.684,False
STU_0409,2,4,1,1,0,5,36.8,0,2,0,73.9,68.2,11.34,32.12,0,0,0,14.0,0.45,0,2.0,checked_out,0.679,False
STU_0409,3,3,2,1,0,3,46.7,1,1,0,85.8,74.1,11.63,90.19,0,0,0,14.0,,0,,checked_out,0.666,False
STU_0409,4,3,2,0,0,2,43.1,2,1,0,67.8,72.5,-3.04,55.9,0,0,0,14.0,0.69,0,3.0,checked_out,0.61,False
STU_0409,5,3,2,1,0,5,28.2,1,2,0,67.9,71.6,-8.96,71.7,0,0,0,14.0,,1,,checked_out,0.539,False
STU_0409,6,5,0,0,0,5,43.4,0,0,0,66.2,70.7,-0.82,0.62,0,0,0,14.0,0.03,1,2.0,checked_out,0.493,False
STU_0409,7,5,0,0,0,1,50.8,0,2,0,59.7,69.1,-4.09,12.44,0,0,0,14.0,,0,,checked_out,0.465,False
STU_0409,8,4,1,1,0,4,39.5,1,0,0,56.2,67.5,-4.98,17.04,0,0,0,14.0,0.08,0,3.0,checked_out,0.406,False
STU_0409,9,4,1,2,0,1,35.9,1,1,0,64.2,67.2,2.25,10.67,0,0,0,14.0,,0,,checked_out,0.429,False
STU_0409,10,4,1,0,0,4,31.3,0,0,0,50.7,65.5,-2.78,30.86,0,0,0,14.0,-0.11,0,3.0,checked_out,0.423,False
STU_0409,11,5,0,0,0,2,19.7,0,1,0,71.2,66.0,3.51,72.78,0,0,0,14.0,,0,,checked_out,0.401,False
STU_0409,12,3,2,0,0,3,22.7,0,0,0,58.4,65.4,3.89,71.81,0,0,0,14.0,-0.35,0,3.0,checked_out,0.401,False
STU_0409,13,4,1,2,0,1,18.8,0,0,0,62.7,65.2,-4.28,28.28,0,0,0,14.0,,0,,checked_out,0.408,False
STU_0409,14,3,2,2,0,6,41.1,1,0,0,51.2,64.2,-3.62,22.39,0,0,0,14.0,-0.18,1,2.0,checked_out,0.438,False
STU_0409,15,4,1,0,0,7,45.4,0,2,0,57.9,63.8,-2.36,22.11,0,0,0,14.0,,0,,checked_out,0.426,False
STU_0409,16,4,1,2,0,5,25.8,1,1,0,57.5,63.4,3.16,9.5,0,0,0,14.0,-0.09,0,3.0,checked_out,0.376,False
STU_0410,1,3,2,1,0,4,48.1,0,1,0,77.8,77.8,0.0,0.0,0,0,0,14.0,,0,,checked_out,0.651,False
STU_0410,2,4,1,1,0,5,43.8,0,1,0,67.4,72.6,-10.37,26.9,0,0,0,14.0,0.19,1,4.0,checked_out,0.592,False
STU_0410,3,4,1,0,0,3,49.2,1,2,0,72.4,72.5,-2.7,17.94,0,0,0,14.0,,1,,checked_out,0.589,False
STU_0410,4,5,0,1,0,2,57.5,0,1,0,67.2,71.2,-0.11,5.76,0,0,0,14.0,0.09,0,3.0,checked_out,0.505,False
STU_0410,5,4,1,0,1,1,24.6,1,0,0,47.4,66.4,-12.49,115.89,0,0,0,14.0,,0,,checked_out,0.38,False
STU_0410,6,4,1,0,0,3,21.7,1,1,0,59.1,65.2,-4.04,66.0,0,0,0,14.0,0.15,0,3.0,checked_out,0.315,True
STU_0410,7,4,1,0,0,4,23.5,1,0,0,42.4,61.9,-2.52,49.24,0,0,0,14.0,,0,,checked_out,0.307,True
STU_0410,8,5,0,0,0,2,35.3,2,1,0,53.4,60.9,-2.83,48.39,0,0,0,14.0,-0.28,0,3.0,checked_out,0.242,True
STU_0410,9,4,1,2,1,4,34.7,1,0,0,39.4,58.5,-1.47,36.44,0,0,0,14.0,,1,,checked_out,0.23,True
STU_0410,10,4,1,0,0,3,36.0,0,2,0,53.6,58.0,0.08,44.19,0,0,0,14.0,-0.76,0,2.0,checked_out,0.223,True
STU_0410,11,4,1,0,1,6,17.5,2,1,0,38.5,56.2,-0.44,47.65,0,0,0,14.0,,0,,checked_out,0.169,True
STU_0410,12,5,0,1,0,4,10.0,1,2,0,36.9,54.6,-8.34,56.44,0,0,0,14.0,-1.0,1,1.0,checked_out,0.071,True
STU_0410,13,4,1,2,0,7,23.9,1,2,0,42.7,53.7,2.07,5.9,0,0,0,14.0,,0,,checked_out,0.086,True
STU_0410,14,3,2,0,1,4,10.0,1,2,0,28.7,51.9,-4.12,33.0,0,0,0,14.0,-0.55,2,2.0,checked_out,0.028,True
STU_0410,15,3,2,1,0,2,29.2,1,0,0,34.6,50.8,-4.02,32.9,0,0,0,14.0,,0,,checked_out,0.02,True
STU_0410,16,4,1,3,0,1,30.1,1,0,0,30.3,49.5,0.78,6.36,0,0,0,14.0,-0.8,2,1.0,checked_out,0.02,True
STU_0411,1,3,2,1,0,1,58.4,0,0,0,81.9,81.9,0.0,0.0,0,0,0,14.0,,0,,checked_out,0.714,False
STU_0411,2,3,2,0,0,4,58.0,1,0,0,80.1,81.0,-1.83,0.84,0,0,0,14.0,0.35,0,4.0,checked_out,0.664,False
STU_0411,3,4,1,1,0,4,56.5,1,2,0,59.8,73.9,-11.03,99.93,0,0,0,14.0,,0,,checked_out,0.612,False
STU_0411,4,3,2,0,0,1,42.2,0,1,0,68.9,72.7,-5.58,68.47,0,0,0,14.0,-0.07,0,3.0,checked_out,0.549,False
STU_0411,5,5,0,3,0,5,42.6,1,0,0,63.4,70.8,1.79,13.92,0,0,0,14.0,,0,,checked_out,0.468,False
STU_0411,6,3,2,0,1,4,41.3,1,3,0,60.8,69.1,-4.04,11.36,0,0,0,14.0,-0.36,1,3.0,checked_out,0.393,False
STU_0411,7,3,2,0,1,1,31.3,0,1,0,44.8,65.7,-9.28,67.33,0,0,0,14.0,,0,,checked_out,0.306,True
STU_0411,8,5,0,0,0,8,18.8,0,0,0,38.9,62.3,-10.96,85.68,0,0,0,14.0,-0.15,2,2.0,checked_out,0.271,True
STU_0411,9,4,1,2,0,2,23.4,0,0,0,42.0,60.1,-1.4,5.91,0,0,0,14.0,,1,,checked_out,0.282,True
STU_0411,10,4,1,0,0,5,24.9,2,1,0,57.2,59.8,9.14,63.66,0,0,0,14.0,-0.18,2,3.0,checked_out,0.236,True
STU_0411,11,5,0,1,0,1,42.7,0,0,0,43.6,58.3,0.79,46.1,0,0,0,14.0,,1,,checked_out,0.227,True
STU_0411,12,4,1,0,0,4,33.1,1,1,0,47.6,57.4,-4.78,32.3,0,0,0,14.0,-0.81,1,1.0,checked_out,0.233,True
STU_0411,13,4,1,1,0,3,42.9,0,0,0,46.3,56.6,1.34,2.75,0,0,0,14.0,,0,,checked_out,0.192,True
STU_0411,14,4,1,0,0,3,20.0,1,0,0,44.9,55.7,-1.37,1.25,0,0,0,14.0,-0.69,0,2.0,checked_out,0.157,True
STU_0411,15,4,1,1,0,1,23.1,1,0,0,60.0,56.0,6.86,46.59,0,0,0,14.0,,2,,checked_out,0.139,True
STU_0411,16,4,1,0,1,3,24.6,1,1,0,38.4,54.9,-3.25,82.21,0,0,0,14.0,-0.28,2,1.0,checked_out,0.126,True
STU_0412,1,5,0,3,0,2,48.3,0,1,0,77.7,77.7,0.0,0.0,0,0,0,14.0,,0,,checked_out,0.665,False
STU_0412,2,4,1,3,0,5,32.1,0,0,0,82.4,80.0,4.63,5.36,0,0,0,14.0,1.0,0,4.0,checked_out,0.626,False
STU_0412,3,4,1,0,0,6,28.1,0,1,0,61.9,74.0,-7.93,76.98,0,0,0,14.0,,0,,checked_out,0.594,False
STU_0412,4,4,1,1,0,5,36.3,1,0,0,73.5,73.9,-4.45,70.38,0,0,0,14.0,0.31,0,4.0,checked_out,0.578,False
STU_0412,5,5,0,2,0,3,24.7,1,0,0,56.9,70.5,-2.48,48.1,0,0,0,14.0,,0,,checked_out,0.501,False
STU_0412,6,3,2,1,0,2,31.6,0,1,0,63.2,69.3,-5.12,46.51,0,0,0,14.0,-0.1,0,2.0,checked_out,0.461,False
STU_0412,7,3,2,0,0,3,44.1,2,0,0,64.1,68.5,3.58,10.21,0,0,0,14.0,,0,,checked_out,0.372,False
STU_0412,8,4,1,0,0,7,40.4,2,2,0,56.8,67.0,-3.22,10.59,0,0,0,14.0,-1.0,0,3.0,checked_out,0.329,True
STU_0412,9,4,1,2,1,3,43.3,1,1,0,60.9,66.4,-1.58,8.9,0,0,0,14.0,,2,,checked_out,0.353,True
STU_0412,10,3,2,0,0,5,42.8,1,3,0,57.8,65.5,0.54,3.06,0,0,0,14.0,-0.27,1,2.0,checked_out,0.357,True
STU_0412,11,4,1,0,1,1,48.3,1,0,0,58.0,64.8,-1.43,1.95,0,0,0,14.0,,1,,checked_out,0.38,True
STU_0412,12,3,2,1,1,4,41.1,0,1,0,61.8,64.6,1.96,3.24,0,0,0,14.0,-0.85,1,2.0,checked_out,0.355,True
STU_0412,13,5,0,0,0,1,12.9,1,1,0,48.1,63.3,-4.95,33.02,0,0,0,14.0,,2,,checked_out,0.371,True
STU_0412,14,4,1,0,1,3,37.8,1,1,0,61.3,63.2,-0.23,39.84,0,0,0,14.0,-0.17,1,3.0,checked_out,0.425,False
STU_0412,15,5,0,2,0,4,40.7,2,3,0,55.7,62.7,3.78,29.05,0,0,0,14.0,,2,,checked_out,0.418,False
STU_0412,16,4,1,1,0,4,41.1,2,1,0,58.6,62.4,-1.34,5.2,0,0,0,14.0,-0.14,0,3.0,checked_out,0.435,False
STU_0413,1,5,0,3,0,6,52.3,1,0,0,91.4,91.4,0.0,0.0,0,0,0,14.0,,0,,checked_out,0.794,False
STU_0413,2,4,1,1,0,5,59.6,1,0,0,65.2,78.3,-26.16,171.11,0,0,0,14.0,0.44,0,4.0,checked_out,0.775,False
STU_0413,3,4,1,0,0,4,53.5,0,3,0,71.3,76.0,-10.01,124.8,0,0,0,14.0,,0,,checked_out,0.756,False
STU_0413,4,3,2,0,0,5,62.1,1,3,0,77.8,76.4,6.29,26.42,0,0,0,14.0,0.69,0,4.0,checked_out,0.651,False
STU_0413,5,4,1,1,0,2,36.0,1,3,0,77.3,76.6,2.96,8.57,0,0,0,14.0,,0,,checked_out,0.612,False
STU_0413,6,3,2,0,1,3,29.1,0,0,0,74.6,76.2,-1.6,1.97,0,0,0,14.0,0.3,0,3.0,checked_out,0.548,False
STU_0413,7,5,0,1,0,4,46.6,1,0,0,69.5,75.3,-3.86,10.26,0,0,0,14.0,,1,,checked_out,0.473,False
STU_0413,8,3,2,2,0,3,41.1,0,2,0,57.9,73.1,-8.33,48.66,0,0,0,14.0,-0.27,0,3.0,checked_out,0.431,False
STU_0413,9,4,1,1,0,6,33.9,1,2,0,61.1,71.8,-4.24,24.05,0,0,0,14.0,,0,,checked_out,0.448,False
STU_0413,10,5,0,3,0,3,24.5,2,0,0,69.1,71.5,5.59,22.16,0,0,0,14.0,0.27,1,3.0,checked_out,0.462,False
STU_0413,11,3,2,1,0,3,40.3,1,0,0,68.3,71.2,3.65,13.15,0,0,0,14.0,,1,,checked_out,0.485,False
STU_0413,12,5,0,1,0,1,51.7,0,1,0,57.3,70.1,-5.87,28.86,0,0,0,14.0,0.02,0,3.0,checked_out,0.485,False
STU_0413,13,3,2,3,0,5,40.6,1,0,0,63.3,69.5,-2.55,20.22,0,0,0,14.0,,0,,checked_out,0.465,False
STU_0413,14,5,0,3,0,1,31.2,2,2,0,53.5,68.4,-1.95,16.23,0,0,0,14.0,-0.23,1,2.0,checked_out,0.524,False
STU_0413,15,4,1,0,0,4,43.4,1,0,0,56.5,67.6,-3.36,16.74,0,0,0,14.0,,0,,checked_out,0.5,False
STU_0413,16,4,1,0,1,1,44.6,1,1,0,83.5,68.6,15.01,181.88,0,0,0,14.0,-0.54,0,3.0,checked_out,0.507,False
STU_0414,1,5,0,1,0,4,46.4,2,0,0,72.2,72.2,0.0,0.0,0,0,0,14.0,,1,,checked_out,0.624,False
STU_0414,2,5,0,1,0,4,47.3,0,0,0,72.9,72.6,0.65,0.11,0,0,0,14.0,0.14,0,2.0,checked_out,0.571,False
STU_0414,3,3,2,1,1,5,29.2,2,1,0,68.9,71.3,-1.68,3.09,0,0,0,14.0,,0,,checked_out,0.567,False
STU_0414,4,5,0,3,0,3,36.5,0,0,0,56.9,67.7,-8.0,46.23,0,0,0,14.0,0.31,1,3.0,checked_out,0.485,False
STU_0414,5,5,0,0,0,2,38.4,1,1,0,58.6,65.9,-5.15,28.07,0,0,0,14.0,,1,,checked_out,0.422,False
STU_0414,6,3,2,2,0,1,30.2,1,0,0,59.9,64.9,1.53,1.57,0,0,0,14.0,-0.24,0,1.0,checked_out,0.294,False
STU_0414,7,4,1,1,0,3,10.0,1,1,0,46.6,62.3,-6.01,36.16,0,0,0,14.0,,0,,checked_out,0.233,True
STU_0414,8,4,1,0,0,2,24.2,1,1,0,35.9,59.0,-12.03,96.9,0,0,0,14.0,-0.74,0,1.0,checked_out,0.137,True
STU_0414,9,5,0,1,0,1,48.8,1,0,0,40.1,56.9,-3.24,19.31,0,0,0,14.0,,0,,checked_out,0.154,True
STU_0414,10,4,1,1,1,6,34.1,0,0,0,51.6,56.4,7.85,44.03,0,0,0,14.0,-0.72,1,2.0,checked_out,0.189,True
STU_0414,11,5,0,2,0,2,24.4,0,1,0,41.6,55.0,0.77,25.99,0,0,0,14.0,,1,,checked_out,0.175,True
STU_0414,12,4,1,1,0,1,17.7,1,1,0,52.6,54.8,0.5,24.48,0,0,0,14.0,-0.38,0,2.0,checked_out,0.144,True
STU_0414,13,3,2,1,0,4,20.4,1,1,0,51.4,54.6,4.91,24.18,0,0,0,14.0,,2,,checked_out,0.15,True
STU_0414,14,5,0,2,0,4,33.9,0,1,0,47.8,54.1,-2.37,4.08,0,0,0,14.0,-0.28,0,1.0,checked_out,0.185,True
STU_0414,15,4,1,0,0,4,23.4,1,1,0,44.3,53.4,-3.57,8.48,0,0,0,14.0,,1,,checked_out,0.2,True
STU_0414,16,4,1,0,1,5,25.3,1,0,0,40.6,52.6,-3.63,8.8,0,0,0,14.0,-0.47,1,3.0,checked_out,0.184,True
STU_0415,1,5,0,0,0,3,35.0,1,0,0,69.9,69.9,0.0,0.0,0,0,0,14.0,,0,,checked_out,0.732,False
STU_0415,2,4,1,1,1,5,44.7,0,2,0,82.3,76.1,12.46,38.81,0,0,0,14.0,-0.01,0,4.0,checked_out,0.722,False
STU_0415,3,3,2,0,0,3,53.5,2,1,0,78.5,76.9,4.32,27.16,0,0,0,14.0,,0,,checked_out,0.732,False
STU_0415,4,4,1,1,0,2,26.9,0,1,0,67.9,74.6,-7.21,37.15,0,0,0,14.0,0.98,0,4.0,checked_out,0.686,False
STU_0415,5,4,1,1,0,3,45.5,1,1,0,75.5,74.8,-1.48,19.89,0,0,0,14.0,,0,,checked_out,0.58,False
STU_0415,6,4,1,1,0,4,38.8,1,0,0,68.1,73.7,0.1,12.57,0,0,0,14.0,0.37,1,2.0,checked_out,0.526,False
STU_0415,7,4,1,0,0,3,38.0,0,1,0,67.0,72.7,-4.27,14.38,0,0,0,14.0,,0,,checked_out,0.477,False
STU_0415,8,4,1,0,1,1,18.8,0,0,0,63.8,71.6,-2.17,3.38,0,0,0,14.0,0.16,0,4.0,checked_out,0.409,False
STU_0415,9,3,2,2,0,6,56.1,1,0,0,52.0,69.4,-7.47,41.2,0,0,0,14.0,,0,,checked_out,0.364,False
STU_0415,10,3,2,0,1,6,27.1,1,1,0,64.2,68.9,0.21,31.68,0,0,0,14.0,-0.5,0,4.0,checked_out,0.38,True
STU_0415,11,5,0,0,0,2,21.6,0,0,0,63.0,68.4,5.48,29.89,0,0,0,14.0,,0,,checked_out,0.422,False
STU_0415,12,3,2,1,0,6,11.7,0,0,0,53.6,67.1,-5.29,22.39,0,0,0,14.0,0.29,0,3.0,checked_out,0.37,False
STU_0415,13,5,0,1,0,4,38.7,1,0,0,56.2,66.3,-3.41,15.72,0,0,0,14.0,,0,,checked_out,0.302,True
STU_0415,14,3,2,0,0,3,25.9,1,1,0,65.1,66.2,5.75,24.32,0,0,0,14.0,-0.41,0,2.0,checked_out,0.269,True
STU_0415,15,5,0,1,0,6,27.5,1,1,0,45.0,64.8,-5.58,67.57,0,0,0,14.0,,1,,checked_out,0.251,True
STU_0415,16,5,0,3,0,2,14.1,0,3,0,54.7,64.2,-5.22,67.33,0,0,0,14.0,-0.02,0,1.0,checked_out,0.24,True
STU_0416,1,4,1,0,0,1,45.9,1,0,0,80.7,80.7,0.0,0.0,0,0,0,14.0,,0,,checked_out,0.666,False
STU_0416,2,4,1,2,0,6,44.8,1,0,0,81.5,81.1,0.77,0.15,0,0,0,14.0,0.68,1,4.0,checked_out,0.611,False
STU_0416,3,3,2,1,1,5,47.6,2,0,0,66.2,76.1,-7.24,49.25,0,0,0,14.0,,0,,checked_out,0.576,False
STU_0416,4,3,2,0,0,5,25.1,0,0,0,64.5,73.2,-8.48,58.15,0,0,0,14.0,0.13,0,4.0,checked_out,0.503,False
STU_0416,5,5,0,2,0,3,41.0,2,0,0,55.1,69.6,-5.53,23.68,0,0,0,14.0,,0,,checked_out,0.394,False
STU_0416,6,3,2,1,0,9,22.3,1,1,0,53.7,66.9,-5.39,22.85,0,0,0,14.0,-0.51,0,1.0,checked_out,0.314,True
STU_0416,7,3,2,1,1,3,31.5,0,1,0,43.0,63.5,-6.05,29.22,0,0,0,14.0,,2,,checked_out,0.273,True
STU_0416,8,5,0,0,0,4,27.3,0,0,0,34.4,59.9,-9.67,62.54,0,0,0,14.0,-0.14,1,2.0,checked_out,0.236,True
STU_0416,9,4,1,1,0,3,33.6,1,0,0,47.4,58.5,2.18,29.18,0,0,0,14.0,,0,,checked_out,0.235,True
STU_0416,10,5,0,1,0,4,43.6,0,0,0,48.4,57.5,7.03,40.85,0,0,0,14.0,-0.64,0,1.0,checked_out,0.215,True
STU_0416,11,3,2,0,0,3,37.0,0,0,0,54.6,57.2,3.63,10.26,0,0,0,14.0,,0,,checked_out,0.206,True
STU_0416,12,5,0,3,0,2,34.2,0,2,0,52.9,56.9,2.22,6.82,0,0,0,14.0,-1.0,0,2.0,checked_out,0.215,True
STU_0416,13,3,2,0,1,1,22.3,0,0,0,48.7,56.2,-2.96,6.18,0,0,0,14.0,,2,,checked_out,0.258,True
STU_0416,14,4,1,1,0,2,39.8,1,1,0,56.0,56.2,1.57,8.97,0,0,0,14.0,-0.12,0,2.0,checked_out,0.281,True
STU_0416,15,4,1,1,1,3,40.0,0,0,0,45.6,55.5,-1.57,19.16,0,0,0,14.0,,1,,checked_out,0.246,True
STU_0416,16,5,0,3,0,4,37.8,1,1,0,53.8,55.4,-1.1,20.22,0,0,0,14.0,-0.77,0,1.0,checked_out,0.254,True
STU_0417,1,5,0,2,0,4,50.6,1,1,0,80.2,80.2,0.0,0.0,0,0,0,14.0,,0,,checked_out,0.785,False
STU_0417,2,5,0,1,0,4,35.6,1,0,0,82.3,81.2,2.05,1.05,0,0,0,14.0,0.66,1,4.0,checked_out,0.781,False
STU_0417,3,5,0,1,0,4,51.3,2,3,0,78.2,80.2,-1.02,2.78,0,0,0,14.0,,0,,checked_out,0.744,False
STU_0417,4,4,1,1,0,3,46.5,1,3,0,71.3,78.0,-5.49,20.57,0,0,0,14.0,0.15,0,5.0,checked_out,0.668,False
STU_0417,5,4,1,0,1,6,37.8,1,0,0,70.8,76.5,-3.68,11.35,0,0,0,14.0,,0,,checked_out,0.574,False
STU_0417,6,5,0,3,0,4,59.6,1,1,0,73.8,76.1,1.26,1.7,0,0,0,14.0,0.48,0,3.0,checked_out,0.46,False
STU_0417,7,4,1,3,0,3,33.8,1,0,0,63.8,74.3,-3.48,17.35,0,0,0,14.0,,0,,checked_out,0.449,False
STU_0417,8,4,1,0,0,2,47.9,0,2,0,57.4,72.2,-8.19,45.39,0,0,0,14.0,0.58,1,2.0,checked_out,0.345,False
STU_0417,9,4,1,0,0,4,25.1,0,1,0,43.3,69.0,-10.28,73.68,0,0,0,14.0,,0,,checked_out,0.294,True
STU_0417,10,5,0,2,0,4,38.7,1,1,0,40.5,66.2,-8.43,54.57,0,0,0,14.0,-0.68,0,1.0,checked_out,0.244,True
STU_0417,11,5,0,1,0,6,36.2,0,1,0,47.9,64.5,2.29,9.14,0,0,0,14.0,,0,,checked_out,0.243,True
STU_0417,12,3,2,1,0,4,32.8,1,1,0,53.6,63.6,6.54,28.62,0,0,0,14.0,-0.81,0,2.0,checked_out,0.211,True
STU_0417,13,5,0,0,0,5,26.0,0,1,0,42.2,61.9,-2.84,21.77,0,0,0,14.0,,0,,checked_out,0.261,True
STU_0417,14,4,1,0,0,5,35.8,1,0,0,39.9,60.4,-6.83,35.82,0,0,0,14.0,-1.0,0,3.0,checked_out,0.268,True
STU_0417,15,5,0,1,0,1,42.2,1,0,0,48.5,59.6,3.16,13.14,0,0,0,14.0,,2,,checked_out,0.274,True
STU_0417,16,3,2,2,1,4,44.6,1,0,0,55.3,59.3,7.68,39.54,0,0,0,14.0,-1.0,0,1.0,checked_out,0.213,True
STU_0418,1,3,2,0,0,1,36.9,1,0,0,85.8,85.8,0.0,0.0,0,0,0,14.0,,0,,checked_out,0.724,False
STU_0418,2,3,2,3,0,2,33.9,1,1,0,82.5,84.2,-3.33,2.77,0,0,0,14.0,0.39,0,5.0,checked_out,0.656,False
STU_0418,3,4,1,1,1,7,58.6,1,1,0,74.1,80.8,-5.87,24.39,0,0,0,14.0,,0,,checked_out,0.624,False
STU_0418,4,4,1,0,1,3,52.4,2,2,0,64.5,76.7,-8.99,53.91,0,0,0,14.0,0.33,0,3.0,checked_out,0.564,False
STU_0418,5,5,0,0,0,3,55.5,1,0,0,61.9,73.8,-6.08,27.36,0,0,0,14.0,,0,,checked_out,0.468,False
STU_0418,6,4,1,0,0,4,41.2,1,0,0,55.0,70.6,-4.76,16.15,0,0,0,14.0,-0.1,0,2.0,checked_out,0.396,False
STU_0418,7,4,1,0,0,4,29.3,1,1,0,58.4,68.9,-1.77,7.98,0,0,0,14.0,,0,,checked_out,0.307,True
STU_0418,8,4,1,3,0,4,30.6,0,1,0,45.0,65.9,-5.02,32.53,0,0,0,14.0,-0.05,0,3.0,checked_out,0.263,True
STU_0418,9,4,1,0,1,2,45.6,2,3,0,44.9,63.6,-6.72,40.12,0,0,0,14.0,,2,,checked_out,0.264,True
STU_0418,10,5,0,0,0,3,27.4,2,0,0,48.0,62.0,1.54,2.1,0,0,0,14.0,-0.44,1,3.0,checked_out,0.292,True
STU_0418,11,4,1,0,0,2,37.6,1,0,0,40.8,60.1,-2.06,8.7,0,0,0,14.0,,2,,checked_out,0.235,True
STU_0418,12,3,2,0,0,3,43.4,0,0,0,46.4,59.0,-0.8,9.52,0,0,0,14.0,-0.74,0,1.0,checked_out,0.269,True
STU_0418,13,4,1,0,0,4,19.9,1,0,0,47.7,58.1,3.43,8.87,0,0,0,14.0,,1,,checked_out,0.216,True
STU_0418,14,4,1,1,0,1,37.2,0,0,0,52.2,57.7,2.88,6.1,0,0,0,14.0,-0.68,1,1.0,checked_out,0.241,True
STU_0418,15,4,1,2,0,4,32.5,1,0,0,41.5,56.6,-3.09,19.14,0,0,0,14.0,,1,,checked_out,0.208,True
STU_0418,16,4,1,0,0,2,38.6,1,0,0,44.0,55.8,-4.08,20.75,0,0,0,14.0,-0.57,1,2.0,checked_out,0.179,True
STU_0419,1,5,0,2,0,5,50.4,1,2,0,87.8,87.8,0.0,0.0,0,0,0,14.0,,0,,checked_out,0.733,False
STU_0419,2,4,1,0,0,4,52.8,1,2,0,76.0,81.9,-11.77,34.66,0,0,0,14.0,0.37,1,3.0,checked_out,0.696,False
STU_0419,3,5,0,1,0,2,57.5,0,2,0,75.6,79.8,-6.08,31.88,0,0,0,14.0,,0,,checked_out,0.686,False
STU_0419,4,4,1,0,0,5,38.7,1,1,0,75.6,78.7,-0.18,0.03,0,0,0,14.0,0.13,1,5.0,checked_out,0.607,False
STU_0419,5,4,1,2,0,6,45.1,0,1,0,56.8,74.3,-9.41,78.79,0,0,0,14.0,,0,,checked_out,0.526,False
STU_0419,6,3,2,0,0,1,40.5,1,2,0,60.3,72.0,-7.67,66.94,0,0,0,14.0,0.39,0,4.0,checked_out,0.444,False
STU_0419,7,4,1,2,0,3,21.4,0,1,0,68.7,71.5,5.95,24.88,0,0,0,14.0,,0,,checked_out,0.323,False
STU_0419,8,4,1,1,0,3,17.1,0,0,0,49.0,68.7,-5.65,65.02,0,0,0,14.0,-0.04,0,3.0,checked_out,0.203,True
STU_0419,9,5,0,0,0,3,30.0,0,0,0,51.2,66.8,-8.73,77.48,0,0,0,14.0,,2,,checked_out,0.193,True
STU_0419,10,5,0,0,0,5,34.2,1,0,0,43.0,64.4,-2.97,11.84,0,0,0,14.0,-1.0,2,1.0,checked_out,0.154,True
STU_0419,11,3,2,0,0,4,25.3,0,0,0,46.3,62.7,-2.43,11.2,0,0,0,14.0,,2,,checked_out,0.168,True
STU_0419,12,4,1,1,0,2,45.6,0,0,0,45.2,61.3,1.08,1.87,0,0,0,14.0,-1.0,2,1.0,checked_out,0.172,True
STU_0419,13,3,2,1,1,2,10.1,0,0,0,42.6,59.8,-1.85,2.4,0,0,0,14.0,,0,,checked_out,0.148,True
STU_0419,14,5,0,1,0,1,27.8,2,2,0,45.4,58.8,0.11,1.61,0,0,0,14.0,-0.91,0,1.0,checked_out,0.131,True
STU_0419,15,4,1,2,0,2,22.7,0,0,0,42.3,57.7,-0.15,1.94,0,0,0,14.0,,1,,checked_out,0.132,True
STU_0419,16,4,1,0,0,4,35.4,1,0,0,44.2,56.9,-0.61,1.61,0,0,0,14.0,-0.89,0,1.0,checked_out,0.165,True
STU_0420,1,5,0,1,0,3,36.5,1,2,0,80.2,80.2,0.0,0.0,0,0,0,14.0,,0,,checked_out,0.739,False
STU_0420,2,3,2,0,1,2,58.7,1,2,0,86.2,83.2,6.02,9.07,0,0,0,14.0,0.1,0,4.0,checked_out,0.712,False
STU_0420,3,5,0,0,0,2,40.4,1,0,0,56.9,74.4,-11.63,159.52,0,0,0,14.0,,0,,checked_out,0.69,False
STU_0420,4,4,1,2,0,4,36.8,1,1,0,77.1,75.1,-4.55,149.85,0,0,0,14.0,0.12,0,3.0,checked_out,0.616,False
STU_0420,5,5,0,0,0,3,36.7,0,0,0,51.4,70.4,-2.75,122.12,0,0,0,14.0,,0,,checked_out,0.549,False
STU_0420,6,4,1,3,0,4,42.4,0,0,0,66.4,69.7,-5.35,111.15,0,0,0,14.0,-0.08,0,3.0,checked_out,0.486,False
STU_0420,7,3,2,3,0,4,38.4,1,1,0,51.0,67.0,-0.23,51.55,0,0,0,14.0,,1,,checked_out,0.431,False
STU_0420,8,5,0,1,0,4,45.3,2,0,0,47.1,64.5,-9.68,69.87,0,0,0,14.0,-0.35,0,3.0,checked_out,0.296,False
STU_0420,9,5,0,1,0,5,45.3,2,0,0,57.3,63.7,3.19,17.97,0,0,0,14.0,,0,,checked_out,0.288,True
STU_0420,10,5,0,0,0,2,34.1,2,1,0,55.2,62.9,4.05,19.58,0,0,0,14.0,-0.21,0,2.0,checked_out,0.289,True
STU_0420,11,4,1,0,0,6,34.9,2,0,0,53.4,62.0,-1.99,2.66,0,0,0,14.0,,1,,checked_out,0.274,True
STU_0420,12,4,1,0,0,1,32.3,1,1,0,55.9,61.5,0.38,1.16,0,0,0,14.0,-0.26,0,2.0,checked_out,0.267,True
STU_0420,13,5,0,0,0,5,31.3,2,0,0,52.2,60.8,-0.55,2.36,0,0,0,14.0,,1,,checked_out,0.212,True
STU_0420,14,4,1,0,0,1,24.2,0,0,0,57.6,60.6,0.85,5.0,0,0,0,14.0,-0.11,0,2.0,checked_out,0.239,True
STU_0420,15,5,0,2,0,3,24.9,1,4,0,46.9,59.7,-2.7,19.27,0,0,0,14.0,,1,,checked_out,0.176,True
STU_0420,16,3,2,0,0,2,32.7,0,2,0,41.7,58.5,-7.95,43.85,0,0,0,14.0,-0.69,1,1.0,checked_out,0.174,True
STU_0421,1,4,1,0,0,3,40.5,0,1,0,80.1,80.1,0.0,0.0,0,0,0,14.0,,0,,checked_out,0.757,False
STU_0421,2,5,0,0,0,1,61.4,1,1,0,82.1,81.1,1.94,0.94,0,0,0,14.0,-0.2,0,5.0,checked_out,0.785,False
STU_0421,3,5,0,0,0,4,52.0,2,1,0,81.8,81.3,0.82,0.73,0,0,0,14.0,,0,,checked_out,0.79,False
STU_0421,4,4,1,1,0,4,59.7,0,0,0,80.3,81.1,-0.89,0.6,0,0,0,14.0,1.0,0,5.0,checked_out,0.634,False
STU_0421,5,5,0,0,0,5,38.4,1,0,0,64.7,77.8,-8.5,59.16,0,0,0,14.0,,0,,checked_out,0.574,False
STU_0421,6,5,0,0,0,6,40.8,0,2,0,58.9,74.6,-10.71,81.61,0,0,0,14.0,0.05,0,3.0,checked_out,0.475,False
STU_0421,7,5,0,0,0,5,37.2,0,0,0,67.3,73.6,1.26,12.41,0,0,0,14.0,,0,,checked_out,0.393,False
STU_0421,8,4,1,2,0,2,26.0,2,1,0,50.7,70.7,-4.07,45.62,0,0,0,14.0,-0.5,0,3.0,checked_out,0.318,True
STU_0421,9,5,0,2,0,6,49.9,0,1,0,62.3,69.8,-2.49,48.03,0,0,0,14.0,,0,,checked_out,0.34,True
STU_0421,10,3,2,1,0,3,34.9,0,1,0,61.3,68.9,5.29,27.39,0,0,0,14.0,-0.44,0,2.0,checked_out,0.35,True
STU_0421,11,4,1,1,1,2,29.7,1,1,0,61.0,68.2,-0.62,0.29,0,0,0,14.0,,1,,checked_out,0.359,True
STU_0421,12,3,2,1,1,5,33.8,1,0,0,61.5,67.7,0.11,0.04,0,0,0,14.0,-0.39,2,3.0,checked_out,0.337,True
STU_0421,13,3,2,0,0,2,39.1,1,0,0,52.5,66.5,-4.29,17.35,0,0,0,14.0,,0,,checked_out,0.246,True
STU_0421,14,5,0,0,0,3,45.0,0,2,0,43.5,64.8,-9.04,54.45,0,0,0,14.0,-0.97,0,1.0,checked_out,0.269,True
STU_0421,15,4,1,0,0,8,26.2,1,1,0,49.1,63.8,-1.67,13.83,0,0,0,14.0,,2,,checked_out,0.224,True
STU_0421,16,5,0,1,0,5,23.7,1,0,0,42.9,62.5,-0.27,7.86,0,0,0,14.0,-0.62,1,3.0,checked_out,0.244,True
STU_0422,1,5,0,3,0,4,40.6,0,0,0,71.7,71.7,0.0,0.0,0,0,0,14.0,,0,,checked_out,0.698,False
STU_0422,2,4,1,3,0,3,55.7,1,0,0,83.3,77.5,11.66,33.98,0,0,0,14.0,0.64,0,3.0,checked_out,0.703,False
STU_0422,3,5,0,0,0,4,57.7,1,0,0,77.4,77.5,2.84,22.66,0,0,0,14.0,,0,,checked_out,0.679,False
STU_0422,4,4,1,2,0,4,17.6,0,3,0,73.2,76.4,-5.08,17.37,0,0,0,14.0,0.35,0,4.0,checked_out,0.613,False
STU_0422,5,4,1,3,0,4,40.9,1,2,0,69.3,75.0,-4.04,10.91,0,0,0,14.0,,1,,checked_out,0.546,False
STU_0422,6,5,0,2,0,4,37.0,1,1,0,61.9,72.8,-5.64,21.9,0,0,0,14.0,0.03,0,3.0,checked_out,0.461,False
STU_0422,7,4,1,1,0,2,27.7,0,1,0,55.1,70.3,-7.07,33.35,0,0,0,14.0,,0,,checked_out,0.4,False
STU_0422,8,4,1,0,0,2,24.8,1,3,0,57.9,68.7,-2.02,7.73,0,0,0,14.0,-0.17,0,2.0,checked_out,0.374,False
STU_0422,9,4,1,0,1,2,49.9,1,1,0,57.3,67.4,1.06,1.37,0,0,0,14.0,,1,,checked_out,0.38,True
STU_0422,10,3,2,3,0,3,10.0,0,0,0,62.5,66.9,2.31,5.44,0,0,0,14.0,-0.43,0,3.0,checked_out,0.382,True
STU_0422,11,3,2,3,0,5,42.7,1,0,0,61.7,66.5,2.21,5.27,0,0,0,14.0,,0,,checked_out,0.439,False
STU_0422,12,4,1,1,0,2,41.9,2,0,0,55.0,65.5,-3.75,11.28,0,0,0,14.0,-0.56,0,3.0,checked_out,0.419,False
STU_0422,13,5,0,3,0,6,37.5,2,1,0,52.7,64.5,-4.5,14.58,0,0,0,14.0,,0,,checked_out,0.451,False
STU_0422,14,3,2,3,0,1,37.7,2,0,0,61.4,64.3,3.2,13.61,0,0,0,14.0,-0.4,0,3.0,checked_out,0.425,False
STU_0422,15,3,2,0,1,3,40.0,1,0,0,70.7,64.7,9.02,54.26,0,0,0,14.0,,0,,checked_out,0.432,False
STU_0422,16,4,1,0,0,3,29.1,0,1,0,56.5,64.2,-2.44,34.67,0,0,0,14.0,-0.2,0,1.0,checked_out,0.344,False
STU_0423,1,4,1,1,0,3,36.7,0,1,0,73.6,73.6,0.0,0.0,0,0,0,14.0,,0,,checked_out,0.715,False
STU_0423,2,5,0,0,0,3,37.3,1,2,0,89.0,81.3,15.46,59.73,0,0,0,14.0,0.48,0,4.0,checked_out,0.691,False
STU_0423,3,4,1,3,0,6,48.9,0,0,0,72.4,78.3,-0.6,57.5,0,0,0,14.0,,0,,checked_out,0.708,False
STU_0423,4,5,0,0,0,2,46.0,1,2,0,71.8,76.7,-8.61,63.8,0,0,0,14.0,0.9,0,5.0,checked_out,0.613,False
STU_0423,5,5,0,0,0,3,41.5,1,0,0,62.8,73.9,-4.8,19.32,0,0,0,14.0,,0,,checked_out,0.548,False
STU_0423,6,4,1,1,0,4,31.3,1,1,0,54.9,70.7,-8.48,48.01,0,0,0,14.0,0.06,0,3.0,checked_out,0.523,False
STU_0423,7,4,1,1,1,1,38.0,2,0,0,64.5,69.9,0.86,17.7,0,0,0,14.0,,1,,checked_out,0.443,False
STU_0423,8,5,0,2,0,2,32.8,1,1,0,53.6,67.8,-0.63,23.81,0,0,0,14.0,-0.01,0,2.0,checked_out,0.337,False
STU_0423,9,4,1,0,0,4,32.0,1,0,0,58.7,66.8,-2.93,19.93,0,0,0,14.0,,1,,checked_out,0.336,True
STU_0423,10,3,2,0,1,4,32.8,0,0,0,48.3,65.0,-2.63,17.8,0,0,0,14.0,-0.57,0,2.0,checked_out,0.356,True
STU_0423,11,4,1,1,0,4,25.7,1,1,0,43.3,63.0,-7.69,40.98,0,0,0,14.0,,0,,checked_out,0.301,True
STU_0423,12,4,1,0,0,5,36.7,0,0,0,53.7,62.2,2.67,17.97,0,0,0,14.0,-0.63,0,3.0,checked_out,0.289,True
STU_0423,13,3,2,2,1,6,29.1,0,0,0,48.6,61.2,2.64,17.96,0,0,0,14.0,,1,,checked_out,0.254,True
STU_0423,14,4,1,1,1,1,25.5,1,0,0,53.7,60.6,0.03,5.84,0,0,0,14.0,-0.67,1,2.0,checked_out,0.234,True
STU_0423,15,5,0,0,0,3,46.2,0,1,0,61.6,60.7,6.5,28.58,0,0,0,14.0,,1,,checked_out,0.212,True
STU_0423,16,5,0,0,0,1,29.4,1,2,0,44.0,59.6,-4.89,51.96,0,0,0,14.0,-0.53,1,1.0,checked_out,0.205,True
STU_0424,1,4,1,2,0,3,55.1,1,1,0,78.1,78.1,0.0,0.0,0,0,0,14.0,,0,,checked_out,0.657,False
STU_0424,2,4,1,0,1,6,47.0,1,1,0,84.8,81.5,6.73,11.32,0,0,0,14.0,0.66,0,4.0,checked_out,0.714,False
STU_0424,3,3,2,1,1,7,54.2,1,0,0,76.0,79.6,-1.07,14.28,0,0,0,14.0,,1,,checked_out,0.679,False
STU_0424,4,4,1,1,0,1,31.4,1,0,0,80.4,79.8,-2.19,13.11,0,0,0,14.0,0.72,0,3.0,checked_out,0.656,False
STU_0424,5,5,0,0,0,3,49.9,0,2,0,71.6,78.2,-2.18,13.03,0,0,0,14.0,,0,,checked_out,0.639,False
STU_0424,6,5,0,1,0,7,30.6,1,0,0,67.0,76.3,-6.73,31.17,0,0,0,14.0,-0.08,0,3.0,checked_out,0.556,False
STU_0424,7,4,1,0,0,5,23.9,0,1,0,58.3,73.7,-6.65,30.38,0,0,0,14.0,,0,,checked_out,0.527,False
STU_0424,8,5,0,1,0,4,46.2,0,3,0,70.7,73.4,1.86,27.02,0,0,0,14.0,-0.08,0,3.0,checked_out,0.461,False
STU_0424,9,4,1,0,0,1,22.7,0,1,0,64.3,72.4,2.99,25.67,0,0,0,14.0,,0,,checked_out,0.458,False
STU_0424,10,4,1,1,0,2,32.5,2,0,0,46.3,69.7,-12.23,107.21,0,0,0,14.0,-0.4,1,4.0,checked_out,0.439,False
STU_0424,11,4,1,1,0,7,42.3,1,0,0,64.5,69.3,0.1,73.13,0,0,0,14.0,,0,,checked_out,0.392,False
STU_0424,12,3,2,1,0,1,36.0,1,2,0,58.5,68.4,6.1,57.57,0,0,0,14.0,-0.15,0,2.0,checked_out,0.448,False
STU_0424,13,3,2,1,0,2,37.3,1,0,0,66.2,68.2,0.84,10.98,0,0,0,14.0,,0,,checked_out,0.489,False
STU_0424,14,5,0,1,0,5,38.9,1,1,0,59.9,67.6,0.7,11.28,0,0,0,14.0,0.68,0,3.0,checked_out,0.474,False
STU_0424,15,5,0,0,0,6,52.5,0,2,0,73.1,68.0,3.44,29.08,0,0,0,14.0,,0,,checked_out,0.478,False
STU_0424,16,4,1,0,0,3,37.0,1,1,0,62.4,67.6,1.29,32.66,0,0,0,14.0,-0.4,0,3.0,checked_out,0.409,False
STU_0425,1,4,1,0,0,5,57.4,1,2,0,61.2,61.2,0.0,0.0,0,0,0,14.0,,0,,checked_out,0.757,False
STU_0425,2,3,2,2,1,3,48.5,1,1,0,75.2,68.2,14.04,49.31,0,0,0,14.0,0.51,0,3.0,checked_out,0.702,False
STU_0425,3,5,0,1,0,3,41.6,2,0,0,77.6,71.3,8.22,52.59,0,0,0,14.0,,0,,checked_out,0.675,False
STU_0425,4,3,2,1,1,7,51.7,1,0,0,75.8,72.4,0.3,1.04,0,0,0,14.0,0.62,0,3.0,checked_out,0.627,False
STU_0425,5,5,0,3,0,1,37.4,0,1,0,71.3,72.2,-3.18,7.15,0,0,0,14.0,,0,,checked_out,0.503,False
STU_0425,6,4,1,1,1,3,40.0,1,0,0,61.7,70.5,-7.05,34.47,0,0,0,14.0,-0.33,0,3.0,checked_out,0.445,False
STU_0425,7,3,2,0,0,4,42.5,0,0,0,57.4,68.6,-6.91,33.38,0,0,0,14.0,,0,,checked_out,0.365,False
STU_0425,8,4,1,0,0,1,33.1,1,1,0,49.2,66.2,-6.26,26.97,0,0,0,14.0,-0.35,0,2.0,checked_out,0.295,True
STU_0425,9,4,1,1,0,5,21.7,1,3,0,53.5,64.8,-1.99,11.28,0,0,0,14.0,,2,,checked_out,0.277,True
STU_0425,10,4,1,0,0,2,47.2,1,1,0,54.5,63.7,2.67,5.31,0,0,0,14.0,0.26,2,1.0,checked_out,0.247,True
STU_0425,11,4,1,0,0,2,41.7,1,2,0,44.1,62.0,-4.67,21.95,0,0,0,14.0,,0,,checked_out,0.196,True
STU_0425,12,5,0,1,0,1,38.2,1,3,0,41.7,60.3,-6.43,31.12,0,0,0,14.0,-0.73,1,2.0,checked_out,0.221,True
STU_0425,13,4,1,1,1,1,17.2,0,1,0,46.8,59.2,1.33,4.31,0,0,0,14.0,,2,,checked_out,0.209,True
STU_0425,14,4,1,2,0,5,17.3,0,3,0,45.5,58.2,1.88,4.63,0,0,0,14.0,0.1,0,2.0,checked_out,0.149,True
STU_0425,15,4,1,0,0,1,10.0,1,1,0,39.3,57.0,-3.75,10.69,0,0,0,14.0,,0,,checked_out,0.098,True
STU_0425,16,4,1,2,0,1,14.2,1,0,0,23.3,54.9,-11.05,86.74,0,0,0,14.0,-0.9,0,2.0,checked_out,0.038,True
STU_0426,1,4,1,3,1,19,75.3,2,0,3,52.4,52.4,0.0,0.0,4,1,2,0.8,,0,,genuinely_improving,0.55,False
STU_0426,2,3,2,1,1,8,131.2,2,0,3,54.1,53.2,1.7,0.72,1,1,2,1.7,0.06,1,3.0,genuinely_improving,0.639,False
STU_0426,3,3,2,1,1,21,120.0,1,0,1,54.6,53.7,1.11,0.9,7,1,2,1.5,,0,,genuinely_improving,0.745,False
STU_0426,4,5,0,1,0,20,172.0,3,1,2,64.2,56.3,5.07,21.72,3,2,1,0.9,0.05,0,4.0,genuinely_improving,0.821,False
STU_0426,5,5,0,0,0,18,166.4,2,0,1,67.3,58.5,6.35,29.27,6,1,1,2.2,,0,,genuinely_improving,0.863,False
STU_0426,6,5,0,0,0,18,194.9,2,0,1,80.2,62.1,7.98,47.77,1,1,2,2.1,0.38,0,4.0,genuinely_improving,0.975,False
STU_0426,7,5,0,0,0,20,188.5,3,0,3,74.9,63.9,3.79,27.88,6,2,1,1.4,,0,,genuinely_improving,0.978,False
STU_0426,8,5,0,0,0,23,191.9,3,0,2,70.5,64.8,-4.83,15.59,5,2,2,2.4,1.0,0,5.0,genuinely_improving,0.98,False
STU_0426,9,5,0,1,0,19,181.1,2,0,1,78.2,66.3,1.65,9.87,2,2,2,0.7,,0,,genuinely_improving,0.974,False
STU_0426,10,5,0,0,0,19,185.3,3,0,2,81.5,67.8,5.48,21.08,8,1,2,1.8,1.0,0,5.0,genuinely_improving,0.954,False
STU_0426,11,5,0,0,0,21,205.7,2,0,2,91.2,69.9,6.49,30.31,6,1,1,1.7,,0,,genuinely_improving,0.96,False
STU_0426,12,5,0,0,0,19,216.3,2,0,2,89.2,71.5,3.88,17.53,7,1,2,0.7,1.0,0,4.0,genuinely_improving,0.98,False
STU_0426,13,5,0,0,0,10,160.0,2,1,3,88.2,72.8,-1.48,1.5,6,1,1,0.7,,0,,genuinely_improving,0.939,False
STU_0426,14,5,0,0,0,20,190.2,3,0,3,100.0,74.7,5.38,28.44,5,1,2,1.2,1.0,0,5.0,genuinely_improving,0.978,False
STU_0426,15,5,0,0,0,21,208.8,2,0,3,92.7,75.9,2.23,23.66,5,2,1,1.1,,0,,genuinely_improving,0.976,False
STU_0426,16,5,0,0,0,19,206.3,2,0,2,100.0,77.4,-0.0,11.98,3,2,1,0.6,0.82,0,5.0,genuinely_improving,0.946,False
STU_0427,1,3,2,1,2,13,105.3,2,1,1,45.3,45.3,0.0,0.0,3,1,1,1.2,,0,,genuinely_improving,0.432,False
STU_0427,2,3,2,1,2,17,136.0,2,1,1,54.0,49.7,8.75,19.13,4,1,2,1.0,-0.74,1,3.0,genuinely_improving,0.513,False
STU_0427,3,3,2,3,1,14,57.5,2,2,3,60.0,53.1,7.35,36.42,4,1,1,0.8,,0,,genuinely_improving,0.538,False
STU_0427,4,5,0,0,0,12,134.5,3,0,1,61.9,55.3,3.94,11.26,6,1,1,2.0,0.83,0,3.0,genuinely_improving,0.643,False
STU_0427,5,5,0,1,0,15,146.2,2,0,1,67.4,57.7,3.72,9.9,2,1,1,1.2,,0,,genuinely_improving,0.692,False
STU_0427,6,5,0,1,0,15,163.8,2,0,2,69.1,59.6,3.59,9.4,3,1,1,1.6,0.96,0,4.0,genuinely_improving,0.763,False
STU_0427,7,5,0,0,0,15,134.7,1,1,4,66.0,60.5,-0.7,1.6,7,1,1,0.8,,0,,genuinely_improving,0.816,False
STU_0427,8,5,0,1,0,18,196.0,2,0,2,77.7,62.7,4.31,24.58,4,2,1,1.4,1.0,0,4.0,genuinely_improving,0.911,False
STU_0427,9,5,0,0,0,17,170.6,2,0,3,77.3,64.3,5.66,29.51,7,2,2,1.2,,0,,genuinely_improving,0.93,False
STU_0427,10,5,0,0,0,21,173.0,3,0,2,82.5,66.1,2.4,5.57,5,1,2,1.1,0.45,0,5.0,genuinely_improving,0.948,False
STU_0427,11,5,0,0,0,18,211.5,2,1,3,88.7,68.2,5.68,21.57,5,2,1,0.7,,0,,genuinely_improving,0.928,False
STU_0427,12,5,0,0,0,20,190.2,2,0,4,77.9,69.0,-2.32,19.6,4,1,1,0.8,1.0,1,5.0,genuinely_improving,0.913,False
STU_0427,13,5,0,0,0,20,265.3,1,0,4,87.7,70.4,-0.5,23.77,3,2,1,1.3,,0,,genuinely_improving,0.947,False
STU_0427,14,5,0,0,0,17,201.1,2,0,3,100.0,72.6,11.05,81.8,4,2,1,2.4,0.57,0,4.0,genuinely_improving,0.907,False
STU_0427,15,4,1,0,0,13,194.9,3,0,3,100.0,74.4,6.15,33.65,4,2,2,1.2,,0,,genuinely_improving,0.881,False
STU_0427,16,5,0,0,0,11,181.5,2,0,4,100.0,76.0,-0.0,0.0,2,1,1,0.6,0.98,0,5.0,genuinely_improving,0.847,False
STU_0428,1,3,2,1,2,9,106.5,1,0,2,48.0,48.0,0.0,0.0,5,1,1,1.4,,0,,genuinely_improving,0.445,False
STU_0428,2,3,2,1,1,12,137.2,2,1,1,59.4,53.7,11.42,32.58,2,1,1,2.4,-0.27,0,2.0,genuinely_improving,0.524,False
STU_0428,3,2,3,1,1,8,97.8,2,1,3,49.8,52.4,0.88,25.19,2,1,1,1.3,,0,,genuinely_improving,0.572,False
STU_0428,4,4,1,0,0,12,116.5,2,0,2,67.0,56.1,3.81,49.93,2,1,2,1.7,-0.28,1,4.0,genuinely_improving,0.581,False
STU_0428,5,5,0,0,0,16,123.1,2,0,0,65.1,57.9,7.66,59.62,5,1,1,1.8,,0,,genuinely_improving,0.644,False
STU_0428,6,5,0,0,0,17,145.2,2,0,1,69.3,59.8,1.13,2.96,4,1,1,1.0,0.18,0,3.0,genuinely_improving,0.651,False
STU_0428,7,5,0,1,0,15,169.7,2,1,4,64.7,60.5,-0.18,4.31,3,2,1,1.9,,0,,genuinely_improving,0.71,False
STU_0428,8,5,0,0,0,23,163.8,3,0,2,86.2,63.7,8.45,85.27,1,2,1,2.2,0.1,0,3.0,genuinely_improving,0.792,False
STU_0428,9,5,0,0,0,16,188.9,2,0,1,86.5,66.2,10.92,104.19,2,1,2,2.5,,0,,genuinely_improving,0.817,False
STU_0428,10,5,0,0,0,13,146.8,3,0,2,79.4,67.5,-3.4,10.85,2,1,1,0.9,0.44,0,5.0,genuinely_improving,0.806,False
STU_0428,11,5,0,0,0,19,136.2,2,1,2,83.5,69.0,-1.53,8.6,4,1,2,2.1,,0,,genuinely_improving,0.807,False
STU_0428,12,4,1,0,0,17,103.7,2,0,2,85.7,70.4,3.16,6.85,3,1,2,1.5,0.8,0,4.0,genuinely_improving,0.828,False
STU_0428,13,4,1,0,0,21,101.2,3,0,2,94.4,72.2,5.44,22.01,4,2,1,1.1,,0,,genuinely_improving,0.773,False
STU_0428,14,5,0,1,0,22,186.8,1,0,5,88.1,73.4,1.2,13.29,3,1,1,2.5,0.36,0,5.0,genuinely_improving,0.856,False
STU_0428,15,4,1,0,0,14,149.6,2,0,0,100.0,75.1,2.82,23.59,8,2,1,2.4,,0,,genuinely_improving,0.868,False
STU_0428,16,5,0,0,0,16,155.2,2,1,2,100.0,76.7,5.95,31.42,3,2,2,1.6,0.23,0,3.0,genuinely_improving,0.834,False
STU_0429,1,3,2,1,1,19,99.9,2,0,2,48.9,48.9,0.0,0.0,1,1,1,0.8,,0,,genuinely_improving,0.43,False
STU_0429,2,3,2,1,1,12,123.5,3,0,2,62.5,55.7,13.55,45.9,2,1,2,0.6,0.21,1,4.0,genuinely_improving,0.497,False
STU_0429,3,4,1,3,1,15,126.4,2,0,0,61.3,57.6,6.19,37.56,2,1,1,1.2,,0,,genuinely_improving,0.547,False
STU_0429,4,4,1,1,0,14,99.2,2,0,0,66.7,59.9,2.13,5.47,4,1,1,1.7,0.21,0,3.0,genuinely_improving,0.599,False
STU_0429,5,5,0,0,0,13,84.2,2,3,2,66.5,61.2,2.59,6.28,4,1,2,0.6,,0,,genuinely_improving,0.648,False
STU_0429,6,5,0,0,0,20,115.3,3,1,1,73.0,63.1,3.11,8.97,2,1,1,2.0,0.48,0,3.0,genuinely_improving,0.66,False
STU_0429,7,4,1,0,0,18,164.0,2,0,0,76.8,65.1,5.16,18.16,3,2,2,2.3,,0,,genuinely_improving,0.711,False
STU_0429,8,4,1,0,0,8,112.9,2,0,2,81.0,67.1,4.04,10.89,6,1,1,1.4,0.98,0,4.0,genuinely_improving,0.775,False
STU_0429,9,5,0,0,0,15,159.1,2,0,3,83.1,68.9,3.17,6.96,4,1,1,1.9,,1,,genuinely_improving,0.79,False
STU_0429,10,5,0,1,0,13,116.1,2,0,2,80.7,70.0,-0.19,1.2,7,1,1,1.2,0.13,0,3.0,genuinely_improving,0.85,False
STU_0429,11,5,0,0,0,19,165.5,2,0,1,85.9,71.5,1.35,4.5,2,1,1,1.7,,0,,genuinely_improving,0.86,False
STU_0429,12,5,0,0,0,21,149.3,2,1,1,92.3,73.2,5.84,22.83,3,2,2,0.6,0.78,0,4.0,genuinely_improving,0.854,False
STU_0429,13,5,0,0,0,20,191.9,3,0,4,91.3,74.6,2.74,8.12,3,1,1,2.2,,1,,genuinely_improving,0.883,False
STU_0429,14,5,0,0,0,19,153.6,1,0,1,99.9,76.4,3.76,14.5,3,2,2,1.1,0.89,0,5.0,genuinely_improving,0.867,False
STU_0429,15,4,1,0,0,15,168.2,2,0,3,100.0,78.0,4.34,16.45,7,1,1,2.2,,0,,genuinely_improving,0.823,False
STU_0429,16,5,0,0,0,13,138.3,3,1,3,100.0,79.4,0.07,0.0,4,1,1,2.5,0.56,0,5.0,genuinely_improving,0.817,False
STU_0430,1,2,3,3,2,19,83.2,1,1,1,49.0,49.0,0.0,0.0,2,1,2,2.1,,1,,genuinely_improving,0.448,False
STU_0430,2,3,2,1,2,13,107.5,1,1,0,56.0,52.5,7.0,12.26,2,2,1,1.3,-0.31,0,3.0,genuinely_improving,0.501,False
STU_0430,3,2,3,2,1,14,125.4,2,0,3,60.9,55.3,5.98,24.07,3,1,2,1.6,,0,,genuinely_improving,0.604,False
STU_0430,4,5,0,0,0,10,149.6,2,0,1,50.3,54.0,-2.83,18.81,0,2,1,2.2,-0.06,0,4.0,genuinely_improving,0.629,False
STU_0430,5,5,0,0,0,19,151.5,2,0,1,66.4,56.5,2.76,44.85,8,1,1,1.3,,0,,genuinely_improving,0.719,False
STU_0430,6,4,1,0,0,20,140.1,2,0,4,71.9,59.1,10.8,84.04,6,1,1,0.5,-0.29,0,3.0,genuinely_improving,0.832,False
STU_0430,7,5,0,1,0,15,167.5,1,0,3,71.4,60.8,2.45,6.01,2,1,1,2.3,,0,,genuinely_improving,0.894,False
STU_0430,8,4,1,1,0,23,143.9,2,0,4,76.5,62.8,2.3,5.34,2,1,1,1.3,0.42,0,5.0,genuinely_improving,0.967,False
STU_0430,9,4,1,1,0,15,190.2,2,0,2,71.9,63.8,0.26,5.36,6,2,2,1.7,,0,,genuinely_improving,0.957,False
STU_0430,10,5,0,0,0,20,194.4,1,0,2,79.2,65.3,1.33,9.06,6,2,2,0.7,1.0,0,5.0,genuinely_improving,0.98,False
STU_0430,11,5,0,0,0,22,237.3,2,0,1,87.1,67.3,7.61,38.67,7,1,2,1.9,,0,,genuinely_improving,0.968,False
STU_0430,12,4,1,1,0,19,152.1,3,0,0,82.5,68.6,1.65,10.61,5,1,1,1.9,1.0,0,3.0,genuinely_improving,0.939,False
STU_0430,13,5,0,0,0,19,190.1,2,0,6,89.6,70.2,1.22,8.66,5,2,1,0.7,,0,,genuinely_improving,0.892,False
STU_0430,14,5,0,0,0,18,163.6,2,0,2,91.1,71.7,4.32,14.13,3,1,1,0.9,0.42,0,4.0,genuinely_improving,0.829,False
STU_0430,15,4,1,0,0,18,158.5,3,1,0,100.0,73.6,5.22,21.2,3,2,1,1.7,,0,,genuinely_improving,0.808,False
STU_0430,16,4,1,0,0,14,146.2,2,0,2,98.8,75.2,3.88,15.65,1,2,2,0.7,0.36,1,4.0,genuinely_improving,0.827,False
STU_0431,1,2,3,1,2,11,150.3,2,0,1,57.8,57.8,0.0,0.0,3,2,1,1.0,,0,,genuinely_improving,0.437,False
STU_0431,2,4,1,2,1,11,130.1,2,0,0,57.4,57.6,-0.42,0.04,5,2,1,2.4,0.55,1,4.0,genuinely_improving,0.544,False
STU_0431,3,3,2,3,1,10,150.7,3,0,2,45.0,53.4,-6.42,35.5,7,2,1,1.7,,0,,genuinely_improving,0.659,False
STU_0431,4,5,0,0,0,12,169.4,2,1,3,57.0,54.3,-0.21,33.19,4,1,1,2.3,0.21,0,4.0,genuinely_improving,0.719,False
STU_0431,5,5,0,0,0,12,146.1,2,0,0,68.5,57.1,11.76,92.24,3,1,2,0.7,,0,,genuinely_improving,0.751,False
STU_0431,6,5,0,0,0,19,158.9,3,0,3,69.1,59.1,6.04,31.01,9,1,1,1.5,0.26,0,4.0,genuinely_improving,0.828,False
STU_0431,7,5,0,0,0,18,135.2,3,0,1,71.5,60.9,1.48,1.65,4,1,1,1.4,,0,,genuinely_improving,0.862,False
STU_0431,8,5,0,0,0,15,170.3,2,0,2,85.6,64.0,8.24,52.92,3,2,1,2.4,0.9,1,4.0,genuinely_improving,0.917,False
STU_0431,9,5,0,0,0,16,123.9,2,0,2,82.9,66.1,5.71,37.37,3,1,2,2.4,,0,,genuinely_improving,0.912,False
STU_0431,10,5,0,0,0,18,199.2,2,0,1,82.6,67.7,-1.48,1.79,3,2,2,1.0,0.72,0,4.0,genuinely_improving,0.911,False
STU_0431,11,5,0,0,0,16,163.1,2,0,2,88.6,69.6,2.86,7.65,4,1,1,0.6,,0,,genuinely_improving,0.929,False
STU_0431,12,5,0,0,0,20,165.9,2,0,3,87.7,71.1,2.56,7.01,5,1,1,1.2,0.13,0,4.0,genuinely_improving,0.878,False
STU_0431,13,5,0,0,0,16,183.2,1,0,0,90.3,72.6,0.87,1.19,3,1,1,0.5,,0,,genuinely_improving,0.897,False
STU_0431,14,5,0,0,0,15,230.9,2,0,2,90.9,73.9,1.58,1.9,4,1,1,0.9,0.99,0,5.0,genuinely_improving,0.883,False
STU_0431,15,5,0,0,0,24,149.4,2,0,0,96.7,75.4,3.2,8.41,7,2,1,1.1,,0,,genuinely_improving,0.855,False
STU_0431,16,5,0,0,0,18,152.7,2,0,2,99.3,76.9,4.23,12.53,1,1,2,2.3,0.54,0,5.0,genuinely_improving,0.883,False
STU_0432,1,3,2,3,2,10,93.5,3,1,1,53.1,53.1,0.0,0.0,4,1,1,1.9,,0,,genuinely_improving,0.48,False
STU_0432,2,3,2,1,1,11,120.4,2,1,1,51.1,52.1,-2.05,1.05,6,2,1,0.8,-0.2,0,2.0,genuinely_improving,0.498,False
STU_0432,3,2,3,1,2,16,142.0,2,0,2,56.8,53.7,1.81,5.51,5,2,1,2.2,,0,,genuinely_improving,0.589,False
STU_0432,4,5,0,0,0,19,129.2,3,0,2,59.4,55.1,4.16,12.03,8,1,1,0.6,0.57,0,4.0,genuinely_improving,0.705,False
STU_0432,5,5,0,0,0,10,149.9,2,0,0,58.4,55.8,0.82,1.18,2,1,1,2.3,,1,,genuinely_improving,0.771,False
STU_0432,6,5,0,0,0,16,126.2,2,0,1,78.2,59.5,9.38,82.64,2,2,1,2.2,0.62,0,4.0,genuinely_improving,0.875,False
STU_0432,7,5,0,0,0,19,123.1,2,0,5,74.6,61.7,8.11,74.0,5,1,1,2.2,,0,,genuinely_improving,0.918,False
STU_0432,8,5,0,1,0,18,151.8,2,0,2,76.1,63.5,-1.04,2.12,3,1,2,2.5,1.0,0,5.0,genuinely_improving,0.971,False
STU_0432,9,5,0,0,0,20,201.2,2,0,6,71.8,64.4,-1.4,3.13,4,2,1,1.1,,0,,genuinely_improving,0.98,False
STU_0432,10,4,1,1,0,20,197.8,2,0,5,73.0,65.2,-1.52,3.22,4,1,1,1.0,1.0,0,5.0,genuinely_improving,0.98,False
STU_0432,11,4,1,0,0,13,176.3,2,0,3,76.1,66.2,2.13,3.2,3,1,2,1.2,,1,,genuinely_improving,0.98,False
STU_0432,12,5,0,0,0,21,178.4,1,0,2,84.5,67.8,5.74,23.59,4,1,1,1.7,0.33,0,5.0,genuinely_improving,0.963,False
STU_0432,13,4,1,0,0,25,207.3,2,0,1,91.6,69.6,7.78,40.49,5,1,1,2.2,,0,,genuinely_improving,0.963,False
STU_0432,14,5,0,0,0,20,195.4,2,0,3,86.5,70.8,0.97,9.04,3,1,1,1.7,0.84,0,5.0,genuinely_improving,0.98,False
STU_0432,15,5,0,1,0,22,182.8,2,0,0,95.7,72.5,2.04,14.35,2,1,2,0.9,,0,,genuinely_improving,0.97,False
STU_0432,16,5,0,0,0,19,186.9,3,0,3,96.8,74.0,5.19,21.62,2,1,1,1.8,1.0,0,4.0,genuinely_improving,0.953,False
STU_0433,1,3,2,1,1,19,122.5,2,1,1,63.1,63.1,0.0,0.0,3,1,2,1.8,,0,,genuinely_improving,0.463,False
STU_0433,2,2,3,2,1,13,108.5,2,0,1,47.4,55.3,-15.71,61.73,3,1,1,2.4,-0.2,0,5.0,genuinely_improving,0.524,False
STU_0433,3,3,2,1,1,16,72.4,2,0,5,63.5,58.0,0.21,56.38,4,1,1,1.0,,0,,genuinely_improving,0.555,False
STU_0433,4,5,0,0,0,13,156.2,1,0,4,64.1,59.5,8.37,60.07,4,1,2,1.6,0.25,0,3.0,genuinely_improving,0.659,False
STU_0433,5,5,0,0,0,15,149.0,1,0,2,68.6,61.4,2.54,5.14,5,1,1,1.9,,0,,genuinely_improving,0.728,False
STU_0433,6,5,0,0,0,15,177.4,2,0,3,80.1,64.5,7.99,45.29,5,2,1,1.7,0.43,0,4.0,genuinely_improving,0.838,False
STU_0433,7,5,0,0,0,23,193.4,3,0,1,70.6,65.4,0.99,25.18,1,1,1,2.2,,0,,genuinely_improving,0.957,False
STU_0433,8,5,0,0,0,18,201.7,2,0,2,77.6,66.9,-1.23,16.24,2,2,1,1.2,1.0,0,4.0,genuinely_improving,0.974,False
STU_0433,9,5,0,1,0,19,176.7,2,0,2,73.4,67.6,1.42,8.37,5,1,2,1.1,,0,,genuinely_improving,0.935,False
STU_0433,10,4,1,0,0,18,218.1,1,1,1,76.0,68.5,-0.83,2.99,3,2,1,1.4,1.0,0,5.0,genuinely_improving,0.903,False
STU_0433,11,5,0,0,0,18,203.2,2,0,1,81.7,69.7,4.16,12.09,3,2,1,1.1,,0,,genuinely_improving,0.929,False
STU_0433,12,4,1,1,0,22,181.3,3,0,6,90.3,71.4,7.18,34.77,4,1,1,1.6,1.0,0,5.0,genuinely_improving,0.941,False
STU_0433,13,5,0,0,0,17,179.2,2,0,2,87.8,72.7,3.04,13.01,6,1,1,2.2,,0,,genuinely_improving,0.952,False
STU_0433,14,5,0,0,0,15,131.8,2,0,7,96.7,74.4,3.18,13.9,6,1,2,1.0,0.39,0,4.0,genuinely_improving,0.943,False
STU_0433,15,5,0,0,0,11,178.5,1,0,1,92.3,75.6,2.23,13.07,5,1,1,2.1,,0,,genuinely_improving,0.98,False
STU_0433,16,5,0,1,0,16,141.9,2,0,2,100.0,77.1,1.65,9.93,5,1,1,0.5,1.0,0,5.0,genuinely_improving,0.933,False
STU_0434,1,4,1,2,1,12,117.9,2,1,1,51.5,51.5,0.0,0.0,3,1,1,1.8,,0,,genuinely_improving,0.43,False
STU_0434,2,3,2,3,1,12,134.4,2,2,1,54.8,53.1,3.32,2.76,4,1,1,2.3,-0.13,0,3.0,genuinely_improving,0.531,False
STU_0434,3,3,2,2,2,12,120.4,1,1,0,61.2,55.8,4.9,16.53,3,1,1,0.7,,1,,genuinely_improving,0.591,False
STU_0434,4,5,0,1,0,11,139.2,2,0,3,67.1,58.7,6.18,25.47,4,1,1,2.3,0.01,0,4.0,genuinely_improving,0.661,False
STU_0434,5,4,1,0,0,14,127.0,3,0,1,74.3,61.8,6.5,28.29,2,2,1,1.0,,0,,genuinely_improving,0.728,False
STU_0434,6,5,0,0,0,20,184.7,3,0,0,73.7,63.8,3.27,10.43,4,2,2,0.7,0.82,0,4.0,genuinely_improving,0.786,False
STU_0434,7,5,0,0,0,22,171.8,2,1,4,69.8,64.6,-2.23,3.93,3,2,1,2.1,,0,,genuinely_improving,0.833,False
STU_0434,8,5,0,0,0,17,140.1,2,0,2,79.0,66.4,2.67,14.34,2,2,1,1.4,0.55,0,5.0,genuinely_improving,0.884,False
STU_0434,9,5,0,0,0,19,109.3,2,0,1,78.8,67.8,4.49,18.46,6,2,1,1.0,,0,,genuinely_improving,0.829,False
STU_0434,10,5,0,0,0,14,94.2,2,0,3,91.3,70.1,6.16,34.42,1,1,1,2.2,1.0,0,5.0,genuinely_improving,0.858,False
STU_0434,11,5,0,0,0,15,158.4,2,0,3,78.6,70.9,-0.07,35.48,4,2,2,1.6,,0,,genuinely_improving,0.887,False
STU_0434,12,5,0,0,0,18,174.7,2,0,0,88.5,72.4,-1.44,29.54,6,2,2,0.5,0.59,0,3.0,genuinely_improving,0.882,False
STU_0434,13,4,1,1,0,15,182.5,2,0,0,81.4,73.1,1.39,17.04,3,1,2,1.2,,0,,genuinely_improving,0.903,False
STU_0434,14,5,0,0,0,17,195.4,3,0,3,98.0,74.9,4.76,45.95,0,1,2,1.2,0.32,0,5.0,genuinely_improving,0.941,False
STU_0434,15,5,0,0,0,18,159.1,2,0,3,94.2,76.1,6.38,50.1,3,2,1,2.2,,0,,genuinely_improving,0.957,False
STU_0434,16,4,1,0,0,16,179.2,2,0,5,100.0,77.6,1.01,5.78,3,1,1,0.6,0.57,0,4.0,genuinely_improving,0.968,False
STU_0435,1,4,1,2,1,17,64.0,2,0,0,54.3,54.3,0.0,0.0,6,2,2,0.7,,0,,genuinely_improving,0.449,False
STU_0435,2,3,2,2,2,9,124.9,2,2,2,53.1,53.7,-1.22,0.37,6,1,2,1.0,-0.37,1,3.0,genuinely_improving,0.503,False
STU_0435,3,3,2,2,1,9,98.1,3,0,0,65.1,57.5,5.39,29.1,5,2,2,2.4,,0,,genuinely_improving,0.557,False
STU_0435,4,5,0,0,0,11,117.7,2,0,0,56.1,57.1,1.51,26.0,11,2,2,1.7,0.2,0,3.0,genuinely_improving,0.626,False
STU_0435,5,5,0,1,0,19,145.3,2,0,4,63.7,58.5,-0.67,15.68,4,1,1,0.7,,0,,genuinely_improving,0.692,False
STU_0435,6,5,0,0,0,19,179.2,2,1,2,72.5,60.8,8.21,45.01,3,2,1,1.2,0.28,0,2.0,genuinely_improving,0.75,False
STU_0435,7,5,0,0,0,9,176.1,2,0,1,72.7,62.5,4.48,17.49,4,1,1,0.6,,0,,genuinely_improving,0.813,False
STU_0435,8,5,0,0,0,20,147.6,2,0,2,72.5,63.7,-0.01,0.01,3,1,1,2.2,0.86,0,4.0,genuinely_improving,0.847,False
STU_0435,9,5,0,0,0,14,186.5,2,0,1,82.2,65.8,4.77,20.66,4,2,1,2.3,,0,,genuinely_improving,0.852,False
STU_0435,10,5,0,0,0,15,156.1,2,0,2,89.7,68.2,8.62,49.85,6,1,1,0.8,0.58,1,3.0,genuinely_improving,0.814,False
STU_0435,11,4,1,0,0,15,123.8,2,0,2,85.6,69.8,1.67,9.4,4,1,2,0.5,,0,,genuinely_improving,0.849,False
STU_0435,12,5,0,0,0,17,160.2,2,2,0,86.6,71.2,-1.55,3.1,3,1,1,0.7,0.69,0,5.0,genuinely_improving,0.885,False
STU_0435,13,5,0,0,0,20,115.3,2,0,1,84.6,72.2,-0.49,0.68,1,2,2,2.3,,0,,genuinely_improving,0.857,False
STU_0435,14,5,0,0,0,13,154.5,3,0,0,91.3,73.6,2.32,7.78,2,2,1,1.6,0.7,0,4.0,genuinely_improving,0.812,False
STU_0435,15,4,1,0,0,21,189.2,2,0,2,99.9,75.3,7.63,39.03,4,2,2,0.8,,0,,genuinely_improving,0.801,False
STU_0435,16,5,0,0,0,16,179.9,1,0,0,100.0,76.9,4.36,16.69,7,1,1,1.0,0.37,0,5.0,genuinely_improving,0.864,False
STU_0436,1,2,3,1,1,14,125.8,2,0,1,47.2,47.2,0.0,0.0,3,1,1,2.3,,0,,genuinely_improving,0.444,False
STU_0436,2,2,3,2,1,13,106.1,2,1,0,55.8,51.5,8.65,18.7,2,1,1,1.8,0.44,0,3.0,genuinely_improving,0.523,False
STU_0436,3,3,2,2,2,13,99.0,2,0,1,57.7,53.6,5.27,21.07,6,2,1,2.1,,0,,genuinely_improving,0.559,False
STU_0436,4,5,0,0,0,16,107.9,2,1,2,63.3,56.0,3.76,10.18,7,1,1,2.1,0.39,0,4.0,genuinely_improving,0.656,False
STU_0436,5,5,0,0,0,16,156.6,2,1,1,71.0,59.0,6.64,29.64,5,2,2,1.5,,0,,genuinely_improving,0.703,False
STU_0436,6,5,0,0,0,17,161.0,2,0,4,70.8,61.0,3.72,12.68,1,1,1,0.7,0.46,1,3.0,genuinely_improving,0.795,False
STU_0436,7,5,0,0,0,21,204.0,3,0,2,74.6,62.9,1.83,3.16,7,1,1,2.2,,0,,genuinely_improving,0.883,False
STU_0436,8,4,1,0,0,18,218.2,3,0,4,81.4,65.2,5.32,19.35,1,1,2,2.5,1.0,0,5.0,genuinely_improving,0.919,False
STU_0436,9,5,0,0,0,18,150.2,2,0,3,84.1,67.3,4.72,15.8,5,2,2,2.2,,0,,genuinely_improving,0.918,False
STU_0436,10,5,0,0,0,18,185.1,2,0,6,76.1,68.2,-2.66,11.02,2,2,2,0.7,1.0,0,5.0,genuinely_improving,0.959,False
STU_0436,11,5,0,0,0,15,174.0,2,0,1,88.8,70.1,2.37,27.57,2,1,1,0.9,,0,,genuinely_improving,0.946,False
STU_0436,12,4,1,0,0,18,175.4,3,0,2,91.1,71.8,7.52,43.73,5,1,1,2.5,1.0,0,3.0,genuinely_improving,0.98,False
STU_0436,13,5,0,0,0,17,210.0,2,0,4,95.6,73.7,3.37,7.82,4,1,1,1.3,,0,,genuinely_improving,0.939,False
STU_0436,14,5,0,1,0,23,148.5,2,0,1,86.7,74.6,-2.21,13.05,6,2,1,1.6,1.0,0,5.0,genuinely_improving,0.947,False
STU_0436,15,5,0,1,0,21,146.5,1,0,1,100.0,76.3,2.22,30.5,4,2,1,2.0,,0,,genuinely_improving,0.887,False
STU_0436,16,5,0,0,0,21,143.5,2,0,0,100.0,77.8,6.64,39.22,2,1,1,1.4,0.57,0,5.0,genuinely_improving,0.851,False
STU_0437,1,3,2,2,1,11,162.2,2,1,2,48.0,48.0,0.0,0.0,3,2,1,0.6,,0,,genuinely_improving,0.515,False
STU_0437,2,4,1,1,1,12,151.5,3,0,4,51.1,49.5,3.18,2.52,6,2,1,2.5,0.01,0,4.0,genuinely_improving,0.628,False
STU_0437,3,2,3,2,1,16,153.5,2,0,3,56.4,51.8,4.21,12.08,5,2,1,1.5,,0,,genuinely_improving,0.675,False
STU_0437,4,5,0,0,0,14,113.4,1,0,0,67.7,55.8,8.3,47.99,4,2,1,1.2,0.7,0,3.0,genuinely_improving,0.711,False
STU_0437,5,4,1,0,0,15,142.2,2,0,0,73.8,59.4,8.68,51.84,6,2,1,2.0,,0,,genuinely_improving,0.772,False
STU_0437,6,5,0,0,0,14,133.7,2,0,1,62.6,59.9,-2.57,20.81,3,1,2,1.6,0.63,0,4.0,genuinely_improving,0.82,False
STU_0437,7,4,1,0,0,26,163.0,2,0,6,78.9,62.6,2.57,46.33,6,2,1,1.0,,0,,genuinely_improving,0.893,False
STU_0437,8,4,1,1,0,13,205.0,2,0,2,72.6,63.9,5.01,45.08,4,1,1,2.0,0.81,0,5.0,genuinely_improving,0.941,False
STU_0437,9,5,0,1,0,21,222.5,2,0,5,71.4,64.7,-3.74,10.76,4,1,1,0.7,,0,,genuinely_improving,0.975,False
STU_0437,10,5,0,0,0,21,192.8,2,0,2,82.6,66.5,5.01,25.25,7,1,1,0.7,1.0,0,5.0,genuinely_improving,0.945,False
STU_0437,11,5,0,0,0,17,187.9,3,0,1,82.2,67.9,5.41,26.95,4,2,1,1.5,,0,,genuinely_improving,0.941,False
STU_0437,12,5,0,0,0,17,184.4,2,0,2,83.9,69.3,0.65,0.52,2,2,1,2.4,0.65,0,5.0,genuinely_improving,0.98,False
STU_0437,13,5,0,0,0,16,186.3,2,0,1,89.5,70.8,3.61,9.53,6,1,2,2.0,,0,,genuinely_improving,0.97,False
STU_0437,14,5,0,0,0,15,183.5,2,0,2,98.8,72.8,7.45,37.79,7,1,2,1.3,0.88,0,5.0,genuinely_improving,0.921,False
STU_0437,15,5,0,0,0,19,154.4,1,0,1,99.1,74.6,4.81,20.03,4,1,2,1.6,,0,,genuinely_improving,0.886,False
STU_0437,16,5,0,0,0,19,190.4,2,0,1,99.6,76.1,0.38,0.1,4,2,1,2.0,0.97,0,4.0,genuinely_improving,0.892,False
STU_0438,1,4,1,1,1,16,154.7,2,0,1,40.8,40.8,0.0,0.0,5,1,1,2.3,,0,,genuinely_improving,0.524,False
STU_0438,2,3,2,2,2,10,120.2,1,1,0,59.5,50.2,18.68,87.19,5,2,1,2.1,-0.11,0,3.0,genuinely_improving,0.561,False
STU_0438,3,3,2,2,2,6,115.2,2,0,0,53.5,51.3,6.33,60.59,7,1,1,1.1,,0,,genuinely_improving,0.585,False
STU_0438,4,5,0,0,0,14,112.2,1,0,1,65.6,54.9,3.05,24.42,3,1,1,1.5,0.72,0,5.0,genuinely_improving,0.68,False
STU_0438,5,5,0,0,0,11,145.1,2,0,0,66.6,57.2,6.54,35.37,4,2,1,2.2,,0,,genuinely_improving,0.715,False
STU_0438,6,5,0,0,0,17,193.8,2,1,1,72.0,59.7,3.2,7.94,4,1,1,2.0,0.73,0,4.0,genuinely_improving,0.815,False
STU_0438,7,5,0,0,0,22,190.9,3,0,3,71.1,61.3,2.28,5.68,1,2,1,2.3,,0,,genuinely_improving,0.898,False
STU_0438,8,5,0,0,0,21,169.6,2,0,1,74.9,63.0,1.44,2.58,2,2,1,1.6,1.0,0,3.0,genuinely_improving,0.938,False
STU_0438,9,5,0,0,0,15,203.2,3,0,4,78.8,64.8,3.85,9.89,3,1,1,1.0,,1,,genuinely_improving,0.98,False
STU_0438,10,5,0,0,0,15,188.6,2,0,5,89.3,67.2,7.2,36.87,4,1,2,1.5,0.81,0,5.0,genuinely_improving,0.979,False
STU_0438,11,5,0,1,0,20,159.9,3,0,3,87.6,69.1,4.37,20.95,5,1,2,2.5,,0,,genuinely_improving,0.971,False
STU_0438,12,5,0,0,0,27,209.4,3,0,2,91.5,70.9,1.12,2.62,1,2,2,1.4,0.68,0,5.0,genuinely_improving,0.98,False
STU_0438,13,5,0,0,0,26,187.3,2,0,2,94.6,72.8,3.51,8.27,7,1,1,2.3,,0,,genuinely_improving,0.963,False
STU_0438,14,5,0,0,0,20,166.3,3,0,2,92.3,74.2,0.39,1.7,6,1,1,1.0,0.92,0,5.0,genuinely_improving,0.979,False
STU_0438,15,5,0,1,0,21,184.1,1,0,5,100.0,75.9,2.7,10.39,0,2,1,2.3,,0,,genuinely_improving,0.966,False
STU_0438,16,5,0,0,0,19,141.3,2,0,5,100.0,77.4,3.84,13.14,5,2,1,1.5,0.88,0,5.0,genuinely_improving,0.952,False
STU_0439,1,4,1,1,1,20,117.2,3,1,2,52.7,52.7,0.0,0.0,5,2,2,0.9,,0,,genuinely_improving,0.468,False
STU_0439,2,3,2,2,2,12,79.7,2,1,0,62.3,57.5,9.64,23.21,1,2,1,1.4,-0.84,0,3.0,genuinely_improving,0.538,False
STU_0439,3,3,2,2,1,15,108.2,2,1,1,64.6,59.9,6.0,26.93,1,1,2,1.5,,1,,genuinely_improving,0.609,False
STU_0439,4,5,0,0,0,15,146.0,3,0,4,61.4,60.3,-0.44,1.86,3,2,1,1.9,0.46,0,3.0,genuinely_improving,0.672,False
STU_0439,5,5,0,1,0,13,175.8,3,0,1,64.6,61.1,-0.04,2.26,7,1,1,2.2,,0,,genuinely_improving,0.756,False
STU_0439,6,4,1,0,0,20,165.6,2,0,1,70.3,62.7,4.46,13.67,3,2,2,0.6,-0.06,0,3.0,genuinely_improving,0.796,False
STU_0439,7,5,0,0,0,15,160.2,1,0,2,72.9,64.1,4.19,12.25,4,1,1,2.4,,0,,genuinely_improving,0.804,False
STU_0439,8,4,1,0,0,16,149.6,2,2,3,80.3,66.1,4.97,17.76,3,1,1,1.3,0.54,0,3.0,genuinely_improving,0.899,False
STU_0439,9,4,1,0,0,15,157.1,2,0,2,79.6,67.6,3.32,10.97,3,2,2,1.0,,0,,genuinely_improving,0.887,False
STU_0439,10,4,1,0,0,18,175.5,3,0,3,81.0,69.0,0.35,0.33,0,1,2,0.7,1.0,0,5.0,genuinely_improving,0.89,False
STU_0439,11,5,0,0,0,16,159.5,2,1,1,79.1,69.9,-0.24,0.65,4,1,1,2.3,,0,,genuinely_improving,0.902,False
STU_0439,12,5,0,0,0,19,155.8,2,0,1,86.8,71.3,2.91,10.78,1,2,1,2.0,1.0,0,5.0,genuinely_improving,0.913,False
STU_0439,13,5,0,0,0,20,199.5,1,0,1,97.2,73.3,9.06,55.18,2,2,1,0.7,,0,,genuinely_improving,0.966,False
STU_0439,14,5,0,0,0,20,215.1,2,1,1,97.3,75.0,5.26,24.33,1,1,2,1.8,1.0,1,4.0,genuinely_improving,0.946,False
STU_0439,15,5,0,1,0,21,188.3,1,0,5,100.0,76.7,1.38,1.64,4,1,1,0.9,,0,,genuinely_improving,0.954,False
STU_0439,16,5,0,1,0,14,161.1,3,0,5,96.0,77.9,-0.67,2.78,2,1,1,2.5,0.72,0,4.0,genuinely_improving,0.926,False
STU_0440,1,3,2,1,2,9,108.3,2,0,1,45.4,45.4,0.0,0.0,2,1,1,1.7,,0,,genuinely_improving,0.477,False
STU_0440,2,4,1,1,1,11,51.8,1,0,3,49.6,47.5,4.18,4.36,3,2,2,2.1,-0.26,0,2.0,genuinely_improving,0.561,False
STU_0440,3,3,2,2,2,8,149.7,3,0,0,56.3,50.4,5.41,19.84,4,2,1,0.6,,0,,genuinely_improving,0.597,False
STU_0440,4,5,0,0,0,18,137.3,2,0,3,65.0,54.1,7.69,39.72,6,2,1,2.4,0.29,1,3.0,genuinely_improving,0.665,False
STU_0440,5,5,0,1,0,21,116.1,2,0,0,70.2,57.3,6.96,32.98,3,2,1,2.3,,0,,genuinely_improving,0.762,False
STU_0440,6,5,0,0,0,13,145.1,1,0,1,65.2,58.6,0.08,5.75,5,2,1,2.5,0.94,1,5.0,genuinely_improving,0.803,False
STU_0440,7,5,0,0,0,17,187.9,1,0,2,72.9,60.6,1.35,10.19,8,1,1,1.3,,0,,genuinely_improving,0.826,False
STU_0440,8,5,0,0,0,16,211.6,1,0,0,77.4,62.7,6.13,25.59,3,1,1,0.7,1.0,0,4.0,genuinely_improving,0.927,False
STU_0440,9,5,0,0,0,15,211.5,1,0,5,74.8,64.1,0.95,3.48,4,2,2,1.4,,0,,genuinely_improving,0.901,False
STU_0440,10,5,0,0,0,24,185.5,2,0,2,83.2,66.0,2.87,12.23,3,2,1,2.4,0.73,0,5.0,genuinely_improving,0.893,False
STU_0440,11,5,0,0,0,19,196.0,3,0,3,87.4,67.9,6.32,27.56,4,2,1,0.5,,0,,genuinely_improving,0.871,False
STU_0440,12,5,0,1,0,19,192.7,2,0,3,88.3,69.6,2.56,5.0,3,2,1,2.5,0.42,0,5.0,genuinely_improving,0.89,False
STU_0440,13,4,1,1,0,16,161.8,2,0,2,94.7,71.6,3.66,10.7,4,2,2,0.7,,0,,genuinely_improving,0.89,False
STU_0440,14,5,0,0,0,25,179.8,1,0,3,100.0,73.6,5.86,23.0,4,1,2,2.5,0.78,0,3.0,genuinely_improving,0.931,False
STU_0440,15,5,0,0,0,13,167.5,1,0,2,97.7,75.2,1.5,4.63,2,2,1,1.6,,0,,genuinely_improving,0.914,False
STU_0440,16,5,0,0,0,16,187.1,2,0,0,100.0,76.8,-0.0,1.13,4,2,1,0.6,0.66,0,4.0,genuinely_improving,0.896,False
STU_0441,1,3,2,1,2,10,108.3,2,2,2,45.4,45.4,0.0,0.0,2,1,1,0.5,,2,,genuinely_improving,0.377,False
STU_0441,2,4,1,2,1,11,100.8,2,0,0,53.9,49.7,8.48,17.96,0,1,1,2.3,0.26,0,3.0,genuinely_improving,0.409,False
STU_0441,3,4,1,3,1,10,90.6,3,0,1,54.5,51.3,4.52,17.09,6,2,1,1.7,,2,,genuinely_improving,0.473,False
STU_0441,4,5,0,1,0,12,101.8,2,1,1,65.2,54.7,5.67,27.25,3,1,1,0.6,0.05,0,3.0,genuinely_improving,0.491,False
STU_0441,5,5,0,0,0,17,182.2,2,0,5,63.5,56.5,4.55,22.42,3,1,1,1.4,,0,,genuinely_improving,0.55,False
STU_0441,6,5,0,0,0,14,168.4,2,0,1,67.5,58.3,1.13,2.62,1,1,1,2.3,0.49,0,3.0,genuinely_improving,0.629,False
STU_0441,7,5,0,0,0,18,130.0,2,0,3,67.2,59.6,1.83,3.23,5,2,2,1.3,,0,,genuinely_improving,0.715,False
STU_0441,8,5,0,0,0,15,119.6,2,0,1,72.9,61.3,2.71,6.9,1,1,1,2.1,-0.09,1,4.0,genuinely_improving,0.805,False
STU_0441,9,5,0,0,0,18,197.7,3,0,7,78.9,63.2,5.83,22.7,7,1,1,1.1,,0,,genuinely_improving,0.853,False
STU_0441,10,5,0,0,0,21,184.1,2,0,2,84.7,65.4,5.88,23.06,5,1,1,0.9,0.56,0,3.0,genuinely_improving,0.864,False
STU_0441,11,5,0,0,0,21,144.4,1,0,4,93.2,67.9,7.15,34.48,2,2,2,2.3,,0,,genuinely_improving,0.874,False
STU_0441,12,5,0,0,0,17,161.7,2,0,3,85.6,69.4,0.44,14.55,2,2,1,1.6,0.56,0,4.0,genuinely_improving,0.855,False
STU_0441,13,4,1,0,0,20,157.6,3,0,1,92.7,71.2,-0.23,12.15,1,1,1,1.9,,0,,genuinely_improving,0.814,False
STU_0441,14,5,0,0,0,14,175.5,2,0,3,88.0,72.4,1.2,8.83,4,2,1,0.9,-0.22,0,3.0,genuinely_improving,0.87,False
STU_0441,15,5,0,1,0,19,129.8,2,0,1,96.6,74.0,1.96,12.59,7,1,1,1.4,,0,,genuinely_improving,0.833,False
STU_0441,16,5,0,1,0,18,150.0,2,0,3,100.0,75.6,6.02,25.75,2,2,1,2.0,0.8,0,3.0,genuinely_improving,0.85,False
STU_0442,1,3,2,2,2,13,45.7,2,1,0,45.8,45.8,0.0,0.0,2,1,1,1.1,,1,,genuinely_improving,0.463,False
STU_0442,2,4,1,2,1,22,129.9,1,0,4,51.2,48.5,5.38,7.24,3,2,1,2.2,0.3,0,3.0,genuinely_improving,0.563,False
STU_0442,3,2,3,3,1,12,149.5,2,2,0,53.9,50.3,4.05,11.33,6,2,2,1.4,,0,,genuinely_improving,0.623,False
STU_0442,4,5,0,0,0,15,163.6,3,0,1,62.9,53.4,5.88,25.25,5,1,2,0.7,-0.42,0,4.0,genuinely_improving,0.686,False
STU_0442,5,5,0,0,0,15,129.2,2,1,3,71.1,57.0,8.6,49.4,5,1,2,1.7,,0,,genuinely_improving,0.784,False
STU_0442,6,5,0,1,0,23,180.3,2,1,1,68.8,59.0,2.96,11.88,2,1,1,1.3,0.67,0,4.0,genuinely_improving,0.836,False
STU_0442,7,5,0,0,0,15,232.8,2,0,0,71.9,60.8,0.42,1.72,4,1,1,1.3,,0,,genuinely_improving,0.933,False
STU_0442,8,5,0,0,0,23,162.1,3,0,4,79.2,63.1,5.18,18.88,7,1,1,1.0,0.6,0,5.0,genuinely_improving,0.967,False
STU_0442,9,5,0,0,0,25,163.2,2,0,2,84.0,65.4,6.02,24.49,4,1,1,1.7,,0,,genuinely_improving,0.98,False
STU_0442,10,5,0,0,0,15,179.7,2,0,2,80.9,67.0,0.83,3.92,5,1,1,1.9,1.0,1,5.0,genuinely_improving,0.98,False
STU_0442,11,5,0,0,0,15,192.6,1,0,3,88.9,69.0,2.48,11.08,2,1,1,2.3,,1,,genuinely_improving,0.98,False
STU_0442,12,5,0,0,0,17,182.7,2,0,2,78.2,69.7,-1.35,20.96,2,1,1,1.0,0.84,0,4.0,genuinely_improving,0.97,False
STU_0442,13,5,0,0,0,20,116.7,2,0,1,88.6,71.2,-0.17,24.99,1,1,1,2.3,,0,,genuinely_improving,0.923,False
STU_0442,14,5,0,0,0,21,151.4,2,0,2,94.2,72.8,8.02,44.17,4,2,2,1.4,0.67,0,5.0,genuinely_improving,0.878,False
STU_0442,15,5,0,0,0,19,194.2,1,0,2,99.6,74.6,5.52,20.32,3,2,1,2.1,,0,,genuinely_improving,0.895,False
STU_0442,16,5,0,0,0,16,170.6,3,0,0,100.0,76.2,2.89,7.01,1,1,2,0.8,0.41,0,4.0,genuinely_improving,0.88,False
STU_0443,1,2,3,2,1,16,106.7,1,2,1,47.0,47.0,0.0,0.0,1,2,1,0.5,,1,,genuinely_improving,0.401,False
STU_0443,2,2,3,2,2,10,111.8,2,0,1,49.1,48.1,2.08,1.09,9,1,1,1.8,0.03,0,4.0,genuinely_improving,0.48,False
STU_0443,3,3,2,1,2,10,97.6,1,0,3,62.3,52.8,7.61,45.38,6,1,1,0.6,,0,,genuinely_improving,0.541,False
STU_0443,4,5,0,0,0,16,127.5,2,0,0,62.3,55.2,6.61,38.59,4,1,2,0.8,0.4,0,3.0,genuinely_improving,0.658,False
STU_0443,5,4,1,0,0,16,129.4,2,1,2,63.1,56.8,0.43,0.15,2,1,1,1.1,,0,,genuinely_improving,0.72,False
STU_0443,6,5,0,1,0,12,180.1,2,0,5,63.0,57.8,0.33,0.12,6,2,1,1.3,1.0,0,4.0,genuinely_improving,0.794,False
STU_0443,7,4,1,1,0,17,203.1,3,2,3,68.2,59.3,2.56,5.94,6,1,1,2.1,,0,,genuinely_improving,0.877,False
STU_0443,8,5,0,0,0,20,136.8,1,0,2,78.7,61.7,7.84,42.48,3,1,1,2.1,1.0,0,4.0,genuinely_improving,0.901,False
STU_0443,9,4,1,0,0,18,148.0,2,1,2,78.8,63.6,5.29,24.57,1,1,1,1.7,,0,,genuinely_improving,0.929,False
STU_0443,10,5,0,0,0,24,181.8,2,0,1,81.2,65.4,1.27,1.37,6,1,1,0.9,0.73,0,3.0,genuinely_improving,0.969,False
STU_0443,11,4,1,0,0,20,168.8,3,0,2,87.2,67.4,4.2,12.44,1,1,1,0.9,,0,,genuinely_improving,0.945,False
STU_0443,12,5,0,0,0,12,154.6,2,0,1,91.6,69.4,5.18,18.0,4,2,1,2.1,0.92,0,5.0,genuinely_improving,0.942,False
STU_0443,13,5,0,0,0,22,182.3,3,0,0,92.3,71.2,2.54,5.04,7,1,1,1.4,,0,,genuinely_improving,0.945,False
STU_0443,14,4,1,0,0,22,150.0,2,0,3,97.9,73.1,3.18,8.12,3,1,1,1.7,0.31,0,5.0,genuinely_improving,0.98,False
STU_0443,15,5,0,0,0,23,150.1,2,0,2,99.1,74.8,3.43,8.95,2,1,1,0.5,,0,,genuinely_improving,0.98,False
STU_0443,16,5,0,0,0,21,226.2,2,0,1,100.0,76.4,1.03,0.71,4,1,1,0.8,1.0,0,5.0,genuinely_improving,0.98,False
STU_0444,1,2,3,1,1,14,105.4,2,1,2,56.4,56.4,0.0,0.0,4,1,1,0.8,,0,,genuinely_improving,0.51,False
STU_0444,2,3,2,3,1,14,105.3,1,0,1,54.6,55.5,-1.79,0.8,6,1,1,1.0,-0.58,0,3.0,genuinely_improving,0.568,False
STU_0444,3,2,3,3,1,11,187.3,2,0,2,56.7,55.9,0.2,0.91,3,1,1,0.5,,0,,genuinely_improving,0.68,False
STU_0444,4,5,0,0,0,18,125.0,2,0,4,71.2,59.7,8.3,54.22,3,1,2,0.8,-0.18,0,4.0,genuinely_improving,0.765,False
STU_0444,5,5,0,0,0,19,188.2,2,0,2,69.6,61.7,6.41,41.61,1,1,2,2.4,,1,,genuinely_improving,0.841,False
STU_0444,6,5,0,0,0,19,190.4,2,0,1,66.3,62.4,-2.45,4.16,3,2,2,1.8,0.53,0,4.0,genuinely_improving,0.888,False
STU_0444,7,5,0,1,0,14,178.0,2,0,0,74.2,64.1,2.3,10.51,5,1,1,1.2,,0,,genuinely_improving,0.907,False
STU_0444,8,5,0,0,0,20,203.5,2,0,2,72.0,65.1,2.86,11.12,4,1,1,1.6,1.0,0,5.0,genuinely_improving,0.949,False
STU_0444,9,4,1,0,0,19,200.7,2,0,1,76.4,66.4,1.12,3.26,5,2,1,2.0,,0,,genuinely_improving,0.946,False
STU_0444,10,5,0,0,0,19,170.9,3,0,2,76.5,67.4,2.27,4.47,2,2,2,2.3,1.0,0,5.0,genuinely_improving,0.936,False
STU_0444,11,5,0,0,0,17,148.5,2,0,2,85.7,69.0,4.65,18.98,5,1,1,2.0,,1,,genuinely_improving,0.94,False
STU_0444,12,5,0,0,0,16,177.4,1,0,3,91.6,70.9,7.52,38.35,11,1,2,0.8,0.57,0,3.0,genuinely_improving,0.973,False
STU_0444,13,5,0,0,0,17,167.1,2,0,3,93.9,72.7,4.08,11.8,6,1,1,2.3,,0,,genuinely_improving,0.968,False
STU_0444,14,4,1,1,0,17,168.6,2,0,2,100.0,74.6,4.21,12.65,3,2,2,1.3,0.33,0,5.0,genuinely_improving,0.98,False
STU_0444,15,4,1,0,0,22,157.0,2,0,6,96.9,76.1,1.54,6.27,5,1,1,0.8,,0,,genuinely_improving,0.975,False
STU_0444,16,4,1,0,0,17,149.1,2,0,1,99.9,77.6,-0.03,2.04,2,1,1,2.0,0.77,0,5.0,genuinely_improving,0.937,False
STU_0445,1,3,2,1,2,11,84.6,1,0,0,52.5,52.5,0.0,0.0,2,2,1,1.0,,0,,genuinely_improving,0.402,False
STU_0445,2,4,1,1,1,13,112.2,1,2,1,50.7,51.6,-1.81,0.81,1,2,1,2.3,-0.8,0,3.0,genuinely_improving,0.444,False
STU_0445,3,4,1,2,1,11,111.6,2,2,1,50.1,51.1,-1.19,1.03,6,1,1,2.1,,0,,genuinely_improving,0.465,False
STU_0445,4,5,0,0,0,14,150.8,1,1,1,61.6,53.7,5.44,27.78,2,2,1,2.3,-0.25,1,2.0,genuinely_improving,0.538,False
STU_0445,5,4,1,1,0,11,135.1,2,0,0,66.5,56.3,8.2,47.21,2,2,2,0.6,,0,,genuinely_improving,0.595,False
STU_0445,6,5,0,0,0,9,189.3,2,1,0,66.4,58.0,2.41,5.3,4,2,2,2.4,0.53,0,3.0,genuinely_improving,0.639,False
STU_0445,7,5,0,0,0,14,153.4,3,0,1,73.0,60.1,3.22,9.39,7,1,1,0.7,,1,,genuinely_improving,0.663,False
STU_0445,8,5,0,0,0,18,171.8,2,0,1,73.7,61.8,3.65,10.78,5,2,1,0.5,0.63,0,3.0,genuinely_improving,0.727,False
STU_0445,9,5,0,0,0,14,119.0,3,0,3,78.2,63.6,2.62,5.35,4,1,1,0.8,,0,,genuinely_improving,0.73,False
STU_0445,10,5,0,0,0,17,96.8,2,0,1,78.1,65.1,2.2,4.39,5,2,1,2.2,0.48,0,4.0,genuinely_improving,0.753,False
STU_0445,11,5,0,0,0,21,156.9,2,0,2,84.9,66.9,3.35,10.11,2,1,1,2.5,,0,,genuinely_improving,0.772,False
STU_0445,12,5,0,0,0,16,143.0,2,0,5,92.5,69.0,7.23,34.85,5,1,1,2.0,0.17,1,5.0,genuinely_improving,0.806,False
STU_0445,13,5,0,0,0,19,168.6,2,1,1,100.0,71.4,7.55,37.98,2,1,1,1.7,,0,,genuinely_improving,0.859,False
STU_0445,14,4,1,1,0,18,122.0,1,0,3,92.4,72.9,-0.06,12.49,2,2,1,1.5,0.87,0,5.0,genuinely_improving,0.839,False
STU_0445,15,5,0,0,0,18,183.8,1,0,3,99.3,74.7,-0.35,11.62,4,1,2,1.5,,0,,genuinely_improving,0.814,False
STU_0445,16,4,1,0,0,14,183.5,3,1,4,100.0,76.2,3.79,11.66,3,1,1,2.2,0.32,0,5.0,genuinely_improving,0.833,False
STU_0446,1,3,2,1,2,11,133.8,2,0,1,56.4,56.4,0.0,0.0,3,1,1,1.3,,1,,genuinely_improving,0.442,False
STU_0446,2,3,2,2,1,9,140.5,2,2,1,48.2,52.3,-8.14,16.58,1,1,1,1.7,-0.45,0,5.0,genuinely_improving,0.474,False
STU_0446,3,4,1,3,1,13,145.6,2,0,2,61.0,55.2,2.33,27.99,2,1,1,0.6,,0,,genuinely_improving,0.541,False
STU_0446,4,5,0,1,0,13,184.1,3,1,2,59.4,56.2,5.58,32.35,3,2,2,1.8,-0.19,0,4.0,genuinely_improving,0.592,False
STU_0446,5,5,0,0,0,16,169.6,2,2,5,67.6,58.5,3.3,12.65,5,1,1,1.4,,0,,genuinely_improving,0.672,False
STU_0446,6,4,1,0,0,17,148.6,2,0,4,68.2,60.1,4.4,16.17,7,2,2,1.4,0.51,1,3.0,genuinely_improving,0.792,False
STU_0446,7,5,0,0,0,16,207.8,2,0,1,73.6,62.1,3.02,7.43,4,1,1,0.7,,0,,genuinely_improving,0.84,False
STU_0446,8,5,0,1,0,25,153.5,1,0,2,75.2,63.7,3.5,9.02,2,1,1,1.8,0.2,0,5.0,genuinely_improving,0.964,False
STU_0446,9,5,0,1,0,19,209.3,2,0,3,85.2,66.1,5.75,26.02,2,1,1,1.7,,0,,genuinely_improving,0.98,False
STU_0446,10,5,0,0,0,24,201.2,2,0,3,81.6,67.6,3.21,17.06,4,2,1,1.8,0.83,0,5.0,genuinely_improving,0.98,False
STU_0446,11,4,1,1,0,18,210.5,2,0,0,90.9,69.7,2.86,14.62,4,1,2,0.6,,0,,genuinely_improving,0.975,False
STU_0446,12,4,1,0,0,18,184.4,2,0,2,87.6,71.2,3.03,14.81,3,1,2,1.4,0.7,0,5.0,genuinely_improving,0.956,False
STU_0446,13,5,0,0,0,18,232.4,1,0,3,94.0,73.0,1.57,6.77,4,1,2,2.3,,0,,genuinely_improving,0.972,False
STU_0446,14,5,0,0,0,17,234.6,2,0,2,97.4,74.7,4.86,16.24,2,2,1,1.9,0.41,1,5.0,genuinely_improving,0.957,False
STU_0446,15,4,1,0,0,16,188.8,2,0,3,98.3,76.3,2.16,3.41,2,2,1,0.6,,0,,genuinely_improving,0.888,False
STU_0446,16,5,0,0,0,19,195.8,2,0,2,100.0,77.8,1.32,1.19,2,2,1,0.6,1.0,0,4.0,genuinely_improving,0.921,False
STU_0447,1,4,1,3,1,9,107.3,3,0,0,49.2,49.2,0.0,0.0,3,2,1,2.3,,0,,genuinely_improving,0.403,False
STU_0447,2,2,3,1,1,15,118.6,3,0,1,54.0,51.6,4.78,5.71,3,1,1,2.2,0.1,0,1.0,genuinely_improving,0.485,False
STU_0447,3,4,1,2,1,13,118.8,2,2,2,60.5,54.5,5.65,21.46,6,1,1,2.2,,0,,genuinely_improving,0.531,False
STU_0447,4,5,0,0,0,15,90.7,2,1,1,70.2,58.5,8.11,44.38,5,2,1,1.3,0.58,0,4.0,genuinely_improving,0.571,False
STU_0447,5,5,0,0,0,13,110.0,2,0,0,70.9,60.9,5.2,22.53,5,1,1,1.4,,0,,genuinely_improving,0.633,False
STU_0447,6,5,0,1,0,21,165.2,2,1,4,68.1,62.1,-1.04,1.41,2,1,1,2.1,0.37,0,5.0,genuinely_improving,0.659,False
STU_0447,7,4,1,1,0,16,135.3,2,1,2,74.7,63.9,1.9,7.32,5,2,1,0.6,,0,,genuinely_improving,0.698,False
STU_0447,8,4,1,0,0,14,207.8,3,1,1,67.5,64.4,-0.3,10.64,6,2,1,1.0,0.47,0,3.0,genuinely_improving,0.73,False
STU_0447,9,5,0,0,0,17,118.4,2,1,5,67.3,64.7,-3.69,11.82,5,1,1,1.5,,0,,genuinely_improving,0.745,False
STU_0447,10,4,1,0,0,15,118.4,2,0,3,78.6,66.1,5.55,27.82,4,2,1,2.3,1.0,0,3.0,genuinely_improving,0.772,False
STU_0447,11,5,0,0,0,17,179.6,2,1,1,85.6,67.9,9.15,56.81,2,1,2,1.8,,0,,genuinely_improving,0.826,False
STU_0447,12,5,0,0,0,18,161.3,2,1,2,90.3,69.7,5.85,23.1,4,1,1,1.1,1.0,0,5.0,genuinely_improving,0.899,False
STU_0447,13,5,0,0,0,13,145.9,1,0,3,86.5,71.0,0.44,4.14,5,2,1,2.4,,0,,genuinely_improving,0.918,False
STU_0447,14,4,1,0,0,15,128.7,3,0,3,94.9,72.7,2.29,11.77,5,2,1,2.2,0.77,0,3.0,genuinely_improving,0.885,False
STU_0447,15,4,1,0,0,18,169.7,2,0,2,100.0,74.5,6.76,31.08,4,2,1,2.1,,0,,genuinely_improving,0.888,False
STU_0447,16,5,0,0,0,19,146.9,1,0,4,100.0,76.1,2.57,5.85,6,2,1,2.1,0.92,0,4.0,genuinely_improving,0.951,False
STU_0448,1,3,2,2,1,5,71.9,2,1,2,63.0,63.0,0.0,0.0,2,2,1,2.4,,1,,genuinely_improving,0.323,True
STU_0448,2,4,1,1,1,11,91.3,2,1,2,60.0,61.5,-2.98,2.22,6,2,1,0.9,-0.16,1,2.0,genuinely_improving,0.391,True
STU_0448,3,4,1,2,1,6,138.2,2,0,1,62.3,61.8,-0.35,1.62,0,1,1,1.0,,0,,genuinely_improving,0.484,False
STU_0448,4,5,0,0,0,13,139.7,1,1,2,65.9,62.8,2.94,5.85,3,1,1,2.3,0.67,0,3.0,genuinely_improving,0.541,False
STU_0448,5,4,1,0,0,9,138.6,2,1,1,68.1,63.9,2.88,5.65,4,1,2,1.2,,0,,genuinely_improving,0.565,False
STU_0448,6,5,0,1,0,13,142.3,2,0,2,75.0,65.7,4.54,14.99,1,2,1,1.4,-0.17,0,4.0,genuinely_improving,0.635,False
STU_0448,7,5,0,0,0,18,194.4,1,1,2,68.8,66.2,0.36,9.62,3,1,2,1.0,,0,,genuinely_improving,0.71,False
STU_0448,8,5,0,0,0,17,168.0,1,0,1,72.2,66.9,-1.38,6.41,3,2,1,2.5,0.41,0,5.0,genuinely_improving,0.776,False
STU_0448,9,5,0,0,0,21,134.3,1,0,1,73.1,67.6,2.14,3.43,4,1,1,1.4,,0,,genuinely_improving,0.795,False
STU_0448,10,5,0,0,0,18,143.1,2,0,3,86.5,69.5,7.13,42.66,2,1,1,0.9,-0.02,0,4.0,genuinely_improving,0.814,False
STU_0448,11,5,0,0,0,21,158.8,2,0,1,89.8,71.4,8.36,52.22,4,1,1,1.7,,0,,genuinely_improving,0.82,False
STU_0448,12,5,0,0,0,21,169.2,2,0,1,95.9,73.4,4.68,15.05,5,2,1,2.1,0.14,0,5.0,genuinely_improving,0.842,False
STU_0448,13,5,0,0,0,20,131.3,2,0,4,91.7,74.8,0.93,6.43,6,2,1,1.0,,0,,genuinely_improving,0.862,False
STU_0448,14,5,0,0,0,21,106.1,2,0,2,92.1,76.0,-1.87,3.55,1,1,1,0.7,0.66,0,4.0,genuinely_improving,0.875,False
STU_0448,15,5,0,0,0,17,179.5,2,0,4,96.7,77.4,2.52,5.17,5,2,1,2.5,,0,,genuinely_improving,0.927,False
STU_0448,16,5,0,0,0,19,180.1,2,0,3,100.0,78.8,3.94,10.42,2,2,1,1.0,0.68,0,5.0,genuinely_improving,0.892,False
STU_0449,1,3,2,1,2,11,165.7,2,1,2,57.2,57.2,0.0,0.0,2,2,2,1.9,,0,,genuinely_improving,0.525,False
STU_0449,2,3,2,3,1,18,133.5,2,0,0,60.1,58.6,2.91,2.12,7,1,1,0.6,0.31,0,3.0,genuinely_improving,0.576,False
STU_0449,3,3,2,1,1,14,128.3,2,0,1,52.4,56.6,-2.39,10.03,2,2,1,1.5,,0,,genuinely_improving,0.615,False
STU_0449,4,5,0,0,0,16,130.8,2,0,1,60.4,57.5,0.15,13.65,4,2,1,1.8,0.44,0,4.0,genuinely_improving,0.716,False
STU_0449,5,5,0,0,0,16,158.3,2,0,1,64.7,59.0,6.17,26.08,1,1,2,0.5,,0,,genuinely_improving,0.799,False
STU_0449,6,5,0,0,0,18,169.1,1,0,3,74.2,61.5,6.9,33.13,4,1,1,1.3,0.43,1,4.0,genuinely_improving,0.915,False
STU_0449,7,5,0,0,0,15,156.0,2,0,3,74.8,63.4,5.05,21.28,4,1,1,2.2,,0,,genuinely_improving,0.98,False
STU_0449,8,5,0,0,0,23,184.7,2,0,4,80.0,65.5,2.9,6.7,2,2,2,1.1,0.93,0,5.0,genuinely_improving,0.98,False
STU_0449,9,4,1,0,0,15,180.2,2,0,1,73.9,66.4,-0.48,7.15,5,2,1,1.7,,0,,genuinely_improving,0.98,False
STU_0449,10,4,1,0,0,18,160.9,2,0,2,80.5,67.8,0.27,9.05,3,1,2,1.1,1.0,0,4.0,genuinely_improving,0.98,False
STU_0449,11,4,1,1,0,17,203.6,2,0,1,86.1,69.5,6.1,24.84,4,1,1,0.7,,0,,genuinely_improving,0.98,False
STU_0449,12,5,0,0,0,17,135.9,2,0,4,86.5,70.9,3.0,7.46,4,2,1,1.3,1.0,0,5.0,genuinely_improving,0.947,False
STU_0449,13,5,0,0,0,16,189.0,2,0,4,93.2,72.6,3.55,10.54,3,1,2,0.7,,0,,genuinely_improving,0.979,False
STU_0449,14,4,1,1,0,17,154.6,2,0,1,99.1,74.5,6.27,26.28,5,1,2,0.9,0.56,0,5.0,genuinely_improving,0.98,False
STU_0449,15,5,0,0,0,18,237.0,2,0,5,100.0,76.2,3.42,9.14,5,1,1,1.0,,0,,genuinely_improving,0.98,False
STU_0449,16,5,0,0,0,25,161.9,2,0,3,100.0,77.7,0.47,0.19,4,1,1,1.3,0.77,0,4.0,genuinely_improving,0.98,False
STU_0450,1,3,2,1,1,12,141.1,2,1,2,62.9,62.9,0.0,0.0,4,1,2,1.9,,0,,genuinely_improving,0.454,False
STU_0450,2,3,2,3,1,11,123.3,2,2,2,51.7,57.3,-11.21,31.4,5,1,2,2.4,-0.18,1,4.0,genuinely_improving,0.468,False
STU_0450,3,3,2,1,2,12,132.9,2,1,0,64.3,59.7,0.69,31.77,8,2,2,1.5,,0,,genuinely_improving,0.514,False
STU_0450,4,4,1,0,0,12,151.7,2,0,0,60.6,59.9,4.42,27.84,1,1,2,2.0,-0.07,0,3.0,genuinely_improving,0.553,False
STU_0450,5,4,1,0,0,14,173.3,2,0,0,60.8,60.1,-1.75,2.93,1,2,2,1.0,,0,,genuinely_improving,0.631,False
STU_0450,6,5,0,1,0,16,151.2,1,1,3,72.0,62.1,5.72,28.48,1,1,1,1.1,0.08,0,3.0,genuinely_improving,0.707,False
STU_0450,7,4,1,0,0,24,167.3,2,1,2,73.9,63.8,6.54,33.34,4,2,2,1.6,,0,,genuinely_improving,0.868,False
STU_0450,8,5,0,0,0,24,204.8,2,0,3,77.4,65.5,2.67,4.9,4,2,2,2.1,0.31,0,4.0,genuinely_improving,0.923,False
STU_0450,9,4,1,0,0,21,151.6,2,0,1,78.2,66.9,2.17,3.51,2,2,1,1.1,,0,,genuinely_improving,0.925,False
STU_0450,10,5,0,0,0,20,186.0,2,0,2,85.0,68.7,3.81,11.56,3,1,1,0.7,1.0,0,5.0,genuinely_improving,0.951,False
STU_0450,11,5,0,0,0,19,176.5,1,0,1,85.2,70.2,3.48,10.41,5,2,1,1.5,,0,,genuinely_improving,0.9,False
STU_0450,12,5,0,0,0,19,165.9,2,0,3,93.0,72.1,4.02,14.0,4,1,2,2.3,0.61,0,5.0,genuinely_improving,0.884,False
STU_0450,13,5,0,0,0,18,175.2,2,1,4,100.0,74.2,7.41,36.61,5,1,1,1.2,,0,,genuinely_improving,0.926,False
STU_0450,14,5,0,0,0,18,181.3,3,0,2,97.2,75.9,2.11,8.25,3,1,2,2.2,1.0,0,5.0,genuinely_improving,0.962,False
STU_0450,15,4,1,0,0,17,218.4,2,0,2,98.1,77.4,-0.94,1.34,4,2,1,0.7,,0,,genuinely_improving,0.98,False
STU_0450,16,5,0,0,0,24,188.9,3,0,2,100.0,78.8,1.39,1.34,6,1,2,2.3,0.77,0,4.0,genuinely_improving,0.959,False
STU_0451,1,3,2,2,1,16,83.8,3,2,0,53.0,53.0,0.0,0.0,4,2,2,2.0,,0,,genuinely_improving,0.415,False
STU_0451,2,3,2,1,1,12,142.2,2,0,1,62.2,57.6,9.11,20.77,4,2,1,0.5,-0.48,0,2.0,genuinely_improving,0.477,False
STU_0451,3,3,2,2,2,11,99.3,2,0,0,64.3,59.8,5.64,23.88,2,1,1,1.8,,0,,genuinely_improving,0.562,False
STU_0451,4,4,1,0,0,16,133.3,2,0,2,58.8,59.6,-1.68,5.18,5,1,1,1.8,-0.07,0,3.0,genuinely_improving,0.647,False
STU_0451,5,5,0,0,0,12,131.1,1,0,3,65.2,60.7,0.42,7.98,1,1,1,0.6,,0,,genuinely_improving,0.688,False
STU_0451,6,5,0,1,0,17,152.1,2,0,2,57.9,60.2,-0.46,10.5,5,1,1,2.0,0.41,0,4.0,genuinely_improving,0.754,False
STU_0451,7,5,0,0,0,19,124.5,3,0,2,76.7,62.6,5.79,60.33,1,2,1,2.4,,1,,genuinely_improving,0.791,False
STU_0451,8,5,0,0,0,18,148.6,2,0,3,76.5,64.3,9.3,77.96,1,1,2,1.9,0.38,0,5.0,genuinely_improving,0.83,False
STU_0451,9,5,0,1,0,21,181.3,3,0,3,81.2,66.2,2.26,4.82,3,2,2,2.1,,0,,genuinely_improving,0.872,False
STU_0451,10,5,0,0,0,20,163.4,1,0,5,87.8,68.4,5.67,21.57,5,1,1,1.6,0.4,0,5.0,genuinely_improving,0.923,False
STU_0451,11,4,1,0,0,16,151.6,2,0,3,84.9,69.9,1.85,7.18,6,2,1,2.3,,0,,genuinely_improving,0.937,False
STU_0451,12,5,0,0,0,18,181.7,2,0,3,88.3,71.4,0.26,2.19,8,1,1,2.1,0.65,0,5.0,genuinely_improving,0.898,False
STU_0451,13,5,0,0,0,22,215.6,2,1,3,88.8,72.7,1.92,2.93,3,2,1,1.2,,0,,genuinely_improving,0.877,False
STU_0451,14,5,0,0,0,18,175.8,1,0,4,94.7,74.3,3.22,8.56,4,1,1,0.9,0.79,0,4.0,genuinely_improving,0.869,False
STU_0451,15,5,0,0,0,16,130.4,2,1,2,98.9,75.9,5.05,17.16,3,1,2,1.5,,0,,genuinely_improving,0.838,False
STU_0451,16,5,0,0,0,20,144.0,2,0,1,91.0,76.9,-1.85,10.24,1,1,1,1.3,0.54,1,5.0,genuinely_improving,0.853,False
STU_0452,1,2,3,3,1,7,115.8,2,0,0,51.7,51.7,0.0,0.0,4,1,2,0.9,,0,,genuinely_improving,0.483,False
STU_0452,2,3,2,2,1,15,122.5,2,1,1,60.3,56.0,8.6,18.5,4,2,1,2.4,0.39,1,3.0,genuinely_improving,0.531,False
STU_0452,3,2,3,1,1,17,103.5,2,0,1,61.3,57.7,4.81,18.63,3,2,2,1.2,,0,,genuinely_improving,0.593,False
STU_0452,4,5,0,0,0,17,123.6,2,0,2,65.4,59.6,2.58,4.96,7,1,2,2.2,0.05,0,4.0,genuinely_improving,0.653,False
STU_0452,5,5,0,0,0,20,141.2,3,1,0,70.4,61.8,4.54,13.8,3,1,2,0.7,,0,,genuinely_improving,0.705,False
STU_0452,6,5,0,0,0,17,183.8,2,0,5,71.8,63.5,3.18,7.46,4,1,1,1.2,0.43,0,4.0,genuinely_improving,0.805,False
STU_0452,7,5,0,0,0,15,148.3,3,0,2,78.4,65.6,4.03,12.38,5,1,2,0.6,,0,,genuinely_improving,0.849,False
STU_0452,8,4,1,0,0,16,195.7,2,0,1,81.4,67.6,4.82,16.23,3,2,1,1.3,0.73,0,4.0,genuinely_improving,0.882,False
STU_0452,9,5,0,0,0,16,211.7,2,0,2,77.7,68.7,-0.36,2.57,7,2,1,2.0,,0,,genuinely_improving,0.836,False
STU_0452,10,4,1,1,0,14,188.5,2,0,3,80.1,69.8,-0.64,2.36,3,1,1,2.5,0.68,0,4.0,genuinely_improving,0.886,False
STU_0452,11,5,0,0,0,17,227.5,2,0,2,85.2,71.2,3.73,9.64,2,1,1,0.6,,0,,genuinely_improving,0.904,False
STU_0452,12,4,1,0,0,18,207.6,2,1,1,92.5,73.0,6.18,25.72,3,2,2,2.1,0.99,0,5.0,genuinely_improving,0.861,False
STU_0452,13,4,1,0,0,16,141.4,2,0,1,95.4,74.7,5.1,18.44,6,2,2,2.2,,0,,genuinely_improving,0.822,False
STU_0452,14,5,0,0,0,22,160.8,3,0,1,100.0,76.5,3.76,9.57,4,2,1,1.3,0.16,1,5.0,genuinely_improving,0.87,False
STU_0452,15,5,0,0,0,16,197.5,3,0,0,99.0,78.0,1.82,3.97,4,1,2,2.0,,0,,genuinely_improving,0.871,False
STU_0452,16,5,0,0,0,17,172.8,2,0,6,100.0,79.4,-0.0,0.22,3,1,1,0.8,0.91,0,5.0,genuinely_improving,0.824,False
STU_0453,1,4,1,1,1,11,87.4,2,0,0,52.5,52.5,0.0,0.0,2,2,1,0.7,,1,,genuinely_improving,0.384,False
STU_0453,2,2,3,2,1,17,95.6,2,0,2,56.5,54.5,3.99,3.98,4,1,1,1.5,0.52,0,2.0,genuinely_improving,0.455,False
STU_0453,3,3,2,1,1,16,96.1,2,0,1,60.0,56.3,3.72,9.24,2,2,2,2.2,,1,,genuinely_improving,0.502,False
STU_0453,4,4,1,0,0,17,108.0,3,0,3,60.3,57.3,1.89,2.92,4,2,2,1.7,0.5,1,2.0,genuinely_improving,0.574,False
STU_0453,5,5,0,0,0,11,108.4,3,0,1,69.6,59.8,4.82,19.94,1,2,1,0.5,,0,,genuinely_improving,0.649,False
STU_0453,6,5,0,0,0,15,107.2,2,0,2,68.9,61.3,4.29,17.87,4,2,1,2.3,0.65,0,4.0,genuinely_improving,0.703,False
STU_0453,7,5,0,0,0,14,134.6,1,0,1,73.0,63.0,1.69,3.2,4,1,2,2.2,,0,,genuinely_improving,0.789,False
STU_0453,8,5,0,0,0,16,188.0,2,0,3,75.4,64.5,3.25,7.19,2,2,1,1.7,0.7,0,4.0,genuinely_improving,0.87,False
STU_0453,9,4,1,0,0,16,206.5,2,0,3,80.3,66.3,3.64,9.2,1,1,1,1.9,,0,,genuinely_improving,0.855,False
STU_0453,10,4,1,0,0,19,196.2,2,0,1,82.9,67.9,3.78,9.8,5,2,2,2.3,0.97,0,5.0,genuinely_improving,0.88,False
STU_0453,11,5,0,0,0,18,183.2,2,1,3,82.5,69.3,1.09,1.34,4,1,2,0.8,,0,,genuinely_improving,0.866,False
STU_0453,12,5,0,1,0,13,179.2,2,0,0,92.0,71.1,4.52,19.2,3,1,1,0.8,1.0,0,5.0,genuinely_improving,0.828,False
STU_0453,13,5,0,0,0,21,168.9,3,0,3,91.2,72.7,4.4,18.73,6,2,1,0.9,,0,,genuinely_improving,0.868,False
STU_0453,14,5,0,0,0,17,166.2,2,0,4,94.1,74.2,1.09,1.52,4,1,1,1.7,0.96,0,5.0,genuinely_improving,0.833,False
STU_0453,15,5,0,0,0,9,182.0,2,0,2,100.0,75.9,4.38,13.26,3,1,2,1.8,,0,,genuinely_improving,0.827,False
STU_0453,16,5,0,1,0,17,176.4,2,0,1,100.0,77.4,2.93,7.61,2,2,1,1.3,0.68,0,4.0,genuinely_improving,0.858,False
STU_0454,1,3,2,2,1,10,110.3,3,0,0,50.8,50.8,0.0,0.0,8,2,1,1.7,,0,,genuinely_improving,0.403,False
STU_0454,2,4,1,1,1,10,100.0,2,0,1,51.1,51.0,0.29,0.02,4,1,1,0.7,-0.56,0,3.0,genuinely_improving,0.456,False
STU_0454,3,3,2,1,1,16,97.0,2,0,1,51.5,51.1,0.34,0.08,4,1,1,2.2,,0,,genuinely_improving,0.522,False
STU_0454,4,5,0,0,0,15,123.0,3,1,3,59.1,53.1,4.0,13.54,3,2,1,0.8,0.52,0,1.0,genuinely_improving,0.581,False
STU_0454,5,4,1,0,0,9,160.8,2,0,4,62.5,55.0,5.53,21.34,5,2,2,2.0,,1,,genuinely_improving,0.678,False
STU_0454,6,5,0,0,0,17,132.1,2,0,0,70.4,57.6,5.68,22.59,5,2,1,2.2,0.27,0,4.0,genuinely_improving,0.743,False
STU_0454,7,4,1,1,0,19,167.7,2,0,3,68.2,59.1,2.83,11.05,4,2,1,0.7,,1,,genuinely_improving,0.795,False
STU_0454,8,5,0,0,0,15,176.9,2,0,2,82.1,62.0,5.83,37.15,1,1,1,2.1,1.0,0,5.0,genuinely_improving,0.918,False
STU_0454,9,5,0,0,0,19,163.8,2,0,3,81.7,64.2,6.73,41.64,3,1,1,2.4,,0,,genuinely_improving,0.937,False
STU_0454,10,5,0,0,0,14,157.5,3,0,1,84.0,66.1,0.96,1.06,0,2,1,0.9,0.94,0,5.0,genuinely_improving,0.947,False
STU_0454,11,5,0,0,0,10,239.1,2,0,2,87.9,68.1,3.12,6.61,8,1,1,2.0,,0,,genuinely_improving,0.96,False
STU_0454,12,5,0,0,0,22,219.4,2,0,1,90.0,69.9,2.98,6.09,8,1,2,1.7,0.89,0,4.0,genuinely_improving,0.961,False
STU_0454,13,5,0,0,0,17,182.8,2,0,1,95.2,71.9,3.67,9.52,7,1,2,0.5,,0,,genuinely_improving,0.966,False
STU_0454,14,5,0,0,0,19,182.3,3,0,3,100.0,73.9,5.01,16.73,2,2,1,2.1,1.0,0,5.0,genuinely_improving,0.951,False
STU_0454,15,5,0,0,0,24,164.0,1,0,1,98.3,75.5,1.55,3.9,5,2,2,2.4,,0,,genuinely_improving,0.948,False
STU_0454,16,4,1,0,0,14,185.8,2,0,3,100.0,77.1,-0.0,0.62,1,1,1,2.1,0.63,0,5.0,genuinely_improving,0.929,False
STU_0455,1,3,2,2,1,13,157.0,3,0,0,55.4,55.4,0.0,0.0,4,1,2,2.4,,0,,genuinely_improving,0.454,False
STU_0455,2,2,3,2,2,9,123.3,2,0,0,48.3,51.9,-7.08,12.54,1,2,1,2.4,0.4,0,2.0,genuinely_improving,0.499,False
STU_0455,3,2,3,2,1,12,146.7,2,0,3,60.0,54.6,2.3,23.11,3,1,1,2.3,,0,,genuinely_improving,0.603,False
STU_0455,4,5,0,1,0,11,130.4,2,0,2,58.8,55.6,5.23,27.5,3,1,1,0.9,-0.58,0,3.0,genuinely_improving,0.655,False
STU_0455,5,5,0,1,0,9,152.5,2,0,2,75.9,59.7,7.92,60.49,2,1,1,2.3,,1,,genuinely_improving,0.699,False
STU_0455,6,5,0,0,0,15,128.5,2,1,2,67.4,61.0,4.31,48.62,6,1,1,1.2,0.89,0,4.0,genuinely_improving,0.763,False
STU_0455,7,5,0,0,0,15,142.4,2,1,1,71.5,62.5,-2.21,11.93,6,2,1,1.5,,0,,genuinely_improving,0.843,False
STU_0455,8,5,0,0,0,22,165.8,3,0,3,74.2,63.9,3.39,7.78,3,1,2,1.1,1.0,0,5.0,genuinely_improving,0.893,False
STU_0455,9,4,1,0,0,17,179.1,2,1,3,79.6,65.7,4.09,11.55,3,1,1,2.0,,0,,genuinely_improving,0.908,False
STU_0455,10,4,1,1,0,17,151.5,2,0,0,79.5,67.1,2.66,6.42,7,1,2,1.5,1.0,0,5.0,genuinely_improving,0.919,False
STU_0455,11,5,0,0,0,15,134.1,2,0,4,84.4,68.6,2.38,5.16,2,1,1,1.6,,0,,genuinely_improving,0.935,False
STU_0455,12,5,0,0,0,19,216.9,2,0,5,89.7,70.4,5.1,17.36,5,2,2,0.9,0.49,0,4.0,genuinely_improving,0.967,False
STU_0455,13,5,0,0,0,18,174.2,2,0,3,91.4,72.0,3.52,9.0,2,1,1,1.3,,0,,genuinely_improving,0.969,False
STU_0455,14,5,0,0,0,13,146.6,1,0,1,100.0,74.0,5.14,20.2,6,1,1,1.4,1.0,0,5.0,genuinely_improving,0.98,False
STU_0455,15,5,0,0,0,20,172.1,2,0,1,96.9,75.5,2.72,12.5,8,2,1,1.2,,0,,genuinely_improving,0.98,False
STU_0455,16,5,0,0,0,21,251.2,2,0,3,97.9,76.9,-1.04,1.67,3,1,1,1.9,0.99,0,4.0,genuinely_improving,0.948,False
STU_0456,1,2,3,3,2,20,108.4,2,2,2,50.3,50.3,0.0,0.0,3,2,2,1.0,,0,,genuinely_improving,0.533,False
STU_0456,2,4,1,2,1,9,133.2,2,1,0,54.2,52.3,3.96,3.91,2,1,1,1.8,-0.4,0,3.0,genuinely_improving,0.597,False
STU_0456,3,2,3,2,1,17,127.5,2,0,2,66.3,57.0,8.04,46.74,5,1,1,1.9,,0,,genuinely_improving,0.677,False
STU_0456,4,5,0,1,0,18,159.2,2,0,5,63.4,58.6,4.58,26.6,3,1,1,1.9,0.63,0,4.0,genuinely_improving,0.766,False
STU_0456,5,4,1,1,0,17,213.2,2,0,1,66.2,60.1,-0.05,1.87,4,1,2,1.1,,0,,genuinely_improving,0.876,False
STU_0456,6,5,0,0,0,18,183.8,2,0,4,70.3,61.8,3.44,7.96,4,2,1,1.2,1.0,1,4.0,genuinely_improving,0.98,False
STU_0456,7,5,0,1,0,16,155.1,2,0,2,74.1,63.5,3.9,10.17,5,1,1,1.2,,0,,genuinely_improving,0.98,False
STU_0456,8,5,0,0,0,21,162.2,2,0,1,77.8,65.3,3.76,9.41,5,1,1,0.8,0.79,0,5.0,genuinely_improving,0.98,False
STU_0456,9,5,0,1,0,15,228.2,3,0,1,84.4,67.4,5.17,18.28,3,1,2,0.8,,0,,genuinely_improving,0.98,False
STU_0456,10,5,0,1,0,21,193.3,2,0,3,92.9,70.0,7.57,38.42,6,2,2,2.4,1.0,1,4.0,genuinely_improving,0.946,False
STU_0456,11,5,0,0,0,19,212.6,2,0,3,84.9,71.3,0.24,15.33,4,2,1,1.6,,0,,genuinely_improving,0.963,False
STU_0456,12,4,1,1,0,17,141.3,3,0,1,91.1,73.0,-0.94,11.85,3,2,2,0.6,0.74,0,5.0,genuinely_improving,0.936,False
STU_0456,13,5,0,0,0,20,154.5,2,1,1,98.7,75.0,6.93,32.18,5,2,1,0.8,,0,,genuinely_improving,0.931,False
STU_0456,14,5,0,0,0,17,142.2,3,1,2,100.0,76.8,4.47,15.62,4,2,1,1.9,0.63,0,4.0,genuinely_improving,0.98,False
STU_0456,15,5,0,0,0,17,194.4,3,1,2,95.0,78.0,-1.86,4.46,6,2,1,0.5,,0,,genuinely_improving,0.966,False
STU_0456,16,4,1,1,0,21,178.8,2,0,2,95.4,79.1,-2.3,5.12,1,1,2,1.5,0.11,0,5.0,genuinely_improving,0.951,False
STU_0457,1,4,1,2,1,12,71.4,2,1,1,55.4,55.4,0.0,0.0,6,1,1,1.3,,0,,genuinely_improving,0.434,False
STU_0457,2,2,3,3,1,13,127.2,2,1,2,48.9,52.2,-6.53,10.65,3,2,2,1.4,0.07,0,3.0,genuinely_improving,0.536,False
STU_0457,3,3,2,3,2,10,123.9,2,1,0,56.6,53.6,0.55,11.35,2,2,2,0.8,,0,,genuinely_improving,0.602,False
STU_0457,4,5,0,1,0,17,116.2,1,2,3,65.9,56.7,8.51,48.46,5,2,1,1.9,-0.01,0,4.0,genuinely_improving,0.628,False
STU_0457,5,5,0,0,0,18,128.5,2,0,3,65.8,58.5,4.6,19.2,4,1,1,1.0,,0,,genuinely_improving,0.663,False
STU_0457,6,5,0,0,0,14,161.3,3,1,3,73.9,61.1,3.99,14.52,3,1,2,1.1,0.82,0,4.0,genuinely_improving,0.72,False
STU_0457,7,4,1,0,0,17,122.4,2,0,3,74.8,63.1,4.54,16.7,2,2,1,2.0,,0,,genuinely_improving,0.769,False
STU_0457,8,4,1,0,0,16,159.2,2,0,1,74.9,64.5,0.48,0.2,6,2,1,1.1,1.0,0,3.0,genuinely_improving,0.852,False
STU_0457,9,5,0,0,0,19,207.3,2,0,5,77.4,66.0,1.29,1.46,6,1,1,1.4,,0,,genuinely_improving,0.886,False
STU_0457,10,5,0,1,0,13,212.7,1,0,1,81.0,67.5,3.06,6.3,3,1,2,2.2,1.0,0,5.0,genuinely_improving,0.867,False
STU_0457,11,5,0,1,0,16,196.8,2,0,3,85.9,69.1,4.23,12.02,5,1,1,2.3,,0,,genuinely_improving,0.874,False
STU_0457,12,5,0,0,0,17,196.9,3,0,0,92.1,71.1,5.53,20.45,2,1,2,1.4,0.23,0,5.0,genuinely_improving,0.875,False
STU_0457,13,5,0,0,0,15,162.7,2,0,1,96.7,73.0,5.39,19.5,3,1,1,1.9,,0,,genuinely_improving,0.842,False
STU_0457,14,5,0,0,0,16,80.0,2,1,2,88.2,74.1,-1.93,11.99,5,1,1,2.4,0.73,0,4.0,genuinely_improving,0.853,False
STU_0457,15,5,0,0,0,17,169.0,1,0,3,96.0,75.6,-0.36,14.71,1,1,1,0.9,,0,,genuinely_improving,0.845,False
STU_0457,16,5,0,0,0,19,145.0,3,0,2,100.0,77.1,5.9,23.97,1,1,2,1.3,0.94,0,5.0,genuinely_improving,0.878,False
STU_0458,1,2,3,3,1,11,133.5,3,1,3,54.7,54.7,0.0,0.0,1,2,1,2.2,,0,,genuinely_improving,0.459,False
STU_0458,2,3,2,1,1,14,122.8,3,0,1,56.4,55.6,1.67,0.7,6,1,2,0.8,-0.36,1,3.0,genuinely_improving,0.528,False
STU_0458,3,4,1,1,1,10,127.0,1,1,0,55.9,55.7,0.58,0.49,3,1,1,0.7,,0,,genuinely_improving,0.587,False
STU_0458,4,5,0,0,0,16,80.8,2,1,1,61.9,57.2,2.75,7.38,3,2,1,1.4,-0.36,0,3.0,genuinely_improving,0.633,False
STU_0458,5,5,0,1,0,16,135.9,2,0,2,66.3,59.0,5.22,18.29,5,1,2,1.1,,0,,genuinely_improving,0.676,False
STU_0458,6,4,1,0,0,19,161.8,2,0,2,71.2,61.1,4.68,14.58,10,1,2,0.6,0.59,0,4.0,genuinely_improving,0.761,False
STU_0458,7,5,0,0,0,19,153.6,2,0,8,70.2,62.4,1.93,4.45,2,1,2,1.7,,0,,genuinely_improving,0.816,False
STU_0458,8,5,0,0,0,18,237.5,1,0,3,77.1,64.2,2.94,9.29,4,2,2,1.7,0.94,0,5.0,genuinely_improving,0.838,False
STU_0458,9,4,1,0,0,19,133.4,2,0,1,81.7,66.2,5.77,22.51,3,1,1,0.6,,0,,genuinely_improving,0.83,False
STU_0458,10,5,0,0,0,16,189.6,2,2,2,81.6,67.7,2.24,4.59,3,2,1,1.8,0.87,0,3.0,genuinely_improving,0.877,False
STU_0458,11,5,0,0,0,18,192.0,2,0,4,84.7,69.2,1.48,2.04,7,2,1,1.8,,0,,genuinely_improving,0.886,False
STU_0458,12,5,0,1,0,23,196.7,1,0,3,87.9,70.8,3.16,6.65,4,1,1,2.0,1.0,0,4.0,genuinely_improving,0.918,False
STU_0458,13,5,0,0,0,25,187.3,2,0,2,80.5,71.5,-2.09,9.16,5,2,1,0.7,,0,,genuinely_improving,0.965,False
STU_0458,14,4,1,1,0,21,166.8,2,0,4,90.2,72.9,1.16,17.14,4,2,1,2.0,1.0,0,5.0,genuinely_improving,0.975,False
STU_0458,15,5,0,0,0,18,168.6,2,0,3,97.6,74.5,8.56,49.17,5,1,1,2.5,,0,,genuinely_improving,0.956,False
STU_0458,16,5,0,0,0,15,188.9,3,0,2,100.0,76.1,4.89,17.38,1,1,1,1.8,0.78,0,5.0,genuinely_improving,0.961,False
STU_0459,1,3,2,3,2,14,115.3,1,1,0,49.5,49.5,0.0,0.0,4,2,2,2.1,,0,,genuinely_improving,0.432,False
STU_0459,2,2,3,2,1,12,98.3,1,0,0,54.1,51.8,4.58,5.25,5,2,1,2.4,-0.01,1,2.0,genuinely_improving,0.531,False
STU_0459,3,2,3,1,2,14,139.0,2,1,0,55.4,53.0,2.94,6.36,5,2,1,1.4,,0,,genuinely_improving,0.626,False
STU_0459,4,4,1,0,0,11,128.3,2,0,1,54.2,53.3,0.08,0.33,5,1,1,1.6,0.19,0,3.0,genuinely_improving,0.657,False
STU_0459,5,5,0,0,0,18,192.2,1,0,3,59.5,54.5,2.07,5.15,3,1,1,1.5,,0,,genuinely_improving,0.686,False
STU_0459,6,5,0,1,0,11,134.9,2,0,3,77.8,58.4,11.78,101.92,5,2,1,0.6,-0.22,0,5.0,genuinely_improving,0.755,False
STU_0459,7,4,1,0,0,11,142.6,2,0,1,76.4,61.0,8.42,68.88,2,1,1,2.4,,0,,genuinely_improving,0.81,False
STU_0459,8,5,0,0,0,19,160.0,2,0,3,65.8,61.6,-6.01,28.71,1,1,2,2.4,0.54,0,4.0,genuinely_improving,0.851,False
STU_0459,9,5,0,0,0,14,155.7,2,0,3,73.8,62.9,-1.28,20.31,8,2,1,2.0,,0,,genuinely_improving,0.833,False
STU_0459,10,5,0,0,0,19,167.2,1,0,4,85.1,65.2,9.67,63.0,4,2,1,2.0,0.39,0,5.0,genuinely_improving,0.87,False
STU_0459,11,5,0,0,0,22,186.6,2,0,3,84.5,66.9,5.36,27.05,1,1,2,1.2,,0,,genuinely_improving,0.876,False
STU_0459,12,5,0,0,0,19,125.2,3,0,1,88.0,68.7,1.44,2.33,3,2,1,0.8,0.44,0,5.0,genuinely_improving,0.942,False
STU_0459,13,5,0,1,0,21,221.4,2,0,2,92.6,70.5,4.04,10.93,2,1,1,0.7,,0,,genuinely_improving,0.927,False
STU_0459,14,5,0,0,0,20,211.9,1,0,4,92.0,72.0,1.98,4.11,4,1,2,1.9,0.46,0,4.0,genuinely_improving,0.921,False
STU_0459,15,5,0,0,0,17,178.1,2,0,0,95.6,73.6,1.52,2.54,5,1,1,0.5,,0,,genuinely_improving,0.867,False
STU_0459,16,4,1,0,0,16,180.9,2,0,1,100.0,75.3,4.01,10.77,5,1,1,2.5,1.0,0,5.0,genuinely_improving,0.889,False
STU_0460,1,2,3,3,1,12,108.3,2,1,0,51.2,51.2,0.0,0.0,4,2,1,2.1,,0,,genuinely_improving,0.45,False
STU_0460,2,2,3,1,1,18,77.2,2,0,0,51.6,51.4,0.44,0.05,6,1,1,0.6,0.24,0,3.0,genuinely_improving,0.521,False
STU_0460,3,2,3,2,1,15,102.3,2,1,2,58.2,53.6,3.51,10.33,4,1,2,0.7,,0,,genuinely_improving,0.611,False
STU_0460,4,5,0,0,0,14,155.0,2,0,2,54.5,53.8,1.43,7.27,3,2,2,2.0,0.68,0,3.0,genuinely_improving,0.709,False
STU_0460,5,5,0,0,0,10,125.9,2,0,5,64.4,56.0,3.1,16.78,2,2,1,1.6,,0,,genuinely_improving,0.733,False
STU_0460,6,5,0,0,0,14,149.5,2,0,5,70.1,58.3,7.81,41.63,8,1,1,2.2,0.6,0,4.0,genuinely_improving,0.783,False
STU_0460,7,5,0,0,0,19,130.4,2,0,2,69.1,59.8,2.34,6.13,4,2,2,0.7,,0,,genuinely_improving,0.869,False
STU_0460,8,5,0,0,0,20,181.4,2,0,1,75.8,61.8,2.88,8.91,4,1,1,2.4,0.92,0,5.0,genuinely_improving,0.966,False
STU_0460,9,5,0,0,0,20,202.7,2,0,2,81.9,64.1,6.42,27.48,4,2,2,1.8,,0,,genuinely_improving,0.959,False
STU_0460,10,4,1,0,0,16,141.5,2,0,2,83.1,66.0,3.63,10.08,2,1,1,1.9,0.7,0,5.0,genuinely_improving,0.951,False
STU_0460,11,5,0,0,0,15,196.6,3,0,2,83.6,67.6,0.84,0.5,7,2,1,2.3,,0,,genuinely_improving,0.948,False
STU_0460,12,5,0,0,0,19,235.1,1,0,1,87.1,69.2,1.99,3.15,5,2,1,1.5,0.72,0,4.0,genuinely_improving,0.937,False
STU_0460,13,4,1,1,0,19,152.1,2,0,1,86.8,70.6,1.61,2.52,0,2,1,1.0,,0,,genuinely_improving,0.944,False
STU_0460,14,5,0,0,0,19,163.5,3,0,2,87.8,71.8,0.37,0.18,3,2,2,1.6,1.0,0,4.0,genuinely_improving,0.973,False
STU_0460,15,5,0,0,0,18,156.6,3,0,4,91.0,73.1,2.1,3.19,7,1,1,2.3,,0,,genuinely_improving,0.947,False
STU_0460,16,5,0,0,0,22,187.1,2,0,3,96.5,74.5,4.33,12.82,1,2,1,1.2,0.49,0,4.0,genuinely_improving,0.935,False
STU_0461,1,2,3,3,2,18,122.5,2,0,0,59.7,59.7,0.0,0.0,1,1,2,2.4,,0,,genuinely_improving,0.567,False
STU_0461,2,3,2,2,1,14,120.3,2,0,1,61.8,60.8,2.13,1.14,0,1,1,1.3,0.41,1,4.0,genuinely_improving,0.671,False
STU_0461,3,2,3,2,2,16,138.9,2,1,3,56.7,59.4,-1.49,4.4,5,1,1,1.3,,0,,genuinely_improving,0.728,False
STU_0461,4,5,0,0,0,14,181.9,3,0,4,61.6,60.0,-0.11,5.58,6,1,2,2.4,0.57,0,5.0,genuinely_improving,0.828,False
STU_0461,5,5,0,0,0,17,119.7,2,0,4,67.2,61.4,5.24,18.31,3,1,2,1.6,,0,,genuinely_improving,0.91,False
STU_0461,6,5,0,0,0,21,184.8,2,0,3,70.0,62.8,4.22,12.29,4,1,1,1.0,0.59,0,5.0,genuinely_improving,0.959,False
STU_0461,7,4,1,0,0,19,184.1,2,0,2,75.8,64.7,4.29,12.75,6,1,1,0.9,,0,,genuinely_improving,0.98,False
STU_0461,8,4,1,0,0,17,169.5,2,0,0,72.2,65.6,1.06,5.58,3,1,1,2.0,0.39,0,5.0,genuinely_improving,0.98,False
STU_0461,9,5,0,0,0,21,200.8,2,0,0,85.8,67.9,5.02,33.27,4,1,1,0.6,,0,,genuinely_improving,0.98,False
STU_0461,10,5,0,0,0,19,165.1,2,0,3,87.8,69.9,7.82,48.24,1,1,1,1.3,1.0,0,5.0,genuinely_improving,0.969,False
STU_0461,11,5,0,0,0,19,171.2,2,0,5,78.9,70.7,-3.46,14.6,5,1,1,0.6,,0,,genuinely_improving,0.98,False
STU_0461,12,5,0,0,0,16,181.9,2,0,4,79.4,71.4,-4.19,16.69,4,1,1,1.4,0.35,0,4.0,genuinely_improving,0.98,False
STU_0461,13,5,0,0,0,19,185.8,2,0,5,94.4,73.2,7.77,51.86,6,2,2,2.2,,0,,genuinely_improving,0.98,False
STU_0461,14,4,1,0,0,20,172.6,2,0,4,92.3,74.5,6.46,44.06,7,1,1,2.5,0.42,0,5.0,genuinely_improving,0.968,False
STU_0461,15,5,0,1,0,19,142.4,2,1,4,99.0,76.2,2.3,7.76,8,1,1,0.6,,0,,genuinely_improving,0.944,False
STU_0461,16,5,0,0,0,14,184.6,3,0,2,100.0,77.7,3.83,11.55,4,1,2,0.5,1.0,0,5.0,genuinely_improving,0.953,False
STU_0462,1,3,2,1,1,16,120.1,2,1,1,49.4,49.4,0.0,0.0,4,2,2,0.5,,0,,genuinely_improving,0.46,False
STU_0462,2,2,3,1,1,11,103.0,1,1,2,51.5,50.5,2.1,1.11,5,1,1,1.4,-0.49,0,2.0,genuinely_improving,0.552,False
STU_0462,3,3,2,2,1,15,161.4,2,4,2,59.7,53.6,5.15,19.75,4,1,1,1.0,,0,,genuinely_improving,0.626,False
STU_0462,4,5,0,0,0,16,165.6,3,0,2,66.6,56.8,7.54,38.0,4,2,1,1.6,0.54,0,3.0,genuinely_improving,0.69,False
STU_0462,5,5,0,0,0,18,147.4,2,1,2,72.3,59.9,6.27,26.26,5,1,1,0.6,,1,,genuinely_improving,0.774,False
STU_0462,6,5,0,0,0,14,190.6,1,0,3,72.4,62.0,2.87,7.21,5,2,1,0.6,0.54,0,4.0,genuinely_improving,0.847,False
STU_0462,7,5,0,0,0,18,149.5,2,1,5,74.6,63.8,1.16,1.16,1,2,1,1.3,,0,,genuinely_improving,0.902,False
STU_0462,8,4,1,0,0,17,202.3,2,0,5,82.0,66.1,4.83,17.02,4,1,1,1.5,0.82,0,4.0,genuinely_improving,0.959,False
STU_0462,9,5,0,0,0,21,184.8,2,0,4,76.8,67.3,1.09,9.68,0,2,1,1.0,,0,,genuinely_improving,0.915,False
STU_0462,10,5,0,0,0,22,166.8,2,1,2,84.2,69.0,1.1,9.74,6,1,1,0.8,0.87,0,5.0,genuinely_improving,0.95,False
STU_0462,11,5,0,0,0,20,188.7,1,0,3,83.3,70.3,3.24,10.93,3,1,2,0.9,,0,,genuinely_improving,0.914,False
STU_0462,12,5,0,0,0,14,123.5,2,0,1,92.0,72.1,3.88,15.26,2,2,2,2.1,0.96,0,4.0,genuinely_improving,0.906,False
STU_0462,13,4,1,0,0,19,146.5,3,0,1,99.7,74.2,8.23,45.23,3,1,1,0.6,,0,,genuinely_improving,0.842,False
STU_0462,14,4,1,0,0,18,169.6,2,0,2,96.1,75.8,2.03,10.0,4,1,2,1.9,0.68,0,3.0,genuinely_improving,0.865,False
STU_0462,15,5,0,0,0,16,168.6,2,0,5,89.8,76.7,-4.97,16.81,6,1,1,2.1,,0,,genuinely_improving,0.876,False
STU_0462,16,4,1,1,0,23,135.4,2,0,3,100.0,78.1,1.97,17.65,5,1,2,2.3,1.0,0,4.0,genuinely_improving,0.842,False
STU_0463,1,2,3,2,1,13,84.0,2,0,1,47.4,47.4,0.0,0.0,1,1,1,0.7,,1,,genuinely_improving,0.37,False
STU_0463,2,2,3,3,2,14,104.5,1,0,1,59.4,53.4,12.06,36.36,4,2,1,1.5,-0.11,0,3.0,genuinely_improving,0.433,False
STU_0463,3,3,2,3,1,12,95.8,1,2,3,62.6,56.5,7.59,42.86,7,1,1,2.4,,0,,genuinely_improving,0.463,False
STU_0463,4,5,0,0,0,14,129.8,2,0,2,61.5,57.7,1.05,1.69,3,1,2,0.8,-0.03,0,2.0,genuinely_improving,0.55,False
STU_0463,5,5,0,1,0,13,135.4,2,1,3,70.1,60.2,3.76,14.52,5,1,1,0.6,,1,,genuinely_improving,0.628,False
STU_0463,6,5,0,0,0,16,139.4,3,1,2,63.5,60.8,0.99,13.34,4,1,1,0.6,-0.07,1,5.0,genuinely_improving,0.707,False
STU_0463,7,5,0,0,0,17,182.9,1,0,4,67.6,61.7,-1.24,7.32,2,1,1,1.3,,0,,genuinely_improving,0.781,False
STU_0463,8,5,0,0,0,19,157.4,3,0,0,78.3,63.8,7.4,38.97,5,2,1,1.5,0.73,0,5.0,genuinely_improving,0.869,False
STU_0463,9,5,0,0,0,18,214.6,2,0,2,81.1,65.7,6.73,33.73,1,1,1,0.9,,0,,genuinely_improving,0.885,False
STU_0463,10,5,0,0,0,20,215.4,2,0,4,82.6,67.4,2.12,3.08,2,2,1,0.7,0.84,0,5.0,genuinely_improving,0.9,False
STU_0463,11,5,0,1,0,17,163.4,2,0,5,86.5,69.1,2.7,5.19,3,2,1,0.7,,0,,genuinely_improving,0.928,False
STU_0463,12,5,0,0,0,18,142.6,3,0,2,92.3,71.1,4.88,16.07,8,1,1,2.2,0.96,0,5.0,genuinely_improving,0.909,False
STU_0463,13,5,0,0,0,17,153.6,1,0,4,92.3,72.7,2.93,7.62,9,1,1,1.3,,0,,genuinely_improving,0.954,False
STU_0463,14,5,0,0,0,17,157.2,3,0,5,98.0,74.5,2.83,7.08,4,1,1,1.2,0.92,0,5.0,genuinely_improving,0.98,False
STU_0463,15,5,0,0,0,13,227.2,2,0,0,98.1,76.1,2.86,7.15,3,1,2,1.2,,0,,genuinely_improving,0.962,False
STU_0463,16,5,0,0,0,13,209.4,2,0,5,100.0,77.6,1.01,0.88,4,1,1,0.9,1.0,0,5.0,genuinely_improving,0.917,False
STU_0464,1,3,2,3,1,11,128.7,2,1,3,43.4,43.4,0.0,0.0,3,1,1,2.3,,1,,genuinely_improving,0.461,False
STU_0464,2,2,3,1,1,13,99.3,2,1,1,50.2,46.8,6.77,11.47,5,1,1,2.4,-0.17,0,2.0,genuinely_improving,0.554,False
STU_0464,3,4,1,2,1,18,102.9,2,0,4,57.2,50.2,6.88,31.55,6,2,1,1.9,,0,,genuinely_improving,0.582,False
STU_0464,4,5,0,0,0,13,118.9,1,0,1,60.1,52.7,4.95,17.26,3,1,1,2.3,-0.54,0,3.0,genuinely_improving,0.632,False
STU_0464,5,5,0,0,0,20,162.2,2,0,3,70.5,56.3,6.65,32.6,5,1,1,2.1,,1,,genuinely_improving,0.696,False
STU_0464,6,5,0,0,0,16,148.7,2,1,0,73.7,59.2,6.8,33.7,3,2,1,0.5,1.0,1,3.0,genuinely_improving,0.757,False
STU_0464,7,5,0,0,0,12,169.5,2,0,4,76.1,61.6,2.82,5.34,4,2,1,1.5,,0,,genuinely_improving,0.843,False
STU_0464,8,5,0,1,0,20,155.3,2,0,3,71.7,62.8,-1.01,3.31,2,1,1,1.6,0.87,0,4.0,genuinely_improving,0.884,False
STU_0464,9,5,0,1,0,21,202.3,2,0,2,78.8,64.6,1.36,8.73,3,1,1,2.4,,0,,genuinely_improving,0.882,False
STU_0464,10,5,0,0,0,18,148.5,2,0,1,85.3,66.7,6.81,30.93,4,1,1,2.2,1.0,0,3.0,genuinely_improving,0.855,False
STU_0464,11,5,0,0,0,22,173.8,1,0,0,80.7,68.0,0.94,7.33,7,1,2,1.1,,0,,genuinely_improving,0.901,False
STU_0464,12,5,0,1,0,17,194.6,2,0,2,84.3,69.3,-0.5,3.84,3,2,1,0.8,0.56,0,4.0,genuinely_improving,0.895,False
STU_0464,13,5,0,0,0,18,138.1,2,0,2,95.3,71.3,7.3,38.66,2,1,1,1.1,,0,,genuinely_improving,0.874,False
STU_0464,14,5,0,0,0,17,211.0,1,0,1,100.0,73.4,7.86,43.41,8,1,2,1.1,0.73,0,4.0,genuinely_improving,0.877,False
STU_0464,15,5,0,0,0,15,147.5,2,0,5,100.0,75.1,2.34,4.87,2,2,1,1.3,,0,,genuinely_improving,0.832,False
STU_0464,16,5,0,1,0,15,173.4,3,1,2,99.0,76.6,-0.51,0.23,5,1,1,1.4,0.63,0,4.0,genuinely_improving,0.824,False
STU_0465,1,3,2,2,1,15,54.1,2,3,0,61.2,61.2,0.0,0.0,3,2,1,1.0,,0,,genuinely_improving,0.403,False
STU_0465,2,3,2,1,1,15,81.7,2,0,2,54.5,57.8,-6.78,11.48,6,1,1,1.6,-0.41,0,2.0,genuinely_improving,0.468,False
STU_0465,3,2,3,2,1,15,145.6,2,1,4,56.6,57.4,-2.32,8.0,3,2,2,1.4,,0,,genuinely_improving,0.558,False
STU_0465,4,5,0,1,0,10,90.9,2,0,1,57.8,57.5,1.66,1.89,6,2,2,1.4,-0.02,0,2.0,genuinely_improving,0.607,False
STU_0465,5,5,0,0,0,21,102.1,1,0,2,66.8,59.4,5.1,20.76,6,1,1,0.6,,0,,genuinely_improving,0.699,False
STU_0465,6,5,0,0,0,14,81.6,1,2,1,67.1,60.7,4.66,18.7,7,1,2,1.7,0.95,1,3.0,genuinely_improving,0.756,False
STU_0465,7,5,0,1,0,19,122.3,2,0,2,67.8,61.7,0.48,0.16,5,2,2,0.8,,0,,genuinely_improving,0.834,False
STU_0465,8,5,0,0,0,17,180.3,1,0,4,70.0,62.7,1.47,1.58,3,2,2,2.2,-0.44,0,5.0,genuinely_improving,0.882,False
STU_0465,9,4,1,0,0,11,186.9,2,0,3,77.4,64.4,4.81,16.83,2,2,1,2.4,,1,,genuinely_improving,0.895,False
STU_0465,10,5,0,0,0,19,164.3,2,0,0,77.1,65.6,3.53,11.56,4,2,2,1.3,0.83,0,5.0,genuinely_improving,0.906,False
STU_0465,11,5,0,0,0,18,147.0,2,0,1,82.2,67.1,2.42,5.51,3,1,1,2.2,,0,,genuinely_improving,0.897,False
STU_0465,12,5,0,0,0,14,192.2,1,0,3,89.7,69.0,6.28,26.57,3,1,1,0.8,0.07,0,3.0,genuinely_improving,0.872,False
STU_0465,13,5,0,0,0,17,211.1,1,0,4,90.9,70.7,4.35,14.74,5,2,2,1.7,,0,,genuinely_improving,0.876,False
STU_0465,14,5,0,0,0,15,190.6,2,1,2,98.4,72.7,4.39,15.04,5,1,2,0.6,0.54,0,5.0,genuinely_improving,0.878,False
STU_0465,15,5,0,0,0,21,153.6,2,0,2,100.0,74.5,4.54,15.73,4,1,1,0.9,,0,,genuinely_improving,0.894,False
STU_0465,16,4,1,0,0,20,191.4,2,0,0,100.0,76.1,0.78,0.54,1,1,1,0.9,0.65,0,5.0,genuinely_improving,0.879,False
STU_0466,1,2,3,1,2,13,103.1,2,1,1,53.9,53.9,0.0,0.0,3,1,1,2.0,,1,,genuinely_improving,0.411,False
STU_0466,2,4,1,1,1,10,96.1,2,1,0,54.4,54.1,0.43,0.05,3,1,1,2.3,0.13,0,2.0,genuinely_improving,0.439,False
STU_0466,3,3,2,2,1,12,94.7,1,0,2,59.3,55.9,2.69,5.97,2,1,1,1.5,,0,,genuinely_improving,0.427,False
STU_0466,4,5,0,0,0,15,106.3,2,1,1,66.0,58.4,5.82,22.78,1,2,2,2.3,-0.4,1,4.0,genuinely_improving,0.444,False
STU_0466,5,5,0,0,0,16,131.9,2,2,3,61.5,59.0,1.09,7.77,5,2,1,2.0,,0,,genuinely_improving,0.523,False
STU_0466,6,5,0,0,0,16,82.7,2,2,1,69.7,60.8,1.87,11.38,8,2,1,2.4,-0.19,0,4.0,genuinely_improving,0.604,False
STU_0466,7,5,0,0,0,14,132.4,1,0,2,74.8,62.8,6.68,30.26,3,1,1,1.3,,0,,genuinely_improving,0.664,False
STU_0466,8,5,0,1,0,16,139.7,2,0,3,70.9,63.8,0.59,4.75,3,1,2,1.1,0.16,0,3.0,genuinely_improving,0.685,False
STU_0466,9,5,0,0,0,16,155.6,2,1,2,76.1,65.2,0.61,4.82,3,1,2,2.4,,0,,genuinely_improving,0.647,False
STU_0466,10,5,0,0,0,12,118.4,2,0,4,90.3,67.7,9.7,67.31,2,1,1,2.0,0.73,1,3.0,genuinely_improving,0.658,False
STU_0466,11,5,0,0,0,12,121.0,2,1,0,87.3,69.5,5.6,37.53,5,1,2,2.3,,0,,genuinely_improving,0.644,False
STU_0466,12,5,0,0,0,8,139.0,2,0,3,89.3,71.1,-0.5,1.62,2,2,2,0.9,0.22,0,3.0,genuinely_improving,0.633,False
STU_0466,13,5,0,0,0,19,138.2,2,1,2,83.2,72.1,-2.02,6.43,3,2,1,0.8,,0,,genuinely_improving,0.659,False
STU_0466,14,5,0,0,0,20,127.0,1,0,0,96.5,73.8,3.59,29.45,6,2,2,2.3,0.36,1,4.0,genuinely_improving,0.644,False
STU_0466,15,5,0,0,0,9,142.1,2,0,1,100.0,75.5,8.39,52.26,4,2,1,2.5,,0,,genuinely_improving,0.627,False
STU_0466,16,4,1,0,0,13,165.5,2,0,2,100.0,77.1,1.75,2.73,1,2,2,0.8,0.32,0,2.0,genuinely_improving,0.694,False
STU_0467,1,3,2,1,2,10,97.2,2,0,1,54.0,54.0,0.0,0.0,5,1,2,2.2,,1,,genuinely_improving,0.382,False
STU_0467,2,3,2,3,2,10,104.1,2,2,1,53.8,53.9,-0.15,0.01,3,1,1,2.3,-0.25,0,3.0,genuinely_improving,0.433,False
STU_0467,3,3,2,1,1,10,185.6,2,0,0,58.2,55.4,2.13,4.17,2,1,1,1.1,,1,,genuinely_improving,0.482,False
STU_0467,4,5,0,1,0,9,140.0,2,0,0,67.0,58.3,6.57,29.77,1,1,1,2.5,0.74,1,2.0,genuinely_improving,0.559,False
STU_0467,5,5,0,0,0,16,124.9,2,0,0,62.8,59.2,2.27,12.69,5,1,1,0.7,,0,,genuinely_improving,0.657,False
STU_0467,6,4,1,0,0,13,108.8,2,2,1,73.8,61.6,3.43,20.7,4,1,1,0.9,0.45,1,4.0,genuinely_improving,0.709,False
STU_0467,7,5,0,0,0,17,156.5,3,0,2,74.3,63.4,5.78,28.39,4,1,1,0.5,,0,,genuinely_improving,0.759,False
STU_0467,8,5,0,0,0,18,134.8,2,0,6,78.0,65.2,2.08,3.43,7,2,2,1.3,0.63,0,4.0,genuinely_improving,0.841,False
STU_0467,9,4,1,0,0,16,171.2,2,0,1,78.1,66.7,1.87,3.03,4,1,1,0.7,,0,,genuinely_improving,0.86,False
STU_0467,10,5,0,1,0,12,169.8,2,0,2,83.4,68.3,2.72,6.45,3,1,1,2.4,1.0,0,5.0,genuinely_improving,0.823,False
STU_0467,11,4,1,0,0,21,161.3,2,0,0,83.7,69.7,2.81,6.68,5,2,1,1.8,,0,,genuinely_improving,0.837,False
STU_0467,12,5,0,1,0,12,148.7,1,0,3,86.3,71.1,1.42,1.64,6,2,2,0.6,0.78,0,4.0,genuinely_improving,0.83,False
STU_0467,13,5,0,0,0,15,147.2,2,0,2,91.9,72.7,4.08,11.6,1,1,2,1.8,,0,,genuinely_improving,0.847,False
STU_0467,14,5,0,0,0,17,150.1,3,0,3,89.5,73.9,1.61,5.25,2,2,1,0.6,-0.0,0,5.0,genuinely_improving,0.863,False
STU_0467,15,5,0,0,0,13,141.8,2,0,4,100.0,75.7,4.07,20.3,6,2,1,1.6,,0,,genuinely_improving,0.886,False
STU_0467,16,5,0,0,0,22,167.7,1,0,2,100.0,77.2,5.26,24.6,4,2,2,1.9,0.65,0,5.0,genuinely_improving,0.858,False
STU_0468,1,3,2,3,2,16,74.2,3,2,1,50.1,50.1,0.0,0.0,4,2,2,0.7,,1,,genuinely_improving,0.478,False
STU_0468,2,2,3,2,2,16,157.4,2,2,2,45.2,47.6,-4.93,6.07,4,1,1,2.2,-0.12,1,3.0,genuinely_improving,0.512,False
STU_0468,3,3,2,2,1,13,127.0,2,0,1,54.6,49.9,2.24,14.73,3,1,1,1.1,,0,,genuinely_improving,0.598,False
STU_0468,4,5,0,0,0,12,116.7,2,0,3,65.9,53.9,10.39,72.24,1,2,1,1.8,0.05,0,2.0,genuinely_improving,0.683,False
STU_0468,5,5,0,1,0,15,168.1,2,0,1,66.5,56.5,5.98,30.37,5,2,1,0.9,,0,,genuinely_improving,0.723,False
STU_0468,6,5,0,0,0,17,125.6,2,2,1,65.2,57.9,-0.39,0.31,3,2,1,2.2,0.81,1,3.0,genuinely_improving,0.789,False
STU_0468,7,4,1,1,0,21,196.7,1,1,2,66.1,59.1,-0.24,0.31,7,1,1,1.6,,0,,genuinely_improving,0.837,False
STU_0468,8,5,0,0,0,15,154.9,3,0,1,80.7,61.8,7.77,50.86,3,1,1,2.1,0.52,0,4.0,genuinely_improving,0.878,False
STU_0468,9,5,0,1,0,22,166.7,1,1,3,84.9,64.3,9.43,65.43,4,2,1,0.5,,0,,genuinely_improving,0.886,False
STU_0468,10,4,1,0,0,20,166.1,2,0,1,82.0,66.1,0.66,3.08,3,1,2,1.4,0.4,0,4.0,genuinely_improving,0.878,False
STU_0468,11,5,0,0,0,21,203.8,1,0,2,86.7,68.0,0.88,3.67,9,2,2,1.3,,0,,genuinely_improving,0.926,False
STU_0468,12,5,0,0,0,17,201.0,2,1,0,91.4,69.9,4.69,14.64,1,1,1,2.3,0.6,0,3.0,genuinely_improving,0.916,False
STU_0468,13,4,1,0,0,23,169.7,2,0,3,95.7,71.9,4.53,13.68,3,1,1,1.2,,0,,genuinely_improving,0.98,False
STU_0468,14,5,0,0,0,16,189.0,2,0,1,96.8,73.7,2.72,5.51,6,1,1,1.2,0.53,0,5.0,genuinely_improving,0.972,False
STU_0468,15,5,0,0,0,17,160.7,2,0,5,98.4,75.4,1.35,1.22,6,2,2,2.1,,0,,genuinely_improving,0.934,False
STU_0468,16,5,0,0,0,18,209.2,2,0,7,100.0,76.9,1.58,1.65,3,2,1,2.2,1.0,0,5.0,genuinely_improving,0.98,False
STU_0469,1,3,2,2,1,5,73.4,3,0,2,58.8,58.8,0.0,0.0,5,1,1,2.4,,0,,genuinely_improving,0.342,True
STU_0469,2,4,1,1,1,8,97.0,2,0,2,62.4,60.6,3.63,3.29,2,2,2,1.6,-0.15,0,2.0,genuinely_improving,0.423,False
STU_0469,3,3,2,2,2,13,130.2,2,1,3,57.2,59.5,-0.8,4.78,3,1,2,2.2,,1,,genuinely_improving,0.521,False
STU_0469,4,5,0,0,0,13,160.0,2,1,0,59.8,59.6,-1.32,4.56,7,2,1,1.7,0.64,0,4.0,genuinely_improving,0.624,False
STU_0469,5,5,0,0,0,12,135.9,3,1,1,67.9,61.2,5.33,20.6,5,1,1,1.5,,1,,genuinely_improving,0.675,False
STU_0469,6,5,0,0,0,17,137.5,2,0,1,68.4,62.4,4.32,15.57,3,2,1,2.3,0.47,0,4.0,genuinely_improving,0.725,False
STU_0469,7,5,0,0,0,17,173.3,2,0,0,74.1,64.1,3.12,7.92,7,2,1,1.3,,0,,genuinely_improving,0.803,False
STU_0469,8,5,0,0,0,17,183.0,2,0,4,70.7,64.9,1.15,5.4,4,1,1,2.3,0.54,0,4.0,genuinely_improving,0.884,False
STU_0469,9,5,0,1,0,16,136.9,2,0,1,76.4,66.2,1.14,5.35,1,1,1,0.5,,0,,genuinely_improving,0.897,False
STU_0469,10,5,0,0,0,20,141.9,1,0,1,86.3,68.2,7.78,41.34,7,2,1,1.7,1.0,0,5.0,genuinely_improving,0.89,False
STU_0469,11,5,0,1,0,16,195.1,2,0,2,87.2,69.9,5.43,24.13,2,1,1,1.9,,0,,genuinely_improving,0.906,False
STU_0469,12,5,0,0,0,21,193.2,1,0,4,90.8,71.7,2.25,3.76,5,1,2,1.4,0.71,0,4.0,genuinely_improving,0.906,False
STU_0469,13,5,0,0,0,17,218.2,2,0,2,86.5,72.8,-0.35,3.49,2,1,1,1.4,,0,,genuinely_improving,0.918,False
STU_0469,14,4,1,0,0,17,168.9,3,0,0,97.8,74.6,3.52,21.69,2,1,1,1.5,0.51,0,5.0,genuinely_improving,0.885,False
STU_0469,15,5,0,0,0,15,208.1,2,0,0,94.3,75.9,3.87,22.24,3,2,1,1.3,,0,,genuinely_improving,0.897,False
STU_0469,16,4,1,0,0,20,194.1,3,1,2,100.0,77.4,1.08,5.56,2,1,1,0.9,1.0,0,5.0,genuinely_improving,0.897,False
STU_0470,1,4,1,1,1,9,168.4,1,2,4,52.1,52.1,0.0,0.0,6,2,1,0.6,,0,,genuinely_improving,0.496,False
STU_0470,2,4,1,3,1,15,94.5,1,0,6,51.1,51.6,-1.01,0.26,5,1,1,2.1,0.21,0,3.0,genuinely_improving,0.562,False
STU_0470,3,4,1,3,1,16,163.1,3,1,1,61.8,55.0,4.87,23.53,3,1,1,0.9,,0,,genuinely_improving,0.656,False
STU_0470,4,5,0,0,0,18,157.5,2,0,0,59.8,56.2,4.38,21.82,6,1,2,1.9,-0.12,0,4.0,genuinely_improving,0.732,False
STU_0470,5,5,0,0,0,14,90.3,2,0,4,64.3,57.8,1.23,3.32,4,1,2,1.2,,0,,genuinely_improving,0.804,False
STU_0470,6,5,0,0,0,11,124.1,2,0,2,72.6,60.3,6.38,27.92,5,2,1,2.0,0.38,0,4.0,genuinely_improving,0.928,False
STU_0470,7,5,0,0,0,22,187.8,2,0,1,75.9,62.5,5.83,24.0,1,1,2,1.7,,0,,genuinely_improving,0.98,False
STU_0470,8,5,0,0,0,16,161.0,2,0,2,78.5,64.5,2.97,5.93,7,1,1,0.9,0.34,0,5.0,genuinely_improving,0.98,False
STU_0470,9,5,0,0,0,20,200.3,3,0,0,76.5,65.8,0.27,1.24,3,1,1,2.2,,0,,genuinely_improving,0.96,False
STU_0470,10,5,0,1,0,16,176.6,2,0,4,82.5,67.5,1.99,6.25,6,2,2,2.2,0.87,0,5.0,genuinely_improving,0.97,False
STU_0470,11,4,1,1,0,21,162.9,2,0,2,89.0,69.4,6.27,26.19,5,1,1,2.2,,0,,genuinely_improving,0.98,False
STU_0470,12,5,0,0,0,18,202.8,3,0,0,86.9,70.9,2.2,7.35,3,1,1,2.3,0.65,0,4.0,genuinely_improving,0.955,False
STU_0470,13,4,1,1,0,24,199.3,2,1,2,98.5,73.0,4.73,25.35,4,2,1,2.3,,0,,genuinely_improving,0.98,False
STU_0470,14,5,0,1,0,26,191.8,2,0,3,100.0,74.9,6.56,34.3,4,2,2,0.6,1.0,0,5.0,genuinely_improving,0.98,False
STU_0470,15,5,0,0,0,13,161.6,2,0,3,99.7,76.6,0.61,0.44,8,1,2,2.0,,0,,genuinely_improving,0.968,False
STU_0470,16,5,0,0,0,18,189.3,2,0,1,100.0,78.1,-0.0,0.02,0,2,1,2.4,1.0,0,5.0,genuinely_improving,0.948,False
STU_0471,1,2,3,1,1,17,91.8,2,1,1,50.1,50.1,0.0,0.0,5,2,1,2.0,,0,,genuinely_improving,0.412,False
STU_0471,2,2,3,3,1,15,150.3,2,1,0,48.6,49.4,-1.55,0.6,2,1,1,1.5,0.25,0,4.0,genuinely_improving,0.516,False
STU_0471,3,4,1,3,1,10,135.8,2,0,1,60.9,53.2,5.35,29.72,2,1,1,0.7,,0,,genuinely_improving,0.574,False
STU_0471,4,5,0,0,0,15,161.3,2,1,0,66.2,56.4,8.8,54.33,2,2,1,1.9,1.0,0,4.0,genuinely_improving,0.639,False
STU_0471,5,5,0,0,0,18,122.4,2,2,3,64.3,58.0,1.72,4.89,2,1,1,1.0,,0,,genuinely_improving,0.699,False
STU_0471,6,5,0,0,0,17,158.0,1,1,1,71.9,60.3,2.85,10.43,5,1,1,2.3,0.42,0,3.0,genuinely_improving,0.775,False
STU_0471,7,5,0,0,0,18,168.6,2,0,2,81.8,63.4,8.76,51.52,5,1,1,2.0,,1,,genuinely_improving,0.841,False
STU_0471,8,5,0,0,0,20,185.6,1,0,3,86.4,66.3,7.26,36.73,5,2,1,1.4,0.71,0,4.0,genuinely_improving,0.896,False
STU_0471,9,5,0,0,0,18,205.0,2,0,5,82.2,68.0,0.21,4.29,3,2,1,0.8,,0,,genuinely_improving,0.906,False
STU_0471,10,4,1,0,0,18,134.4,3,0,2,85.8,69.8,-0.31,3.36,5,1,2,1.0,0.95,0,5.0,genuinely_improving,0.907,False
STU_0471,11,5,0,0,0,19,173.3,2,1,1,83.5,71.1,0.63,2.14,2,2,2,1.5,,0,,genuinely_improving,0.902,False
STU_0471,12,5,0,0,0,24,191.0,1,0,1,89.9,72.6,2.08,7.09,7,2,1,0.8,0.64,0,4.0,genuinely_improving,0.932,False
STU_0471,13,5,0,0,0,18,180.6,2,0,0,97.1,74.5,6.77,30.61,4,1,1,0.7,,0,,genuinely_improving,0.95,False
STU_0471,14,5,0,0,0,23,198.4,2,0,5,94.0,75.9,2.03,8.49,8,1,1,2.0,1.0,0,5.0,genuinely_improving,0.98,False
STU_0471,15,5,0,0,0,19,211.3,2,1,4,100.0,77.5,1.47,6.02,2,1,1,1.6,,0,,genuinely_improving,0.98,False
STU_0471,16,5,0,0,0,20,166.2,2,0,1,96.1,78.7,1.04,6.21,6,1,1,0.9,1.0,0,5.0,genuinely_improving,0.923,False
STU_0472,1,2,3,1,2,8,91.1,1,1,2,51.4,51.4,0.0,0.0,3,1,1,1.8,,0,,genuinely_improving,0.384,False
STU_0472,2,2,3,2,1,14,93.0,1,1,1,59.8,55.6,8.41,17.69,3,2,1,1.8,0.01,0,3.0,genuinely_improving,0.404,False
STU_0472,3,2,3,2,2,12,131.8,2,0,2,56.2,55.8,2.4,11.87,7,1,1,0.9,,1,,genuinely_improving,0.479,False
STU_0472,4,4,1,1,0,11,111.9,2,2,1,67.5,58.7,3.85,22.2,4,2,1,2.0,-0.25,0,3.0,genuinely_improving,0.529,False
STU_0472,5,5,0,0,0,12,134.7,2,0,0,64.6,59.9,4.21,22.97,3,1,2,2.0,,0,,genuinely_improving,0.606,False
STU_0472,6,5,0,1,0,18,131.6,2,1,2,73.8,62.2,3.17,14.81,3,1,2,1.7,-0.34,0,5.0,genuinely_improving,0.649,False
STU_0472,7,5,0,0,0,19,141.8,2,0,2,75.4,64.1,5.42,22.77,2,2,2,1.0,,0,,genuinely_improving,0.739,False
STU_0472,8,5,0,0,0,14,208.3,2,0,0,73.1,65.2,-0.37,0.97,4,2,1,2.5,0.52,0,4.0,genuinely_improving,0.81,False
STU_0472,9,5,0,0,0,18,147.6,2,0,0,81.3,67.0,2.92,11.88,1,1,1,0.6,,0,,genuinely_improving,0.886,False
STU_0472,10,5,0,1,0,19,160.8,3,0,7,76.6,68.0,1.78,11.27,7,1,1,1.6,0.62,0,4.0,genuinely_improving,0.885,False
STU_0472,11,5,0,0,0,20,206.7,2,0,3,88.2,69.8,3.44,22.45,7,1,1,1.6,,0,,genuinely_improving,0.877,False
STU_0472,12,5,0,0,0,21,154.0,1,0,1,85.7,71.1,4.53,24.6,3,1,2,1.2,0.71,0,5.0,genuinely_improving,0.86,False
STU_0472,13,5,0,0,0,20,182.1,2,0,5,87.6,72.4,-0.27,1.12,3,2,2,1.5,,0,,genuinely_improving,0.834,False
STU_0472,14,5,0,0,0,20,212.9,2,0,5,97.7,74.2,5.98,27.51,0,2,1,1.2,0.24,0,4.0,genuinely_improving,0.884,False
STU_0472,15,4,1,0,0,18,151.5,2,0,0,98.8,75.8,5.58,25.17,2,1,1,2.0,,0,,genuinely_improving,0.884,False
STU_0472,16,5,0,0,0,11,139.2,2,0,1,99.3,77.3,0.83,0.48,4,2,2,0.7,1.0,0,3.0,genuinely_improving,0.879,False
STU_0473,1,3,2,3,1,10,75.9,2,0,0,48.9,48.9,0.0,0.0,8,1,1,1.9,,0,,genuinely_improving,0.271,True
STU_0473,2,4,1,1,1,9,155.2,1,0,1,53.7,51.3,4.77,5.68,2,1,1,1.5,-0.33,0,2.0,genuinely_improving,0.399,True
STU_0473,3,2,3,1,1,9,125.4,2,0,2,57.3,53.3,4.17,11.67,3,1,2,0.9,,0,,genuinely_improving,0.48,False
STU_0473,4,5,0,0,0,19,73.1,2,1,2,63.5,55.8,4.89,16.31,7,1,1,1.2,-0.18,1,3.0,genuinely_improving,0.572,False
STU_0473,5,5,0,0,0,10,137.9,1,0,1,65.7,57.8,4.22,12.74,6,1,2,1.5,,0,,genuinely_improving,0.63,False
STU_0473,6,5,0,0,0,16,146.7,2,1,6,73.7,60.5,5.13,19.44,9,1,1,1.7,0.05,1,4.0,genuinely_improving,0.67,False
STU_0473,7,4,1,1,0,15,133.9,2,0,2,76.0,62.7,5.15,19.51,2,1,1,1.3,,0,,genuinely_improving,0.784,False
STU_0473,8,5,0,0,0,22,178.5,2,0,3,79.6,64.8,2.95,5.9,2,1,1,1.5,0.33,0,5.0,genuinely_improving,0.844,False
STU_0473,9,5,0,0,0,20,172.7,3,0,2,82.5,66.8,3.28,7.18,5,1,1,1.7,,0,,genuinely_improving,0.833,False
STU_0473,10,5,0,0,0,16,170.6,1,1,1,83.2,68.4,1.77,2.39,1,1,1,0.9,0.57,0,4.0,genuinely_improving,0.84,False
STU_0473,11,5,0,0,0,17,168.8,2,0,1,85.7,70.0,1.58,1.86,2,1,1,0.9,,0,,genuinely_improving,0.887,False
STU_0473,12,5,0,0,0,18,176.9,2,0,4,96.4,72.2,6.59,32.6,10,1,1,1.0,0.56,0,5.0,genuinely_improving,0.842,False
STU_0473,13,4,1,0,0,19,214.9,1,0,1,99.0,74.2,6.65,33.04,3,1,2,1.1,,0,,genuinely_improving,0.837,False
STU_0473,14,5,0,1,0,22,176.0,2,0,2,95.9,75.8,-0.21,1.84,2,1,1,2.1,1.0,0,5.0,genuinely_improving,0.844,False
STU_0473,15,5,0,0,0,21,190.7,3,0,2,96.1,77.1,-1.46,1.99,2,1,1,2.2,,0,,genuinely_improving,0.899,False
STU_0473,16,5,0,0,0,14,160.8,2,0,0,99.7,78.6,1.88,3.02,3,2,1,1.7,0.99,0,5.0,genuinely_improving,0.898,False
STU_0474,1,2,3,1,2,11,126.7,2,2,1,56.2,56.2,0.0,0.0,3,1,1,1.8,,0,,genuinely_improving,0.538,False
STU_0474,2,2,3,3,2,11,151.5,2,2,2,52.2,54.2,-3.97,3.94,4,2,1,1.6,0.12,1,3.0,genuinely_improving,0.595,False
STU_0474,3,4,1,3,1,16,157.4,2,0,1,58.1,55.5,0.96,6.03,2,1,2,1.0,,0,,genuinely_improving,0.692,False
STU_0474,4,5,0,0,0,12,106.8,2,0,0,58.1,56.2,2.95,7.72,3,1,2,0.8,0.26,1,4.0,genuinely_improving,0.726,False
STU_0474,5,5,0,0,0,17,213.2,2,0,0,62.8,57.5,2.34,4.86,3,1,1,2.1,,0,,genuinely_improving,0.776,False
STU_0474,6,5,0,0,0,21,181.2,2,0,1,70.2,59.6,6.02,24.54,5,2,1,2.0,0.66,0,3.0,genuinely_improving,0.839,False
STU_0474,7,5,0,1,0,17,180.3,2,0,2,74.7,61.8,5.94,23.95,2,2,1,0.6,,0,,genuinely_improving,0.905,False
STU_0474,8,5,0,1,0,20,177.5,2,0,1,71.7,63.0,0.78,3.51,1,1,1,1.6,0.42,0,4.0,genuinely_improving,0.961,False
STU_0474,9,4,1,0,0,16,232.3,2,0,3,78.1,64.7,1.71,6.77,6,2,1,1.5,,0,,genuinely_improving,0.966,False
STU_0474,10,5,0,0,0,23,203.0,1,0,2,77.3,65.9,2.78,8.02,2,1,1,0.6,1.0,0,5.0,genuinely_improving,0.98,False
STU_0474,11,5,0,0,0,22,152.9,2,0,1,80.8,67.3,1.37,2.3,9,1,1,1.9,,0,,genuinely_improving,0.98,False
STU_0474,12,4,1,0,0,24,203.8,2,1,2,86.8,68.9,4.76,15.46,6,1,1,2.2,0.41,0,5.0,genuinely_improving,0.916,False
STU_0474,13,4,1,0,0,20,140.8,2,0,4,90.9,70.6,5.04,17.1,3,1,2,1.5,,0,,genuinely_improving,0.93,False
STU_0474,14,5,0,0,0,16,171.8,2,0,1,93.3,72.2,3.22,7.09,3,1,1,1.5,0.68,0,5.0,genuinely_improving,0.942,False
STU_0474,15,4,1,0,0,20,160.1,3,1,2,93.3,73.6,1.21,1.27,5,1,2,1.2,,0,,genuinely_improving,0.95,False
STU_0474,16,5,0,0,0,21,187.9,2,0,3,100.0,75.3,3.37,9.98,8,2,2,1.9,0.83,0,5.0,genuinely_improving,0.975,False
STU_0475,1,2,3,2,1,10,114.3,2,1,1,53.4,53.4,0.0,0.0,8,1,1,2.2,,0,,genuinely_improving,0.515,False
STU_0475,2,3,2,2,1,13,117.5,2,0,1,56.0,54.7,2.63,1.73,2,2,1,1.2,-0.41,1,3.0,genuinely_improving,0.621,False
STU_0475,3,2,3,3,1,13,165.5,2,0,0,57.5,55.7,2.07,2.94,8,1,2,1.8,,0,,genuinely_improving,0.657,False
STU_0475,4,5,0,0,0,18,144.1,2,0,1,59.5,56.6,1.76,2.07,2,1,1,1.9,0.29,0,4.0,genuinely_improving,0.742,False
STU_0475,5,4,1,0,0,14,178.9,2,0,2,63.3,58.0,2.9,5.77,4,1,2,0.7,,1,,genuinely_improving,0.802,False
STU_0475,6,5,0,0,0,17,147.8,1,1,4,66.2,59.3,3.35,7.53,5,1,1,0.8,0.91,0,4.0,genuinely_improving,0.864,False
STU_0475,7,5,0,0,0,20,203.5,2,0,2,69.9,60.9,3.29,7.24,2,1,1,0.6,,0,,genuinely_improving,0.949,False
STU_0475,8,4,1,0,0,15,124.1,2,0,0,81.5,63.4,7.65,42.56,2,1,1,1.9,1.0,0,4.0,genuinely_improving,0.98,False
STU_0475,9,5,0,0,0,17,141.8,2,0,1,73.4,64.5,1.74,23.79,6,2,1,1.9,,0,,genuinely_improving,0.98,False
STU_0475,10,4,1,0,0,21,200.9,2,0,2,85.7,66.7,2.05,26.0,7,2,1,0.7,1.0,0,4.0,genuinely_improving,0.952,False
STU_0475,11,5,0,0,0,19,189.3,1,0,2,90.6,68.8,8.61,52.38,3,1,1,2.3,,0,,genuinely_improving,0.953,False
STU_0475,12,5,0,0,0,13,191.4,2,0,5,88.0,70.4,1.19,4.08,4,2,1,2.0,1.0,0,5.0,genuinely_improving,0.969,False
STU_0475,13,5,0,0,0,20,165.4,3,0,2,94.2,72.3,1.8,6.38,5,2,1,2.2,,0,,genuinely_improving,0.959,False
STU_0475,14,4,1,0,0,21,140.7,2,0,1,95.6,73.9,3.77,10.74,3,1,2,1.0,0.81,0,5.0,genuinely_improving,0.944,False
STU_0475,15,5,0,1,0,21,171.6,2,0,1,94.8,75.3,0.29,0.32,1,2,1,1.6,,0,,genuinely_improving,0.98,False
STU_0475,16,5,0,0,0,24,208.3,2,0,3,100.0,76.9,2.21,5.27,2,1,1,2.0,1.0,0,4.0,genuinely_improving,0.932,False
STU_0476,7,5,0,0,0,17,158.7,2,0,0,84.8,84.8,0.0,0.0,0,0,0,0.4,,0,,transfer_student,0.658,False
STU_0476,8,4,1,2,1,14,188.3,2,0,6,80.4,82.6,-4.43,4.9,3,1,0,14.0,0.64,0,4.0,transfer_student,0.675,False
STU_0476,9,3,2,0,2,17,199.5,2,2,1,80.4,81.9,-2.22,4.38,0,1,1,2.1,,0,,transfer_student,0.721,False
STU_0476,10,4,1,0,1,18,164.5,2,0,2,74.3,80.0,-3.03,8.13,1,1,0,0.7,0.47,0,4.0,transfer_student,0.728,False
STU_0476,11,4,1,0,0,18,212.3,2,1,4,71.6,78.3,-4.39,13.46,3,0,1,0.1,,0,,transfer_student,0.732,False
STU_0476,12,4,1,1,1,17,138.8,2,0,1,83.7,79.2,4.66,26.66,0,1,0,2.7,0.45,0,4.0,transfer_student,0.714,False
STU_0476,13,4,1,1,0,14,167.6,1,0,2,85.4,80.1,6.88,37.56,3,0,0,0.1,,0,,transfer_student,0.749,False
STU_0476,14,4,1,2,0,17,148.6,2,0,3,79.0,79.9,-2.32,7.21,1,1,0,3.0,0.53,0,4.0,transfer_student,0.748,False
STU_0476,15,5,0,0,0,12,173.0,2,0,1,78.3,79.8,-3.55,10.16,1,0,0,2.6,,0,,transfer_student,0.767,False
STU_0476,16,5,0,0,0,16,122.1,3,0,5,82.9,80.1,1.95,4.15,0,1,0,0.9,0.51,0,4.0,transfer_student,0.771,False
STU_0477,7,4,1,0,0,14,146.0,2,1,1,74.4,74.4,0.0,0.0,2,1,1,0.3,,0,,transfer_student,0.758,False
STU_0477,8,5,0,0,0,16,153.2,1,1,3,82.3,78.3,7.91,15.66,2,0,0,1.0,0.31,1,3.0,transfer_student,0.755,False
STU_0477,9,5,0,1,0,16,136.5,2,0,0,79.5,78.7,2.58,10.76,3,1,0,6.5,,0,,transfer_student,0.749,False
STU_0477,10,5,0,1,0,13,143.3,2,2,4,92.8,82.2,5.27,32.8,2,1,0,1.5,0.61,0,4.0,transfer_student,0.752,False
STU_0477,11,4,1,2,0,15,162.3,2,1,4,85.2,82.8,2.86,29.63,3,1,0,1.1,,0,,transfer_student,0.74,False
STU_0477,12,4,1,0,1,19,196.7,2,2,0,73.4,81.3,-9.73,64.12,0,2,0,2.7,0.73,0,4.0,transfer_student,0.715,False
STU_0477,13,3,2,0,0,15,180.4,2,2,1,81.8,81.3,-1.73,24.9,2,0,0,0.3,,0,,transfer_student,0.715,False
STU_0477,14,4,1,0,1,18,179.2,2,1,1,79.4,81.1,3.0,12.53,0,1,0,2.0,0.11,0,4.0,transfer_student,0.724,False
STU_0477,15,5,0,1,0,13,156.2,3,0,2,82.2,81.2,0.21,1.56,3,1,1,0.0,,0,,transfer_student,0.776,False
STU_0477,16,4,1,1,1,17,161.0,2,0,1,79.0,81.0,-0.21,2.08,2,0,0,0.7,0.58,0,4.0,transfer_student,0.777,False
STU_0478,7,4,1,1,1,14,114.3,2,0,2,75.0,75.0,0.0,0.0,0,0,0,0.1,,0,,transfer_student,0.71,False
STU_0478,8,5,0,0,0,22,132.7,3,1,2,84.3,79.7,9.27,21.48,0,1,0,1.8,0.27,0,4.0,transfer_student,0.732,False
STU_0478,9,3,2,1,0,18,125.3,2,0,4,70.2,76.5,-2.41,34.21,4,1,0,3.1,,0,,transfer_student,0.717,False
STU_0478,10,4,1,0,1,14,123.9,2,0,5,83.1,78.2,-0.58,40.81,2,2,0,0.1,0.36,0,3.0,transfer_student,0.772,False
STU_0478,11,2,3,0,2,8,152.9,2,0,3,74.3,77.4,2.04,29.16,1,1,0,1.8,,0,,transfer_student,0.736,False
STU_0478,12,5,0,0,0,16,98.4,2,0,2,66.6,75.6,-8.25,45.51,2,0,0,1.9,1.0,0,4.0,transfer_student,0.742,False
STU_0478,13,5,0,1,0,16,167.9,2,0,1,73.5,75.3,-0.38,11.83,2,1,0,0.7,,0,,transfer_student,0.766,False
STU_0478,14,5,0,1,0,17,151.8,1,1,0,80.1,75.9,6.75,30.41,3,2,1,1.5,0.4,0,5.0,transfer_student,0.719,False
STU_0478,15,4,1,2,0,17,138.3,1,0,3,85.5,77.0,6.01,24.16,2,0,0,1.1,,0,,transfer_student,0.757,False
STU_0478,16,4,1,0,0,22,153.6,3,0,2,85.9,77.9,2.89,6.97,3,1,0,0.1,0.46,0,4.0,transfer_student,0.765,False
STU_0479,7,4,1,0,1,18,158.5,1,0,1,86.7,86.7,0.0,0.0,5,2,0,2.3,,0,,transfer_student,0.734,False
STU_0479,8,5,0,1,0,13,153.0,2,1,4,86.3,86.5,-0.46,0.05,2,0,0,0.4,0.95,0,4.0,transfer_student,0.758,False
STU_0479,9,4,1,0,1,16,143.6,2,1,3,88.4,87.1,0.83,0.83,1,1,1,0.8,,0,,transfer_student,0.762,False
STU_0479,10,5,0,0,0,14,136.6,2,0,2,97.7,89.8,5.73,24.82,5,1,0,0.7,0.64,0,3.0,transfer_student,0.79,False
STU_0479,11,5,0,0,0,21,167.4,3,0,1,75.7,87.0,-6.33,81.27,3,1,0,3.6,,0,,transfer_student,0.769,False
STU_0479,12,5,0,1,0,21,189.0,3,0,3,97.4,88.7,-0.15,106.07,2,0,0,2.7,0.46,0,5.0,transfer_student,0.83,False
STU_0479,13,5,0,0,0,20,186.3,1,1,1,86.7,88.4,5.48,78.43,2,1,1,0.7,,0,,transfer_student,0.864,False
STU_0479,14,5,0,0,0,22,181.0,2,0,1,83.1,87.7,-7.17,37.08,1,2,0,1.2,0.84,0,3.0,transfer_student,0.901,False
STU_0479,15,5,0,1,0,14,134.4,2,0,2,82.5,87.2,-2.11,3.46,2,1,0,0.2,,0,,transfer_student,0.868,False
STU_0479,16,5,0,0,0,15,154.5,2,0,1,86.8,87.1,1.84,3.6,2,2,0,0.6,0.83,0,5.0,transfer_student,0.895,False
STU_0480,7,5,0,0,0,14,137.6,2,0,2,74.0,74.0,0.0,0.0,3,1,0,2.4,,0,,transfer_student,0.638,False
STU_0480,8,3,2,0,0,18,139.4,2,0,1,64.7,69.3,-9.27,21.5,2,1,0,5.9,0.18,1,4.0,transfer_student,0.591,False
STU_0480,9,2,3,0,2,10,142.1,3,2,1,75.6,71.4,0.81,23.06,0,0,0,4.8,,0,,transfer_student,0.586,False
STU_0480,10,4,1,1,1,18,153.2,2,1,1,67.7,70.5,1.51,21.13,4,1,0,0.6,-0.07,0,4.0,transfer_student,0.611,False
STU_0480,11,5,0,1,0,12,106.7,2,0,1,66.2,69.6,-4.68,16.88,2,0,0,2.3,,0,,transfer_student,0.586,False
STU_0480,12,3,2,0,0,12,111.7,2,1,4,62.0,68.4,-2.84,5.8,1,1,1,1.4,-0.21,0,3.0,transfer_student,0.585,False
STU_0480,13,4,1,0,0,16,112.0,2,0,1,67.0,68.2,0.38,4.79,3,0,0,0.3,,0,,transfer_student,0.65,False
STU_0480,14,4,1,0,0,23,169.3,2,0,2,71.7,68.6,4.85,15.68,1,0,0,1.0,0.57,0,3.0,transfer_student,0.648,False
STU_0480,15,4,1,0,1,5,131.4,3,0,4,73.0,69.1,2.99,6.63,1,1,0,2.1,,1,,transfer_student,0.652,False
STU_0480,16,2,3,1,2,14,129.0,2,0,2,71.4,69.3,-0.15,0.46,1,0,1,4.1,0.28,1,3.0,transfer_student,0.629,False
STU_0481,7,4,1,0,1,21,151.8,1,2,1,75.2,75.2,0.0,0.0,2,2,0,3.2,,0,,transfer_student,0.729,False
STU_0481,8,5,0,1,0,15,137.0,2,0,3,69.1,72.1,-6.07,9.2,1,0,1,3.5,0.55,0,3.0,transfer_student,0.732,False
STU_0481,9,5,0,0,0,20,158.5,2,0,1,80.9,75.1,2.88,23.35,0,1,0,0.6,,0,,transfer_student,0.77,False
STU_0481,10,4,1,0,0,19,173.5,2,0,1,70.9,74.0,0.92,27.04,2,0,0,1.8,0.3,0,5.0,transfer_student,0.787,False
STU_0481,11,3,2,0,0,15,141.5,2,0,0,82.3,75.7,0.67,25.6,3,1,0,3.2,,0,,transfer_student,0.797,False
STU_0481,12,3,2,0,1,25,162.5,2,0,4,95.5,79.0,12.28,100.69,1,0,1,4.2,0.35,0,5.0,transfer_student,0.816,False
STU_0481,13,5,0,0,0,17,161.4,2,0,3,87.6,80.2,2.65,29.48,3,2,1,0.4,,0,,transfer_student,0.793,False
STU_0481,14,5,0,0,0,15,94.6,2,0,2,84.1,80.7,-5.7,22.75,0,0,0,0.4,1.0,0,5.0,transfer_student,0.774,False
STU_0481,15,4,1,1,0,10,131.5,2,0,1,87.3,81.4,-0.15,2.49,1,1,0,0.4,,0,,transfer_student,0.816,False
STU_0481,16,5,0,1,0,20,194.3,2,0,1,90.9,82.4,3.39,7.67,2,1,0,0.2,0.6,0,3.0,transfer_student,0.843,False
STU_0482,7,4,1,0,1,15,91.9,2,1,2,70.7,70.7,0.0,0.0,5,0,0,2.5,,1,,transfer_student,0.617,False
STU_0482,8,3,2,1,0,19,130.6,2,0,5,78.1,74.4,7.49,14.02,3,1,0,1.7,0.54,0,3.0,transfer_student,0.639,False
STU_0482,9,4,1,1,1,11,145.2,3,0,2,82.8,77.2,6.06,24.96,2,1,1,4.8,,1,,transfer_student,0.661,False
STU_0482,10,5,0,1,0,12,125.3,2,0,3,71.9,75.9,-3.14,20.01,2,1,0,1.0,0.55,0,3.0,transfer_student,0.657,False
STU_0482,11,5,0,1,0,13,105.2,2,0,2,68.8,74.4,-7.0,36.08,0,1,0,2.6,,0,,transfer_student,0.645,False
STU_0482,12,4,1,0,0,7,134.4,2,0,0,78.8,75.2,3.45,17.44,1,0,0,2.6,0.55,0,3.0,transfer_student,0.671,False
STU_0482,13,5,0,1,0,19,176.6,3,1,4,89.7,77.2,10.46,73.06,2,0,0,3.0,,0,,transfer_student,0.687,False
STU_0482,14,5,0,0,0,12,137.7,2,2,1,79.4,77.5,0.29,25.26,1,0,0,0.3,0.87,1,4.0,transfer_student,0.683,False
STU_0482,15,4,1,0,0,15,136.8,2,1,4,74.5,77.2,-7.62,40.39,3,0,0,2.4,,0,,transfer_student,0.708,False
STU_0482,16,5,0,0,0,17,161.0,2,0,2,77.7,77.2,-0.81,4.12,3,0,0,1.2,0.57,0,4.0,transfer_student,0.749,False
STU_0483,7,4,1,1,1,17,173.3,1,0,2,70.7,70.7,0.0,0.0,1,2,0,4.2,,1,,transfer_student,0.673,False
STU_0483,8,4,1,0,1,13,157.8,2,0,0,83.1,76.9,12.39,38.37,4,1,0,1.2,-0.08,0,3.0,transfer_student,0.734,False
STU_0483,9,4,1,0,0,19,157.6,2,0,3,79.5,77.8,4.41,27.11,1,1,0,1.4,,0,,transfer_student,0.741,False
STU_0483,10,5,0,0,0,16,169.5,2,0,2,66.2,74.9,-8.43,52.67,1,1,0,2.9,-0.03,0,5.0,transfer_student,0.747,False
STU_0483,11,5,0,1,0,20,168.8,2,0,2,79.8,75.9,0.13,40.09,2,2,0,3.7,,0,,transfer_student,0.739,False
STU_0483,12,4,1,0,0,19,149.3,2,1,2,77.5,76.2,5.65,35.17,2,1,0,5.1,0.25,0,5.0,transfer_student,0.745,False
STU_0483,13,4,1,1,0,18,172.9,1,0,1,84.5,77.3,2.33,8.33,2,1,0,0.5,,0,,transfer_student,0.791,False
STU_0483,14,5,0,0,0,15,162.0,2,0,2,71.8,76.6,-2.87,26.88,3,0,0,1.0,0.23,0,3.0,transfer_student,0.784,False
STU_0483,15,3,2,0,2,20,127.0,2,1,3,81.2,77.2,-1.63,28.93,2,0,0,0.7,,0,,transfer_student,0.825,False
STU_0483,16,5,0,1,0,21,154.0,2,0,0,77.5,77.2,2.86,15.05,1,2,0,0.1,0.56,0,5.0,transfer_student,0.824,False
STU_0484,7,4,1,0,0,13,171.6,2,0,1,77.2,77.2,0.0,0.0,1,0,0,6.2,,0,,transfer_student,0.69,False
STU_0484,8,5,0,1,0,20,155.5,1,0,0,78.1,77.7,0.84,0.18,2,0,0,0.2,0.32,0,4.0,transfer_student,0.662,False
STU_0484,9,5,0,0,0,15,140.5,2,0,1,83.2,79.5,2.98,6.92,1,1,0,0.9,,1,,transfer_student,0.692,False
STU_0484,10,5,0,0,0,13,189.4,2,0,2,88.5,81.8,5.21,18.08,1,1,0,1.9,0.9,0,4.0,transfer_student,0.724,False
STU_0484,11,5,0,2,0,11,169.7,2,0,0,84.9,82.4,0.85,4.89,1,0,1,5.1,,1,,transfer_student,0.75,False
STU_0484,12,4,1,0,0,13,140.1,2,0,1,80.4,82.0,-4.06,11.02,2,0,0,1.1,-0.35,0,3.0,transfer_student,0.723,False
STU_0484,13,3,2,0,1,13,100.5,2,0,2,74.7,81.0,-5.08,17.29,0,1,1,0.3,,0,,transfer_student,0.75,False
STU_0484,14,5,0,0,0,11,134.7,2,0,1,80.2,80.9,-0.07,6.93,3,1,0,5.8,0.84,0,4.0,transfer_student,0.693,False
STU_0484,15,4,1,2,1,18,105.9,2,0,1,80.9,80.9,3.11,7.72,5,0,0,1.0,,0,,transfer_student,0.7,False
STU_0484,16,5,0,0,0,13,95.1,2,2,2,93.1,82.1,6.42,34.72,0,1,0,7.3,0.65,0,3.0,transfer_student,0.708,False
STU_0485,7,3,2,0,1,15,109.7,2,0,4,71.5,71.5,0.0,0.0,5,1,0,2.4,,0,,transfer_student,0.678,False
STU_0485,8,5,0,1,0,11,106.3,1,0,2,70.9,71.2,-0.57,0.08,2,0,0,1.3,-0.38,0,4.0,transfer_student,0.697,False
STU_0485,9,5,0,0,0,14,159.3,2,0,0,77.2,73.2,2.83,7.89,2,0,1,3.8,,0,,transfer_student,0.705,False
STU_0485,10,3,2,0,0,17,141.4,2,1,1,79.6,74.8,4.34,13.36,3,1,0,4.9,0.48,0,3.0,transfer_student,0.729,False
STU_0485,11,5,0,0,0,16,161.2,2,0,1,80.9,76.0,1.89,2.45,2,2,0,0.1,,0,,transfer_student,0.752,False
STU_0485,12,4,1,0,0,14,176.1,3,0,3,81.3,76.9,0.82,0.51,2,1,1,7.9,0.13,0,4.0,transfer_student,0.734,False
STU_0485,13,5,0,1,0,12,181.1,2,0,0,79.8,77.3,-0.59,0.42,2,0,1,2.0,,0,,transfer_student,0.779,False
STU_0485,14,3,2,0,0,21,121.9,3,0,1,85.5,78.3,2.13,5.96,1,1,0,1.7,0.64,0,4.0,transfer_student,0.797,False
STU_0485,15,5,0,0,0,18,174.0,3,0,2,96.5,80.4,8.37,48.18,3,2,1,0.9,,0,,transfer_student,0.863,False
STU_0485,16,5,0,0,0,15,180.4,2,1,3,92.4,81.6,3.45,20.5,0,0,0,0.8,1.0,1,3.0,transfer_student,0.899,False
STU_0486,1,5,0,0,0,64,13.9,1,1,0,65.4,65.4,0.0,0.0,1,1,0,3.7,,0,,signal_gamer,0.573,False
STU_0486,2,5,0,0,0,72,10.7,1,2,0,68.1,66.7,2.7,1.82,0,0,1,1.1,-0.3,0,4.0,signal_gamer,0.543,False
STU_0486,3,2,3,0,2,73,10.0,2,2,0,60.8,64.8,-2.28,8.95,0,0,0,1.4,,0,,signal_gamer,0.499,False
STU_0486,4,3,2,1,0,65,12.9,1,1,0,62.4,64.2,-2.85,9.72,0,1,0,3.1,-0.97,1,1.0,signal_gamer,0.438,False
STU_0486,5,3,2,0,0,65,18.8,2,1,1,64.3,64.2,1.75,2.05,0,2,0,14.0,,1,,signal_gamer,0.412,False
STU_0486,6,4,1,2,0,46,13.7,2,1,0,54.0,62.5,-4.2,20.18,1,0,0,11.2,0.33,0,3.0,signal_gamer,0.362,False
STU_0486,7,4,1,3,0,75,15.2,2,1,0,41.8,59.5,-11.28,84.95,1,0,0,4.7,,0,,signal_gamer,0.31,True
STU_0486,8,3,2,2,1,60,16.8,1,0,0,56.5,59.2,1.26,41.29,0,0,0,0.6,-0.41,1,2.0,signal_gamer,0.302,True
STU_0486,9,5,0,0,0,68,6.7,1,0,0,55.7,58.8,6.97,45.73,1,1,0,8.0,,0,,signal_gamer,0.297,True
STU_0486,10,5,0,0,0,70,18.7,2,1,0,50.7,58.0,-2.88,6.5,0,0,1,5.0,-0.31,1,3.0,signal_gamer,0.275,True
STU_0486,11,4,1,1,0,73,10.1,1,1,0,56.5,57.8,0.37,6.46,1,0,0,1.6,,2,,signal_gamer,0.244,True
STU_0486,12,3,2,0,1,60,15.0,2,2,2,47.7,57.0,-1.54,13.32,0,0,0,7.5,-0.48,0,1.0,signal_gamer,0.233,True
STU_0486,13,3,2,0,1,51,14.4,1,1,0,38.2,55.5,-9.15,55.78,1,0,0,3.4,,0,,signal_gamer,0.165,True
STU_0486,14,3,2,1,1,49,14.8,1,1,0,38.0,54.3,-4.82,20.32,0,0,0,6.5,-0.77,0,2.0,signal_gamer,0.113,True
STU_0486,15,2,3,0,2,58,16.7,2,2,1,33.2,52.9,-2.47,5.27,0,0,0,14.0,,0,,signal_gamer,0.052,True
STU_0486,16,4,1,0,1,52,13.2,2,1,0,30.3,51.5,-3.88,10.24,0,1,0,1.8,-0.74,0,3.0,signal_gamer,0.024,True
STU_0487,1,3,2,1,0,83,10.8,2,0,0,55.8,55.8,0.0,0.0,0,1,0,2.4,,1,,signal_gamer,0.533,False
STU_0487,2,5,0,2,0,73,17.9,2,1,0,67.7,61.7,11.92,35.54,1,1,0,6.0,0.25,0,3.0,signal_gamer,0.501,False
STU_0487,3,3,2,1,0,62,7.3,2,1,0,59.1,60.9,1.67,25.23,0,0,0,0.5,,0,,signal_gamer,0.461,False
STU_0487,4,4,1,0,0,72,6.8,1,2,0,60.1,60.7,-3.8,14.72,0,1,0,0.8,-0.27,1,3.0,signal_gamer,0.444,False
STU_0487,5,2,3,0,1,60,15.3,1,0,0,56.8,59.9,-1.15,1.91,1,0,0,3.6,,0,,signal_gamer,0.421,False
STU_0487,6,3,2,1,1,77,10.2,1,1,1,61.9,60.2,0.87,4.38,0,0,0,5.0,-0.58,1,2.0,signal_gamer,0.369,False
STU_0487,7,5,0,3,0,67,7.0,2,0,1,61.2,60.4,2.18,5.0,1,0,0,11.4,,0,,signal_gamer,0.339,True
STU_0487,8,4,1,2,0,64,8.7,2,2,0,56.0,59.8,-2.9,6.72,0,1,0,1.6,-0.09,1,2.0,signal_gamer,0.301,True
STU_0487,9,3,2,1,0,61,10.9,1,2,0,50.0,58.7,-5.58,20.82,2,0,0,0.7,,1,,signal_gamer,0.271,True
STU_0487,10,3,2,1,1,77,12.6,2,1,0,48.2,57.7,-3.94,11.32,3,0,1,6.2,-0.56,0,3.0,signal_gamer,0.227,True
STU_0487,11,4,1,2,0,59,18.1,1,1,0,38.0,55.9,-6.0,27.88,0,0,0,1.2,,0,,signal_gamer,0.182,True
STU_0487,12,2,3,1,0,81,9.6,1,1,0,38.0,54.4,-5.11,23.08,0,0,0,6.9,-0.24,0,1.0,signal_gamer,0.133,True
STU_0487,13,3,2,1,1,81,10.3,2,1,1,44.2,53.6,3.09,8.57,0,0,0,5.2,,0,,signal_gamer,0.085,True
STU_0487,14,0,5,0,1,60,7.8,1,0,0,26.6,51.7,-5.67,52.9,0,0,0,10.8,-0.96,0,1.0,signal_gamer,0.023,True
STU_0487,15,2,3,1,1,49,11.9,1,2,1,34.3,50.5,-4.95,51.72,0,0,0,0.5,,0,,signal_gamer,0.02,True
STU_0487,16,3,2,0,1,68,10.3,1,0,0,38.9,49.8,6.16,25.82,0,0,0,0.6,-0.93,0,2.0,signal_gamer,0.02,True
STU_0488,1,4,1,1,0,56,11.0,1,1,0,70.0,70.0,0.0,0.0,1,1,0,0.9,,0,,signal_gamer,0.611,False
STU_0488,2,5,0,0,0,49,11.1,1,1,1,77.1,73.6,7.16,12.82,2,0,0,11.6,0.23,0,3.0,signal_gamer,0.597,False
STU_0488,3,3,2,0,0,51,11.5,1,0,0,68.8,72.0,-0.58,13.54,2,1,1,1.9,,0,,signal_gamer,0.515,False
STU_0488,4,3,2,1,0,56,7.3,2,0,0,58.7,68.7,-9.24,57.09,1,1,0,2.5,0.26,0,4.0,signal_gamer,0.425,False
STU_0488,5,2,3,0,2,71,6.6,2,0,0,62.3,67.4,-3.27,17.67,2,0,0,5.8,,1,,signal_gamer,0.346,False
STU_0488,6,3,2,1,2,66,10.4,2,1,0,48.8,64.3,-4.94,32.53,1,0,0,4.4,-0.0,0,1.0,signal_gamer,0.298,True
STU_0488,7,4,1,0,0,78,14.6,2,0,0,51.8,62.5,-5.22,33.39,2,0,0,0.1,,2,,signal_gamer,0.253,True
STU_0488,8,3,2,0,2,80,10.3,2,1,0,46.2,60.5,-1.27,5.21,0,0,0,5.8,-0.34,2,3.0,signal_gamer,0.216,True
STU_0488,9,2,3,1,2,67,14.3,1,0,1,46.4,58.9,-2.73,6.79,0,0,0,1.0,,1,,signal_gamer,0.155,True
STU_0488,10,4,1,2,1,51,16.5,1,1,1,28.9,55.9,-8.68,67.38,0,0,0,14.0,-0.91,2,1.0,signal_gamer,0.061,True
STU_0488,11,1,4,0,1,66,13.4,1,2,0,25.8,53.2,-10.3,82.16,0,0,0,0.7,,1,,signal_gamer,0.085,True
STU_0488,12,2,3,1,2,50,18.3,1,2,0,36.8,51.8,3.98,21.77,0,0,0,4.9,-0.64,0,1.0,signal_gamer,0.068,True
STU_0488,13,3,2,1,1,73,5.0,2,1,0,37.0,50.7,5.6,27.58,0,0,0,7.3,,2,,signal_gamer,0.02,True
STU_0488,14,4,1,2,0,68,13.1,1,0,0,38.1,49.8,0.62,0.32,0,0,0,10.0,-0.41,0,1.0,signal_gamer,0.02,True
STU_0488,15,4,1,2,0,54,14.6,2,0,1,39.3,49.1,1.19,0.94,0,0,0,1.6,,1,,signal_gamer,0.03,True
STU_0488,16,2,3,1,1,65,14.8,1,1,0,41.3,48.6,1.6,1.73,0,0,0,14.0,-1.0,0,1.0,signal_gamer,0.02,True
STU_0489,1,5,0,0,0,50,13.5,1,0,0,52.7,52.7,0.0,0.0,1,1,0,5.2,,0,,signal_gamer,0.505,False
STU_0489,2,4,1,0,1,64,15.9,2,0,1,67.2,60.0,14.49,52.51,4,0,0,0.6,0.39,1,3.0,signal_gamer,0.488,False
STU_0489,3,2,3,1,2,63,5.0,1,1,0,61.6,60.5,4.44,35.6,1,0,1,2.8,,0,,signal_gamer,0.466,False
STU_0489,4,3,2,1,0,63,10.5,1,1,1,53.8,58.8,-6.73,30.51,2,1,0,1.0,-0.43,0,3.0,signal_gamer,0.442,False
STU_0489,5,2,3,0,1,59,9.3,2,1,0,59.4,58.9,-1.11,10.95,1,1,0,7.5,,0,,signal_gamer,0.39,False
STU_0489,6,3,2,1,1,57,13.8,2,0,0,59.1,59.0,2.66,6.7,2,0,0,1.3,-0.76,0,3.0,signal_gamer,0.348,True
STU_0489,7,5,0,1,0,45,16.7,2,1,1,63.4,59.6,2.0,3.87,0,0,0,1.7,,0,,signal_gamer,0.303,True
STU_0489,8,3,2,0,0,80,12.6,2,1,0,53.5,58.8,-2.79,16.42,2,0,0,2.3,-0.33,1,2.0,signal_gamer,0.271,True
STU_0489,9,2,3,0,1,70,15.2,1,0,1,51.4,58.0,-5.99,27.3,1,0,0,9.8,,2,,signal_gamer,0.238,True
STU_0489,10,2,3,1,1,74,12.7,2,1,0,33.9,55.6,-9.81,77.48,2,0,0,1.9,-1.0,2,3.0,signal_gamer,0.219,True
STU_0489,11,2,3,0,1,63,6.4,2,1,1,57.6,55.8,3.08,100.94,0,0,0,4.0,,0,,signal_gamer,0.206,True
STU_0489,12,2,3,0,2,68,14.2,1,1,0,53.3,55.6,9.7,106.41,0,1,0,5.5,-0.3,2,1.0,signal_gamer,0.145,True
STU_0489,13,3,2,2,1,66,14.6,1,1,0,42.3,54.6,-7.63,41.23,1,0,0,10.1,,2,,signal_gamer,0.116,True
STU_0489,14,1,4,0,1,69,8.6,2,0,0,46.5,54.0,-3.38,20.33,0,0,0,0.5,-0.55,1,3.0,signal_gamer,0.105,True
STU_0489,15,3,2,0,1,75,12.0,2,0,0,51.9,53.8,4.79,15.36,1,0,0,7.9,,0,,signal_gamer,0.071,True
STU_0489,16,1,4,1,2,78,12.8,1,1,0,33.8,52.6,-6.38,57.92,0,0,0,9.9,-1.0,1,1.0,signal_gamer,0.02,True
STU_0490,1,3,2,1,1,56,9.5,1,0,1,74.9,74.9,0.0,0.0,2,0,0,7.6,,0,,signal_gamer,0.538,False
STU_0490,2,3,2,0,0,63,16.0,1,2,0,62.9,68.9,-11.98,35.87,2,1,0,0.0,-0.07,1,2.0,signal_gamer,0.522,False
STU_0490,3,5,0,1,0,69,13.3,2,0,1,61.1,66.3,-6.91,37.57,2,0,0,3.8,,0,,signal_gamer,0.49,False
STU_0490,4,3,2,1,0,81,11.5,2,0,2,61.4,65.1,-0.75,0.65,4,1,0,8.2,0.08,1,2.0,signal_gamer,0.496,False
STU_0490,5,4,1,0,0,59,10.0,2,2,1,73.4,66.7,6.14,32.58,1,0,0,6.7,,0,,signal_gamer,0.437,False
STU_0490,6,3,2,0,1,73,12.4,2,1,0,61.4,65.9,-0.01,31.67,1,0,0,3.0,-0.08,1,2.0,signal_gamer,0.356,False
STU_0490,7,3,2,0,0,80,8.3,2,0,1,61.8,65.3,-5.8,30.81,0,0,0,3.3,,0,,signal_gamer,0.343,True
STU_0490,8,4,1,0,0,62,22.6,1,1,1,45.8,62.8,-7.81,55.44,1,1,1,0.9,-0.78,0,3.0,signal_gamer,0.288,True
STU_0490,9,2,3,0,1,63,13.0,1,2,0,45.6,60.9,-8.09,57.42,1,0,0,3.5,,1,,signal_gamer,0.289,True
STU_0490,10,3,2,0,0,44,11.8,1,0,0,58.7,60.7,6.47,37.8,1,0,0,0.3,-0.93,0,2.0,signal_gamer,0.281,True
STU_0490,11,2,3,1,1,86,6.1,2,2,0,52.9,60.0,3.67,28.95,0,0,0,2.0,,0,,signal_gamer,0.254,True
STU_0490,12,3,2,0,1,85,10.8,1,1,1,45.6,58.8,-6.59,29.07,0,0,0,5.5,-0.46,1,2.0,signal_gamer,0.207,True
STU_0490,13,1,4,0,3,60,8.3,1,1,0,50.0,58.1,-1.48,9.18,0,0,0,8.3,,1,,signal_gamer,0.162,True
STU_0490,14,3,2,0,0,74,8.0,2,1,0,35.5,56.5,-5.03,36.71,0,0,0,3.5,-0.89,0,3.0,signal_gamer,0.157,True
STU_0490,15,2,3,0,1,56,8.2,1,1,0,31.7,54.8,-9.12,61.82,1,0,0,14.0,,2,,signal_gamer,0.113,True
STU_0490,16,3,2,1,1,57,12.6,2,1,1,39.7,53.9,2.13,10.7,0,0,0,7.4,-0.85,0,1.0,signal_gamer,0.061,True
STU_0491,1,5,0,1,0,71,13.9,2,2,0,47.6,47.6,0.0,0.0,1,1,0,10.4,,0,,signal_gamer,0.508,False
STU_0491,2,3,2,0,1,57,10.6,2,1,0,60.9,54.2,13.28,44.07,0,1,1,9.4,0.27,0,3.0,signal_gamer,0.57,False
STU_0491,3,5,0,0,0,90,8.8,1,0,0,70.0,59.5,11.19,84.48,0,0,0,3.4,,0,,signal_gamer,0.543,False
STU_0491,4,4,1,1,0,53,11.8,2,1,0,65.3,60.9,2.23,13.83,0,0,0,0.9,0.34,0,4.0,signal_gamer,0.484,False
STU_0491,5,4,1,2,0,69,19.7,1,1,0,61.0,60.9,-4.5,13.52,2,1,0,0.2,,1,,signal_gamer,0.418,False
STU_0491,6,3,2,2,0,57,11.7,2,1,0,55.4,60.0,-4.96,16.47,1,0,0,6.6,-0.24,0,3.0,signal_gamer,0.392,False
STU_0491,7,5,0,0,0,67,11.5,2,0,0,47.7,58.3,-6.61,29.36,0,0,0,6.6,,0,,signal_gamer,0.371,True
STU_0491,8,4,1,0,1,41,11.7,2,2,0,56.6,58.1,0.62,15.46,0,0,0,7.9,-0.14,0,2.0,signal_gamer,0.358,True
STU_0491,9,5,0,2,0,73,8.8,1,1,0,48.4,57.0,0.33,16.37,0,0,0,2.1,,2,,signal_gamer,0.335,True
STU_0491,10,3,2,1,2,87,6.8,1,0,0,50.8,56.4,-2.9,11.94,0,0,0,2.7,-0.46,0,3.0,signal_gamer,0.288,True
STU_0491,11,2,3,1,1,59,16.0,2,2,0,39.6,54.8,-4.38,23.16,0,0,0,5.3,,0,,signal_gamer,0.268,True
STU_0491,12,4,1,1,0,49,15.9,1,0,0,50.8,54.5,-0.01,27.86,0,0,0,0.2,-0.88,0,2.0,signal_gamer,0.256,True
STU_0491,13,4,1,3,0,66,9.3,1,2,0,56.5,54.7,8.42,49.01,2,0,0,0.7,,0,,signal_gamer,0.254,True
STU_0491,14,1,4,0,2,66,10.2,1,2,1,59.6,55.0,4.41,13.34,1,1,0,3.9,-0.19,1,3.0,signal_gamer,0.223,True
STU_0491,15,3,2,0,2,62,16.5,1,0,0,40.1,54.0,-8.17,73.11,0,0,0,13.5,,0,,signal_gamer,0.186,True
STU_0491,16,2,3,1,2,71,15.8,2,1,0,39.7,53.1,-9.99,86.67,0,0,0,13.0,-0.66,1,1.0,signal_gamer,0.093,True
STU_0492,1,4,1,0,0,50,8.1,2,1,0,78.6,78.6,0.0,0.0,2,0,0,0.9,,0,,signal_gamer,0.62,False
STU_0492,2,5,0,0,0,64,15.1,1,0,1,75.1,76.8,-3.48,3.03,0,1,0,3.9,0.3,0,3.0,signal_gamer,0.575,False
STU_0492,3,4,1,2,0,50,9.9,1,1,0,68.2,73.9,-5.21,18.78,1,0,0,0.9,,0,,signal_gamer,0.527,False
STU_0492,4,4,1,1,1,71,12.0,1,0,1,46.9,67.2,-14.12,144.46,2,1,0,0.1,-0.14,0,3.0,signal_gamer,0.477,False
STU_0492,5,3,2,0,0,74,16.7,2,1,0,67.8,67.3,-0.2,99.0,0,0,0,9.9,,1,,signal_gamer,0.468,False
STU_0492,6,5,0,2,0,64,15.5,1,1,0,68.9,67.6,11.01,102.55,2,0,0,3.3,-0.16,0,3.0,signal_gamer,0.482,False
STU_0492,7,4,1,1,1,66,7.8,1,1,1,59.7,66.4,-4.03,16.72,1,1,0,2.5,,0,,signal_gamer,0.378,False
STU_0492,8,4,1,1,1,56,14.9,1,1,0,63.2,66.0,-2.82,14.28,1,0,0,7.6,0.28,0,2.0,signal_gamer,0.36,True
STU_0492,9,4,1,2,1,52,9.7,1,0,0,45.9,63.8,-6.92,56.2,1,0,0,1.2,,0,,signal_gamer,0.334,True
STU_0492,10,2,3,1,2,59,13.5,1,1,0,48.7,62.3,-7.25,57.82,1,0,0,0.2,-0.07,0,2.0,signal_gamer,0.31,True
STU_0492,11,4,1,0,1,62,14.2,2,1,0,56.9,61.8,5.5,21.68,1,0,0,0.3,,1,,signal_gamer,0.292,True
STU_0492,12,3,2,0,1,52,9.3,1,0,0,38.8,59.9,-4.96,54.35,0,0,0,10.4,0.57,0,2.0,signal_gamer,0.225,True
STU_0492,13,4,1,0,0,65,20.5,2,0,0,45.0,58.7,-5.95,56.01,1,1,0,8.5,,0,,signal_gamer,0.187,True
STU_0492,14,4,1,0,0,71,9.6,1,2,0,39.5,57.4,0.32,7.58,1,0,0,0.1,-0.31,0,2.0,signal_gamer,0.145,True
STU_0492,15,1,4,0,1,65,9.6,1,0,1,39.6,56.2,-2.7,6.59,0,0,0,2.1,,0,,signal_gamer,0.143,True
STU_0492,16,3,2,2,1,65,6.6,1,0,1,40.5,55.2,0.5,0.2,1,0,0,1.4,-0.65,2,2.0,signal_gamer,0.103,True
STU_0493,1,5,0,1,0,80,12.0,1,2,1,70.1,70.1,0.0,0.0,2,1,0,3.4,,1,,signal_gamer,0.64,False
STU_0493,2,4,1,2,0,61,13.6,1,1,0,80.2,75.1,10.17,25.87,2,0,0,6.8,0.34,0,4.0,signal_gamer,0.648,False
STU_0493,3,3,2,0,1,69,5.3,1,0,0,54.5,68.3,-7.78,112.03,4,0,0,5.2,,1,,signal_gamer,0.597,False
STU_0493,4,3,2,0,1,55,17.4,1,1,0,60.8,66.4,-9.7,119.87,1,0,0,0.6,0.25,1,3.0,signal_gamer,0.612,False
STU_0493,5,3,2,0,1,66,10.7,1,0,0,79.6,69.1,12.58,114.13,0,0,0,0.5,,1,,signal_gamer,0.583,False
STU_0493,6,4,1,0,1,57,10.4,1,1,1,64.5,68.3,1.83,66.3,0,1,0,1.9,-0.14,0,3.0,signal_gamer,0.546,False
STU_0493,7,5,0,1,0,60,19.4,1,1,1,71.5,68.8,-4.06,38.31,0,1,0,4.5,,0,,signal_gamer,0.496,False
STU_0493,8,5,0,0,0,47,15.7,1,2,0,66.7,68.5,1.09,8.63,3,0,0,0.9,-0.63,0,3.0,signal_gamer,0.445,False
STU_0493,9,4,1,0,0,74,16.0,1,2,1,56.4,67.2,-7.58,39.92,1,0,0,0.8,,0,,signal_gamer,0.389,False
STU_0493,10,1,4,1,1,71,8.7,2,2,0,49.1,65.3,-8.78,51.92,0,0,0,3.1,-0.2,0,3.0,signal_gamer,0.353,True
STU_0493,11,4,1,0,1,45,11.8,1,0,1,46.9,63.7,-4.75,16.46,1,1,0,9.9,,0,,signal_gamer,0.251,True
STU_0493,12,4,1,1,0,56,14.0,2,2,0,49.4,62.5,0.15,1.3,0,1,0,8.1,-0.82,0,1.0,signal_gamer,0.208,True
STU_0493,13,2,3,0,2,59,18.2,1,0,0,36.6,60.5,-5.15,30.87,0,0,0,3.6,,0,,signal_gamer,0.116,True
STU_0493,14,3,2,1,1,68,5.2,1,2,0,44.2,59.3,-2.6,27.88,0,0,0,0.9,-1.0,1,2.0,signal_gamer,0.092,True
STU_0493,15,2,3,0,2,59,5.0,2,1,0,32.1,57.5,-2.24,25.15,1,0,0,1.5,,1,,signal_gamer,0.02,True
STU_0493,16,3,2,1,1,56,15.7,2,1,0,38.8,56.3,-2.72,24.68,0,0,0,4.2,-1.0,0,1.0,signal_gamer,0.02,True
STU_0494,1,4,1,0,0,16,155.5,2,0,2,85.7,85.7,0.0,0.0,5,2,0,0.6,,0,,acute_shock,0.839,False
STU_0494,2,5,0,1,0,18,133.1,2,0,1,80.2,83.0,-5.48,7.5,3,2,0,1.7,0.58,0,5.0,acute_shock,0.845,False
STU_0494,3,5,0,1,0,14,154.4,1,0,4,91.2,85.7,2.76,20.13,1,2,0,1.3,,0,,acute_shock,0.84,False
STU_0494,4,5,0,0,0,20,149.8,2,0,3,74.3,82.9,-2.94,48.88,4,1,0,0.6,0.57,0,5.0,acute_shock,0.795,False
STU_0494,5,5,0,0,0,15,168.9,2,0,3,95.4,85.4,2.1,82.93,2,0,1,0.4,,0,,acute_shock,0.848,False
STU_0494,6,4,1,0,0,21,176.9,2,0,2,90.0,86.2,7.85,79.93,3,0,0,0.9,0.22,0,5.0,acute_shock,0.902,False
STU_0494,7,0,5,0,0,14,86.9,2,1,1,35.9,79.0,-29.75,722.1,0,1,0,0.3,,1,,acute_shock,0.467,False
STU_0494,8,5,0,0,0,15,169.1,2,2,2,67.7,77.6,-11.15,493.23,0,1,0,0.2,0.03,1,4.0,acute_shock,0.738,False
STU_0494,9,5,0,0,0,17,201.7,2,0,4,95.6,79.6,29.85,594.78,3,0,0,0.4,,0,,acute_shock,0.943,False
STU_0494,10,3,2,0,2,19,173.6,1,0,0,92.2,80.8,12.25,154.37,4,1,0,2.4,1.0,0,4.0,acute_shock,0.915,False
STU_0494,11,4,1,0,0,23,150.1,2,0,3,80.8,80.8,-7.39,40.05,4,0,0,0.7,,0,,acute_shock,0.87,False
STU_0494,12,4,1,0,1,12,177.9,2,1,2,97.1,82.2,2.45,46.76,2,0,1,0.2,0.62,0,4.0,acute_shock,0.878,False
STU_0494,13,5,0,0,0,16,181.6,2,0,1,99.8,83.6,9.48,70.3,4,1,0,0.6,,0,,acute_shock,0.835,False
STU_0494,14,5,0,0,0,20,158.8,3,0,2,84.3,83.6,-6.44,45.91,4,1,0,0.7,0.89,0,4.0,acute_shock,0.868,False
STU_0494,15,5,0,1,0,17,152.7,1,0,3,91.9,84.2,-3.96,40.09,1,1,0,3.0,,1,,acute_shock,0.853,False
STU_0494,16,5,0,0,0,22,165.9,2,0,2,85.7,84.3,0.7,10.89,2,1,0,0.3,0.87,0,5.0,acute_shock,0.841,False
STU_0495,1,5,0,0,0,21,219.2,2,0,3,77.3,77.3,0.0,0.0,2,0,0,0.6,,0,,acute_shock,0.918,False
STU_0495,2,4,1,0,1,21,166.3,3,1,3,83.7,80.5,6.33,10.01,3,1,1,1.6,1.0,0,5.0,acute_shock,0.901,False
STU_0495,3,5,0,0,0,17,173.3,2,1,3,80.3,80.4,1.49,6.68,0,0,0,0.3,,0,,acute_shock,0.869,False
STU_0495,4,4,1,0,1,21,143.0,2,0,3,88.7,82.5,2.51,11.83,2,1,0,0.6,0.85,0,5.0,acute_shock,0.882,False
STU_0495,5,5,0,1,0,16,170.3,2,0,3,95.4,85.1,7.56,38.28,3,1,0,0.4,,0,,acute_shock,0.941,False
STU_0495,6,5,0,0,0,21,150.1,3,0,1,98.6,87.3,4.97,17.19,1,0,1,0.6,1.0,0,4.0,acute_shock,0.937,False
STU_0495,7,1,4,0,0,17,112.3,2,0,2,39.4,80.5,-28.04,740.86,2,0,0,5.5,,1,,acute_shock,0.51,False
STU_0495,8,4,1,0,0,16,149.9,2,0,1,70.2,79.2,-14.2,585.74,1,1,1,0.6,0.22,1,5.0,acute_shock,0.748,False
STU_0495,9,5,0,0,0,13,230.9,2,0,1,87.6,80.1,24.13,398.18,5,1,1,1.6,,0,,acute_shock,0.98,False
STU_0495,10,4,1,0,1,20,188.1,2,0,1,100.0,82.1,14.89,149.16,4,0,0,0.5,1.0,0,5.0,acute_shock,0.95,False
STU_0495,11,5,0,0,0,16,191.5,1,0,2,92.6,83.1,2.52,25.9,2,2,0,1.0,,0,,acute_shock,0.98,False
STU_0495,12,4,1,0,1,20,173.2,2,0,1,100.0,84.5,-0.0,12.03,6,1,0,0.6,0.98,0,3.0,acute_shock,0.942,False
STU_0495,13,5,0,0,0,19,184.8,2,0,5,87.2,84.7,-2.71,27.44,2,1,0,2.7,,0,,acute_shock,0.909,False
STU_0495,14,5,0,0,0,20,151.3,1,0,1,83.6,84.6,-8.18,49.35,3,0,1,1.3,0.55,0,4.0,acute_shock,0.925,False
STU_0495,15,4,1,0,1,14,151.3,2,0,3,93.3,85.2,3.07,16.1,2,0,0,0.0,,0,,acute_shock,0.891,False
STU_0495,16,5,0,0,0,12,211.2,2,0,3,80.0,84.9,-1.8,31.6,2,1,0,0.4,0.98,0,4.0,acute_shock,0.882,False
STU_0496,1,4,1,0,0,15,146.7,3,0,2,79.1,79.1,0.0,0.0,3,0,0,0.4,,0,,acute_shock,0.866,False
STU_0496,2,5,0,0,0,13,145.1,3,0,3,91.4,85.2,12.26,37.59,2,0,0,1.4,0.39,0,5.0,acute_shock,0.867,False
STU_0496,3,5,0,0,0,18,131.0,1,0,2,93.5,88.0,7.19,40.2,4,1,0,0.3,,0,,acute_shock,0.857,False
STU_0496,4,5,0,0,0,21,205.5,3,0,4,79.8,85.9,-5.79,36.31,2,0,0,0.5,1.0,0,5.0,acute_shock,0.884,False
STU_0496,5,5,0,0,0,15,172.0,2,0,1,84.0,85.5,-4.75,32.89,2,1,1,0.6,,0,,acute_shock,0.87,False
STU_0496,6,4,1,1,1,16,214.3,1,0,2,85.3,85.5,2.77,5.56,1,0,0,0.6,0.53,0,4.0,acute_shock,0.904,False
STU_0496,7,0,5,0,0,12,66.8,2,1,1,36.4,78.5,-23.77,516.85,5,0,1,0.1,,1,,acute_shock,0.41,False
STU_0496,8,3,2,0,1,15,95.5,1,0,4,61.5,76.4,-11.92,398.28,2,1,0,0.8,-0.55,1,3.0,acute_shock,0.589,False
STU_0496,9,4,1,0,0,10,173.8,2,0,1,91.9,78.1,27.75,514.84,2,1,0,1.0,,0,,acute_shock,0.832,False
STU_0496,10,5,0,0,0,12,163.0,2,0,3,89.8,79.3,14.16,192.59,1,2,0,0.4,0.11,0,5.0,acute_shock,0.871,False
STU_0496,11,4,1,0,1,15,197.6,1,0,2,79.9,79.3,-5.99,27.27,3,1,0,1.6,,0,,acute_shock,0.854,False
STU_0496,12,5,0,0,0,14,159.1,2,1,3,100.0,81.1,5.1,67.07,1,0,0,4.2,0.36,0,4.0,acute_shock,0.839,False
STU_0496,13,5,0,0,0,17,163.9,2,0,3,83.1,81.2,1.59,77.46,2,1,0,1.3,,0,,acute_shock,0.892,False
STU_0496,14,5,0,1,0,19,191.8,2,0,3,94.4,82.2,-2.78,49.26,0,1,0,3.0,1.0,0,4.0,acute_shock,0.94,False
STU_0496,15,5,0,0,0,14,147.2,2,0,1,98.6,83.3,7.72,42.56,1,0,1,0.8,,0,,acute_shock,0.954,False
STU_0496,16,5,0,0,0,20,236.6,1,0,3,100.0,84.3,2.78,5.57,5,2,0,0.5,1.0,0,4.0,acute_shock,0.957,False
STU_0497,1,4,1,0,0,12,195.1,2,0,1,90.9,90.9,0.0,0.0,3,0,0,0.1,,0,,acute_shock,0.847,False
STU_0497,2,5,0,0,0,18,151.4,3,1,2,85.6,88.2,-5.32,7.07,2,1,0,0.3,1.0,0,5.0,acute_shock,0.809,False
STU_0497,3,5,0,0,0,20,152.2,3,1,1,84.0,86.8,-3.44,8.68,5,2,0,0.7,,0,,acute_shock,0.787,False
STU_0497,4,4,1,0,0,15,151.3,2,1,0,90.5,87.8,2.47,7.68,5,1,0,0.3,0.24,0,4.0,acute_shock,0.807,False
STU_0497,5,4,1,0,0,20,151.7,1,0,1,94.2,89.1,5.11,17.85,0,1,0,1.6,,0,,acute_shock,0.815,False
STU_0497,6,3,2,0,1,14,177.8,2,1,3,83.5,88.1,-3.51,19.83,2,0,0,2.6,1.0,0,3.0,acute_shock,0.902,False
STU_0497,7,0,5,0,0,12,67.9,2,0,3,34.3,80.4,-29.97,680.77,0,1,0,0.2,,1,,acute_shock,0.386,False
STU_0497,8,4,1,0,1,16,172.2,2,1,0,66.4,78.7,-8.54,415.83,1,0,0,0.0,0.21,1,3.0,acute_shock,0.581,False
STU_0497,9,5,0,0,0,22,162.0,2,1,2,79.1,78.7,22.41,355.63,0,2,1,0.1,,1,,acute_shock,0.827,False
STU_0497,10,4,1,0,0,13,193.2,3,0,0,87.8,79.6,10.7,77.24,0,0,0,0.2,0.82,0,4.0,acute_shock,0.819,False
STU_0497,11,2,3,0,1,16,111.8,2,3,2,92.2,80.8,6.56,29.69,1,1,0,1.6,,0,,acute_shock,0.829,False
STU_0497,12,5,0,0,0,13,169.3,2,0,2,74.7,80.3,-6.57,55.68,3,1,0,1.7,0.34,1,4.0,acute_shock,0.809,False
STU_0497,13,5,0,0,0,17,125.2,2,0,1,65.8,79.2,-13.24,121.02,0,0,0,2.8,,0,,acute_shock,0.821,False
STU_0497,14,3,2,0,1,22,197.4,2,0,0,94.5,80.3,9.91,144.22,1,0,0,0.1,0.68,0,4.0,acute_shock,0.865,False
STU_0497,15,5,0,0,0,18,206.1,2,0,3,84.4,80.5,9.3,141.59,2,0,0,7.0,,0,,acute_shock,0.834,False
STU_0497,16,4,1,0,1,20,171.7,1,0,2,86.3,80.9,-4.12,19.35,1,1,0,0.3,0.14,0,4.0,acute_shock,0.909,False
STU_0498,1,5,0,1,0,17,188.4,2,1,3,90.8,90.8,0.0,0.0,1,0,1,1.0,,0,,acute_shock,0.869,False
STU_0498,2,5,0,0,0,16,180.8,1,0,2,91.5,91.2,0.71,0.13,2,0,0,1.1,0.84,0,3.0,acute_shock,0.862,False
STU_0498,3,5,0,0,0,19,155.5,2,0,6,82.3,88.2,-4.25,17.53,2,0,0,0.5,,0,,acute_shock,0.921,False
STU_0498,4,5,0,0,0,21,140.6,2,0,5,88.7,88.3,-1.4,14.88,2,2,1,0.3,0.61,0,5.0,acute_shock,0.92,False
STU_0498,5,5,0,0,0,15,140.7,1,0,5,96.1,89.9,6.92,31.95,2,1,0,0.8,,0,,acute_shock,0.92,False
STU_0498,6,5,0,0,0,18,176.4,2,0,1,82.2,88.6,-3.27,32.54,0,1,1,1.2,1.0,0,5.0,acute_shock,0.923,False
STU_0498,7,1,4,0,0,8,133.0,2,1,3,35.5,81.0,-30.33,672.91,3,1,0,2.1,,1,,acute_shock,0.43,False
STU_0498,8,3,2,0,0,12,147.6,2,0,0,73.8,80.1,-4.18,413.46,4,1,0,0.7,-0.44,1,2.0,acute_shock,0.655,False
STU_0498,9,5,0,0,0,18,177.6,2,0,3,88.9,81.1,26.72,506.13,3,1,0,1.7,,0,,acute_shock,0.9,False
STU_0498,10,4,1,0,1,14,198.9,2,0,2,91.2,82.1,8.68,59.4,2,1,1,0.8,0.68,1,5.0,acute_shock,0.884,False
STU_0498,11,5,0,0,0,13,181.3,1,0,2,96.4,83.4,3.74,9.81,2,0,0,0.2,,0,,acute_shock,0.869,False
STU_0498,12,5,0,0,0,16,180.0,2,0,1,93.8,84.3,1.31,4.54,1,0,0,0.2,0.81,0,4.0,acute_shock,0.897,False
STU_0498,13,4,1,0,1,18,215.8,2,0,2,90.0,84.7,-3.19,6.85,5,1,1,0.4,,0,,acute_shock,0.893,False
STU_0498,14,5,0,0,0,19,193.7,2,0,2,92.7,85.3,-0.54,2.52,3,1,0,1.7,0.35,0,5.0,acute_shock,0.905,False
STU_0498,15,5,0,0,0,18,172.1,2,0,2,91.0,85.7,0.5,1.24,2,2,0,1.1,,0,,acute_shock,0.904,False
STU_0498,16,5,0,0,0,20,179.8,2,0,2,77.7,85.2,-7.53,45.36,1,1,0,0.7,1.0,0,4.0,acute_shock,0.858,False
STU_0499,1,5,0,0,0,15,197.8,2,0,3,87.3,87.3,0.0,0.0,4,1,0,0.1,,0,,acute_shock,0.913,False
STU_0499,2,5,0,0,0,18,164.9,2,0,2,91.3,89.3,4.02,4.04,5,1,0,1.1,0.87,0,5.0,acute_shock,0.958,False
STU_0499,3,5,0,0,0,18,198.7,2,0,2,98.5,92.4,5.61,21.53,4,0,1,0.6,,0,,acute_shock,0.98,False
STU_0499,4,5,0,0,0,13,198.5,3,1,0,92.0,92.3,0.32,10.57,2,0,1,0.3,1.0,0,4.0,acute_shock,0.956,False
STU_0499,5,5,0,0,0,20,146.2,2,0,1,95.2,92.9,-1.65,7.15,3,2,1,0.0,,0,,acute_shock,0.945,False
STU_0499,6,5,0,1,0,21,174.9,2,0,3,88.1,92.1,-1.91,8.34,4,0,1,2.5,0.84,0,5.0,acute_shock,0.927,False
STU_0499,7,1,4,0,0,10,89.4,3,0,0,36.5,84.1,-29.35,684.81,2,1,0,0.3,,1,,acute_shock,0.451,False
STU_0499,8,5,0,0,0,15,137.7,2,0,1,67.1,82.0,-10.5,449.61,1,1,0,0.1,0.41,1,4.0,acute_shock,0.641,False
STU_0499,9,5,0,2,0,20,150.2,2,0,1,92.3,83.1,27.91,520.9,3,2,0,1.2,,0,,acute_shock,0.852,False
STU_0499,10,4,1,1,1,9,188.3,2,1,2,93.2,84.2,13.03,145.96,0,0,0,1.1,1.0,0,4.0,acute_shock,0.897,False
STU_0499,11,5,0,0,0,22,179.7,1,0,1,87.1,84.4,-2.59,7.17,3,0,0,0.7,,0,,acute_shock,0.893,False
STU_0499,12,5,0,1,0,24,109.4,2,0,2,79.1,84.0,-7.05,33.31,3,2,0,0.2,0.92,0,4.0,acute_shock,0.896,False
STU_0499,13,5,0,0,0,14,199.1,2,0,1,88.5,84.3,0.71,17.28,3,0,0,0.4,,0,,acute_shock,0.878,False
STU_0499,14,5,0,0,0,14,158.2,3,0,2,83.2,84.2,2.04,14.95,4,1,0,0.0,0.38,0,5.0,acute_shock,0.831,False
STU_0499,15,4,1,0,0,23,137.3,2,0,3,81.2,84.0,-3.65,9.53,4,2,0,0.2,,0,,acute_shock,0.863,False
STU_0499,16,5,0,1,0,18,177.8,3,1,1,86.0,84.2,1.39,3.75,1,1,0,0.4,0.16,0,4.0,acute_shock,0.872,False
STU_0500,1,4,1,1,0,14,182.2,2,0,4,95.6,95.6,0.0,0.0,1,2,1,0.8,,0,,acute_shock,0.857,False
STU_0500,2,3,2,0,1,11,184.1,3,1,4,94.3,95.0,-1.28,0.41,1,1,0,5.3,0.56,0,5.0,acute_shock,0.87,False
STU_0500,3,4,1,0,0,21,156.5,2,0,0,86.4,92.1,-4.62,16.72,4,1,0,2.4,,0,,acute_shock,0.916,False
STU_0500,4,5,0,1,0,18,157.6,2,0,4,85.4,90.4,-4.49,16.13,3,2,0,2.3,0.56,0,3.0,acute_shock,0.898,False
STU_0500,5,5,0,0,0,21,163.6,2,0,1,93.2,91.0,3.42,12.16,0,0,0,0.8,,0,,acute_shock,0.904,False
STU_0500,6,5,0,0,0,17,158.0,2,0,3,89.0,90.6,1.82,10.3,1,0,0,0.7,1.0,0,3.0,acute_shock,0.864,False
STU_0500,7,0,5,0,0,11,73.5,2,0,0,35.5,82.8,-28.84,689.33,3,0,0,8.7,,1,,acute_shock,0.383,False
STU_0500,8,5,0,0,0,13,106.9,2,1,1,67.3,80.8,-10.83,482.2,2,0,0,0.8,-0.04,1,4.0,acute_shock,0.612,False
STU_0500,9,5,0,0,0,13,131.7,2,0,1,83.9,81.2,24.2,403.13,2,0,1,0.9,,1,,acute_shock,0.823,False
STU_0500,10,4,1,1,0,16,161.0,3,0,4,82.4,81.3,7.54,56.1,1,1,0,0.6,1.0,0,4.0,acute_shock,0.819,False
STU_0500,11,4,1,1,1,12,138.4,3,0,2,69.7,80.3,-7.1,40.6,1,0,0,0.5,,0,,acute_shock,0.799,False
STU_0500,12,3,2,1,1,18,173.3,2,1,4,85.3,80.7,1.43,45.77,1,0,1,1.1,0.88,0,4.0,acute_shock,0.777,False
STU_0500,13,3,2,0,1,6,142.8,2,0,4,77.9,80.5,4.09,40.42,0,1,0,0.4,,0,,acute_shock,0.739,False
STU_0500,14,5,0,0,0,19,159.9,2,0,3,76.0,80.1,-4.64,16.03,0,0,0,3.5,0.52,0,3.0,acute_shock,0.747,False
STU_0500,15,5,0,0,0,17,222.4,2,0,2,93.7,81.0,7.91,63.04,1,1,1,0.2,,0,,acute_shock,0.825,False
STU_0500,16,5,0,1,0,19,206.2,2,0,4,83.1,81.2,3.53,52.94,2,0,0,0.3,1.0,0,3.0,acute_shock,0.8,False
